decision,notes,already_on_site,name,rating,reviews,price,cuisine,category,suggested_types,flag,address,postal_code,opening_hours,phone,website,maps_url,suggested_id,price_band,lat,lng,place_id
,,,Ruk Thai Tai Köök Kadriorg,5.0,117,$$,Thai,Thai Restaurant,restaurant; asian,,"A. Weizenbergi tn 9, 10150 Tallinn",10150,Mon 12:00-20:00; Tue 12:00-20:00; Wed 12:00-20:00; Thu 12:00-20:00; Fri 12:00-20:00; Sat 12:00-20:00; Sun closed,+372 5650 6357,http://www.rukthai.ee/,https://maps.google.com/?cid=4782107412051201906,ruk-thai-tai-kook-kadriorg,2,59.439020,24.778672,ChIJUdUjCV2TkkYRcg8TxVp1XUI
,,,Austerium oyster bar & wine,5.0,95,$$$,Seafood,Oyster Bar Restaurant,restaurant,,"Rävala pst 19, 10143 Tallinn",10143,Mon closed; Tue 17:00-21:00; Wed 17:00-21:00; Thu 17:00-21:00; Fri closed; Sat closed; Sun closed,+372 5622 3688,http://www.austerium.ee/,https://maps.google.com/?cid=12099634709869731183,austerium-oyster-bar-wine,3,59.430621,24.748519,ChIJcZzHCzeVkkYRb53FeamJ6qc
,,,Cannella Pizza Viimsi,5.0,79,$$,Pizza,Pizza Restaurant,restaurant,,"Ranna tee 46a, 12111 Tallinn",12111,Mon 16:00-21:00; Tue 16:00-21:00; Wed 16:00-21:00; Thu 16:00-21:00; Fri 16:00-21:00; Sat 13:00-21:00; Sun 13:00-21:00,+372 5454 0130,https://cannella.ee/,https://maps.google.com/?cid=3451055910177450133,cannella-pizza-viimsi,2,59.497084,24.829106,ChIJvx9-11CTkkYRlagj2hCd5C8
,,,Toro veinikohvik,4.9,435,$$,,Bar,pub,,"Lai 26, 10133 Tallinn",10133,Mon 14:00-20:00; Tue closed; Wed closed; Thu 18:00-23:00; Fri 18:00-01:00; Sat 18:00-01:00; Sun 17:00-22:00,+372 5621 1254,https://www.torowinebar.ee/,https://maps.google.com/?cid=2209930620704076770,toro-veinikohvik,2,59.439332,24.745262,ChIJRZlX09WTkkYR4jNT2TBAqx4
,,,Osteria Moderna Itaalia Restoran,4.9,415,$$,,Restaurant,restaurant,,"Tina tn 21, 10126 Tallinn",10126,Mon closed; Tue 16:00-21:30; Wed 16:00-21:30; Thu 16:00-21:30; Fri 16:00-22:00; Sat 16:00-22:00; Sun closed,+372 5387 8848,https://www.osteriamoderna.ee/,https://maps.google.com/?cid=11895670272430842404,osteria-moderna-itaalia-restoran,2,59.435926,24.770253,ChIJa-HQBOOVkkYRJCJqORbpFaU
,,,Kiosk NO 1,4.9,384,$,,Cafe,coffee; cheap-eats,,"Toompuiestee 22a, 10149 Tallinn",10149,Mon 09:00-19:00; Tue 09:00-19:00; Wed 09:00-19:00; Thu 09:00-19:00; Fri 09:00-19:00; Sat 10:00-19:00; Sun 10:00-19:00,+372 524 5645,http://www.kioskkohvik.ee/,https://maps.google.com/?cid=15765668084149419225,kiosk-no-1,1,59.435284,24.733185,ChIJhVJXTR2VkkYR2Xxwqpfnyto
,,,Precious café,4.9,293,$,,Coffee Shop,coffee; cheap-eats,,"Odra tn 12-1, 10144 Tallinn",10144,"Mon closed; Tue 07:30-08:30, 10:00-14:00, 15:00-17:00; Wed 07:30-08:30, 10:00-14:00, 15:00-17:00; Thu 07:30-08:30, 10:00-14:00, 15:00-17:00; Fri 07:30-08:30, 10:00-14:00, 15:00-17:00; Sat 11:00-14:00, 15:00-17:00; Sun closed",+372 5397 2381,http://www.precious.ee/,https://maps.google.com/?cid=9645018861052108122,precious-cafe,1,59.427690,24.772716,ChIJQ6QSwpuVkkYRWh30eI392YU
,,,Botaanik,4.9,283,$$,,Bar,pub,,"Suurtüki tn 2, 10133 Tallinn",10133,Mon closed; Tue closed; Wed closed; Thu 18:00-00:00; Fri 18:00-01:00; Sat 18:00-01:00; Sun closed,,http://www.botaanik.ee/,https://maps.google.com/?cid=11744768568126178402,botaanik,2,59.441106,24.745579,ChIJsROid2OTkkYRYoRVSMnM_aI
,,,HalaLish Telliskivi,4.9,243,$$,,Fast Food Restaurant,restaurant,,"Telliskivi tn 24, 10611 Tallinn",10611,Mon 12:00-00:00; Tue 12:00-00:00; Wed 12:00-00:00; Thu 12:00-00:00; Fri 12:00-01:00; Sat 12:00-01:00; Sun 12:00-00:00,+372 5835 7478,https://halalish.ee/,https://maps.google.com/?cid=11299354031685095655,halalish-telliskivi,2,59.435897,24.720951,ChIJsU62_W6VkkYR59D3EaBez5w
,,,Salt'sUp soolakohvik,4.9,235,$,,Cafe,coffee; cheap-eats,,"Tööstuse tn 33, 10413 Tallinn",10413,Mon 09:00-19:00; Tue 09:00-19:00; Wed 09:00-19:00; Thu 09:00-19:00; Fri 09:00-19:00; Sat 09:00-19:00; Sun 09:00-19:00,+372 5552 1228,https://blog.saltsup.com/saltsup-salt-cafe/,https://maps.google.com/?cid=5968923728274856253,salt-sup-soolakohvik,1,59.446756,24.731012,ChIJS79JMCeTkkYRPRk5k4Hg1VI
,,,Akadeemia Kohv,4.9,214,$,,Coffee Shop,coffee; cheap-eats,,"Akadeemia tee 24, 12611 Tallinn",12611,Mon 09:00-18:00; Tue 09:00-18:00; Wed 09:00-18:00; Thu 09:00-18:00; Fri 09:00-18:00; Sat 09:00-18:00; Sun 09:00-16:00,+372 5686 0674,https://akadeemiakohv.ee/,https://maps.google.com/?cid=16015525508568982112,akadeemia-kohv,1,59.397313,24.666831,ChIJI64XVgCVkkYRYCJ2nZiTQt4
,,,Veino,4.9,210,$$,,Wine Bar,pub,,"Rataskaevu tn 6, 10123 Tallinn",10123,Mon 18:00-23:00; Tue 18:00-23:00; Wed 18:00-23:00; Thu 18:00-23:00; Fri 14:00-01:00; Sat 14:00-01:00; Sun 14:00-23:00,+372 5429 0900,https://www.instagram.com/veinoveinikas/,https://maps.google.com/?cid=13866567210565109851,veino,2,59.437339,24.742808,ChIJBTEaMMeTkkYRWwjQ52jxb8A
,,,My Little France kohvik,4.9,192,$,,Coffee Shop,coffee; cheap-eats,,"Sakala tn 12, 10141 Tallinn",10141,Mon 08:00-19:00; Tue 08:00-19:00; Wed 08:00-19:00; Thu 08:00-19:00; Fri 08:00-19:00; Sat 09:00-19:00; Sun 09:00-16:00,+372 5691 1901,https://www.instagram.com/mylittlefrance_kohvik/,https://maps.google.com/?cid=4768812505101395122,my-little-france-kohvik,1,59.432187,24.748365,ChIJ2ZuwYyqVkkYRsmQCB7U5LkI
,,,Nora's Kitchen,4.9,166,$$,Filipino,Filipino Restaurant,restaurant; asian,,"Pärnu mnt. 32, 10141 Tallinn",10141,Mon closed; Tue 11:00-20:00; Wed 11:00-20:00; Thu 11:00-20:00; Fri 11:00-20:00; Sat 11:00-20:00; Sun 11:00-20:00,+372 8127 5709,https://noraskitcheneesti.com/,https://maps.google.com/?cid=11139560434017308639,nora-s-kitchen,2,59.430498,24.744872,ChIJ0zHU-reTkkYR3w-Z3zGrl5o
,,,Choco Boutique,4.9,134,,,Chocolate Shop,restaurant,,"Voorimehe 5, 10146 Tallinn",10146,Mon closed; Tue 11:00-19:00; Wed 11:00-19:00; Thu 11:00-19:00; Fri 11:00-19:00; Sat 11:00-19:00; Sun 11:00-18:00,+372 5692 9220,http://www.chocoboutique.ee/,https://maps.google.com/?cid=14058956793319981197,choco-boutique,,59.437468,24.743953,ChIJS6NDxPSTkkYRjQBnSrdyG8M
,,,COLAB,4.9,123,$,,Coffee Shop,coffee; cheap-eats,,"Soo tn 42, 10414 Tallinn",10414,Mon closed; Tue 09:00-16:00; Wed 09:00-16:00; Thu 09:00-16:00; Fri 09:00-16:00; Sat 09:00-16:00; Sun closed,,https://colab.ee/,https://maps.google.com/?cid=2090125101814953139,colab,1,59.446857,24.734453,ChIJ_5smBQKTkkYRs7TOxbSdAR0
,,,Bagus Bali,4.9,117,$,Indonesian,Indonesian Restaurant,restaurant; asian; cheap-eats,,"Raudtee tn 15, 11621 Tallinn",11621,Mon closed; Tue 12:00-19:00; Wed 12:00-19:00; Thu 12:00-19:00; Fri 12:00-20:00; Sat 12:00-20:00; Sun closed,+372 5687 6131,https://www.facebook.com/p/Bagus-Bali-61571619090499/,https://maps.google.com/?cid=2623149960498310110,bagus-bali,1,59.385906,24.686810,ChIJL9dJDgCVkkYR3usUtP1MZyQ
,,,Kiosk NO 4,4.9,107,$,,Coffee Shop,coffee; cheap-eats,,"Valgevase tn 1, 10414 Tallinn",10414,Mon 08:00-19:00; Tue 08:00-19:00; Wed 08:00-19:00; Thu 08:00-19:00; Fri 08:00-19:00; Sat 09:00-19:00; Sun 09:00-19:00,+372 524 5645,https://kioskkohvik.ee/,https://maps.google.com/?cid=4428629112250801995,kiosk-no-4,1,59.444851,24.735406,ChIJ12l3BLGTkkYRS5-ptbamdT0
,,,Gambetta,4.9,103,$$,,Cocktail Bar,pub,,"Vene tn 12a, 10123 Tallinn",10123,Mon closed; Tue closed; Wed 17:00-01:00; Thu 17:00-01:00; Fri 17:00-02:00; Sat 17:00-02:00; Sun 17:00-00:00,+372 5697 2872,https://www.gambetta.ee/,https://maps.google.com/?cid=5398387124371542258,gambetta,2,59.437776,24.747615,ChIJf4fEsTiTkkYR8lA13Hzs6ko
,,,Balagan,4.9,98,$$,Middle Eastern,Middle Eastern Restaurant,restaurant,,"Kalma tn 11, 10411 Tallinn",10411,Mon closed; Tue 10:00-21:00; Wed 10:00-21:00; Thu 10:00-21:00; Fri 10:00-21:00; Sat 10:00-21:00; Sun 10:00-21:00,+372 512 5064,http://balagan.st/,https://maps.google.com/?cid=2703532413529299834,balagan,2,59.443323,24.734787,ChIJH24JGYaTkkYRehsr-2fghCU
,,,Sume Café,4.9,97,$$,,Coffee Shop,coffee,,"Kiikri tn 2-1113, 10159 Tallinn",10159,Mon 09:00-18:00; Tue 08:00-19:00; Wed 08:00-19:00; Thu 08:00-19:00; Fri 08:00-19:00; Sat 09:00-18:00; Sun 09:00-18:00,+372 5450 5415,,https://maps.google.com/?cid=8131422112111674039,sume-cafe,2,59.442016,24.784317,ChIJNVZyl5yTkkYRt0IsL1Sd2HA
,,,Karakter,4.9,89,$$,,Bar,pub,,"Tatari tn 64-2 floor, 10134 Tallinn",10134,Mon 17:00-00:00; Tue 17:00-00:00; Wed 17:00-00:00; Thu 17:00-00:00; Fri 17:00-02:00; Sat closed; Sun closed,,http://www.facebook.com/karakterbaar,https://maps.google.com/?cid=8352711770439163290,karakter,2,59.425684,24.746251,ChIJiZYK8FqVkkYRmh1AxBnL6nM
,,,Veska Söök ja Kook kohvik,4.9,81,$,,Restaurant,restaurant; cheap-eats,,"Mustjõe tn 43, 10617 Tallinn",10617,Mon 08:30-15:00; Tue 08:30-15:00; Wed 08:30-15:00; Thu 08:30-15:00; Fri 08:30-15:00; Sat closed; Sun closed,+372 5612 2156,http://www.veska.ee/,https://maps.google.com/?cid=12242521389811524425,veska-sook-ja-kook-kohvik,1,59.423820,24.684939,ChIJGxeLmCyVkkYRSWPWIlcs5qk
,,,Pastalicious,4.9,80,$$,,Restaurant,restaurant,,"Türi tn 7, 11314 Tallinn",11314,Mon closed; Tue 12:00-19:00; Wed 12:00-21:00; Thu 12:00-21:00; Fri 12:00-22:00; Sat 15:00-21:00; Sun closed,+372 5889 8654,,https://maps.google.com/?cid=14098388482821085546,pastalicious,2,59.409606,24.742414,ChIJYbmNIaCVkkYRalkC8KCJp8M
,,,Cannelle Cafe,4.9,72,$,,Bakery,bakery; cheap-eats,,"Ao tn 2, 10137 Tallinn",10137,Mon closed; Tue 09:00-17:00; Wed 09:00-17:00; Thu 09:00-17:00; Fri 09:00-17:00; Sat 10:00-17:00; Sun closed,+372 5592 0115,http://cannelle.ee/,https://maps.google.com/?cid=14475084372870020967,cannelle-cafe,1,59.434602,24.726617,ChIJLwibp7iVkkYRZ7-5eovU4cg
,,,Taboo,4.9,68,$$,,Bar,pub,,"Akadeemia tee 24, 12611 Tallinn",12611,Mon closed; Tue closed; Wed 19:00-00:00; Thu 19:00-00:00; Fri 19:00-02:00; Sat 19:00-02:00; Sun closed,+372 554 4815,https://taboo.ee/,https://maps.google.com/?cid=18191199584705448413,taboo,2,59.397374,24.666652,ChIJwc47IwCVkkYR3QmaJKQfdPw
,,,19.03 BAR,4.9,65,$$,,Cocktail Bar,pub,,"Müürivahe 16, 10146 Tallinn",10146,Mon 12:00-03:00; Tue 12:00-03:00; Wed 12:00-03:00; Thu 12:00-03:00; Fri 12:00-06:00; Sat 12:00-06:00; Sun 12:00-06:00,+372 5675 2663,http://1903.ee/,https://maps.google.com/?cid=11302040394670586870,19-03-bar,2,59.434968,24.745906,ChIJkUlqfDOVkkYR9rt0sdvp2Jw
,,,Restaurant Rataskaevu 16,4.8,6587,,,Restaurant,restaurant,,"Rataskaevu tn 16, 10123 Tallinn",10123,Mon 12:00-23:00; Tue 12:00-23:00; Wed 12:00-23:00; Thu 12:00-23:00; Fri 12:00-00:00; Sat 12:00-00:00; Sun 12:00-23:00,+372 642 4025,http://rataskaevu16.ee/,https://maps.google.com/?cid=769019694017834454,restaurant-rataskaevu-16,,59.436926,24.742430,ChIJAcfoe2KTkkYR1m02V1YbrAo
,,,Vegan Restoran V,4.8,3245,$$,Vegan / Vegetarian,Vegan Restaurant,restaurant; vegan,,"Rataskaevu tn 12, 10123 Tallinn",10123,Mon 12:00-23:00; Tue 12:00-23:00; Wed 12:00-23:00; Thu 12:00-23:00; Fri 12:00-23:00; Sat 12:00-23:00; Sun 12:00-23:00,+372 626 9087,http://www.veganrestoran.ee/,https://maps.google.com/?cid=3596886369407509786,vegan-restoran-v,2,59.437158,24.742531,ChIJofpVY2KTkkYRGqX6iRi16jE
,,,Väike-rataskaevu​,4.8,1546,$$,,Restaurant,restaurant,,"Niguliste tn 6, 10123 Tallinn",10123,Mon 18:00-23:00; Tue 18:00-23:00; Wed 18:00-23:00; Thu 18:00-23:00; Fri 18:00-00:00; Sat 12:00-00:00; Sun 18:00-23:00,+372 601 1311,http://rataskaevu16.ee/,https://maps.google.com/?cid=5539592102894662136,vaike-rataskaevu,2,59.436425,24.742901,ChIJIXcwdmKTkkYR-HGY5aqV4Ew
,,,Restoran Mimosa,4.8,1426,$$,,Restaurant,restaurant,,"Viljandi mnt 6, 11214 Tallinn",11214,Mon 12:00-21:00; Tue 12:00-21:00; Wed 12:00-21:00; Thu 12:00-21:00; Fri 12:00-22:00; Sat 12:00-22:00; Sun closed,+372 631 3001,http://www.restoranmimosa.ee/,https://maps.google.com/?cid=2938695815374271043,restoran-mimosa,2,59.391476,24.728022,ChIJ0dFwitiUkkYRQ3JPMkZYyCg
,,,The Kurze,4.8,1221,$$,,Restaurant,restaurant,,"Kopli tn 23, 10412 Tallinn",10412,Mon 12:00-22:00; Tue 12:00-22:00; Wed 12:00-22:00; Thu 12:00-22:00; Fri 12:00-23:00; Sat 12:00-23:00; Sun 12:00-21:00,+372 5682 2238,https://thekurze.ee/,https://maps.google.com/?cid=17296156696795361959,the-kurze,2,59.444223,24.721698,ChIJfcbci8STkkYRpzL7c-BKCPA
,,,MyShisha Estonia - Mere resto,4.8,1062,$$,Japanese,Hookah Bar,pub; asian,,"Mere pst 4, 10111 Tallinn",10111,Mon 13:00-23:00; Tue 13:00-23:00; Wed 13:00-00:00; Thu 13:00-00:00; Fri 13:00-02:00; Sat 13:00-02:00; Sun 13:00-23:00,+372 889 8888,http://shisha-estonia.ee/,https://maps.google.com/?cid=1272603195919251775,myshisha-estonia-mere-resto,2,59.438238,24.754350,ChIJi_xRHmGTkkYRPznLON0xqRE
,,,Whisper Sister,4.8,993,$$,,Cocktail Bar,pub,,"Pärnu mnt. 12, 10148 Tallinn",10148,Mon 18:00-00:30; Tue 18:00-00:30; Wed 18:00-00:30; Thu 18:00-00:30; Fri 18:00-02:30; Sat 18:00-02:30; Sun 18:00-00:30,+372 5874 7837,http://whispersister.ee/,https://maps.google.com/?cid=3389454351804873779,whisper-sister,2,59.434645,24.747329,ChIJwRoMF56UkkYRMzy7XcbCCS8
,,,Veinirestoran Dominic,4.8,636,$$$,Italian,Restaurant,restaurant,,"Vene tn 10, 10123 Tallinn",10123,Mon 12:00-23:00; Tue 12:00-23:00; Wed 12:00-23:00; Thu 12:00-23:00; Fri 12:00-23:00; Sat 12:00-23:00; Sun closed,+372 641 0400,https://www.restoran.ee/,https://maps.google.com/?cid=1163440819741877401,veinirestoran-dominic,3,59.437553,24.747300,ChIJu1VyJmKTkkYRmWTn6UJfJRA
,,,Rohe,4.8,546,$$,Vegan / Vegetarian,Vegan Restaurant,restaurant; vegan,,"Kopli tn 4, 10416 Tallinn",10416,Mon 09:00-21:00; Tue 09:00-21:00; Wed 09:00-21:00; Thu 09:00-21:00; Fri 09:00-21:00; Sat 09:00-21:00; Sun 09:00-21:00,+372 437 0095,http://www.rohekohvik.ee/,https://maps.google.com/?cid=16572602546247991922,rohe,2,59.441249,24.738167,ChIJx8U92MqTkkYRcoLY3DW2_eU
,,,In The 372 - Malaysian Kitchen - A Hidden Food Paradise,4.8,513,$$,Malaysian,Malaysian Restaurant,restaurant; asian,,"West Annex, Kopli tn 4, 10416 Tallinn",10416,Mon closed; Tue 17:00-21:30; Wed 16:00-21:30; Thu 17:00-21:30; Fri 17:00-21:30; Sat 13:00-21:30; Sun 13:00-21:30,+372 5851 2800,https://www.inthe372.ee/,https://maps.google.com/?cid=444719088875878959,in-the-372-malaysian-kitchen-a-hidden-food-paradise,2,59.441226,24.737387,ChIJHYfk4bqTkkYRLzpItaf1KwY
,,,KOGU Resto,4.8,468,$$$,,Restaurant,restaurant,,"Võrgu tn 6, 10415 Tallinn",10415,Mon closed; Tue 17:00-23:00; Wed 17:00-23:00; Thu 17:00-23:00; Fri 17:00-23:00; Sat 12:00-23:00; Sun 12:00-20:00,+372 550 1621,https://koguresto.ee/,https://maps.google.com/?cid=8861035876254323644,kogu-resto,3,59.445393,24.747801,ChIJFdzatuGTkkYRvJMhgi65-Ho
,,,"Port Desina Bistroo, Pitsa, Sushi, Šašlõkk",4.8,456,$,,Bistro,restaurant; cheap-eats,,"Paavli 1, Kopli tn 33, 10412 Tallinn",10412,Mon 09:00-19:00; Tue 09:00-19:00; Wed 09:00-19:00; Thu 09:00-19:00; Fri 09:00-22:00; Sat 11:00-22:00; Sun 11:00-19:00,+372 5822 5654,http://www.portdesina.ee/,https://maps.google.com/?cid=3338760764234988615,port-desina-bistroo-pitsa-sushi-saslokk,1,59.450112,24.708478,ChIJLa8A0V-TkkYRR_w8vjmpVS4
,,,Shaurma Kebab Õismäe,4.8,453,$,Middle Eastern,Turkish Restaurant,restaurant; cheap-eats,,"Õismäe tee 1c, 13511 Tallinn",13511,Mon 00:00-24:00; Tue 00:00-24:00; Wed 00:00-24:00; Thu 00:00-24:00; Fri 00:00-24:00; Sat 00:00-24:00; Sun 00:00-24:00,+372 5800 0808,https://shaurmakebab.ee/et,https://maps.google.com/?cid=11214898010542713224,shaurma-kebab-oismae,1,59.413139,24.654397,ChIJW74Q0COVkkYRiCmiTlJSo5s
,,,Pizzer,4.8,404,$$,Pizza,Pizza Restaurant,restaurant,,"Toompuiestee 37, 10149 Tallinn",10149,Mon 12:00-21:00; Tue 12:00-21:00; Wed 12:00-21:00; Thu 12:00-21:00; Fri 12:00-21:00; Sat 12:00-21:00; Sun 12:00-21:00,+372 550 2128,https://www.facebook.com/pizzeripizza/,https://maps.google.com/?cid=10372499915162989789,pizzer,2,59.440722,24.737686,ChIJRWkl2XyTkkYR3TQPjLeF8o8
,,,Garden Cafe,4.8,389,$$,,Restaurant,restaurant,,"Vana-Kalamaja tn 7a, 10412 Tallinn",10412,Mon closed; Tue 12:00-21:00; Wed 10:00-21:00; Thu 10:00-21:00; Fri 10:00-22:00; Sat 10:00-22:00; Sun 11:00-19:00,+372 550 4900,http://www.flowergarden.ee/,https://maps.google.com/?cid=8985909993158455547,garden-cafe,2,59.442511,24.737996,ChIJu0KfZUCTkkYR-7DXhYddtHw
,,,Vixen Vinoteek,4.8,327,$$,,Wine Bar,pub,,"Pagari tn 1, 10133 Tallinn",10133,Mon 16:00-00:00; Tue 16:00-00:00; Wed 16:00-00:00; Thu 16:00-00:00; Fri 14:00-01:00; Sat 14:00-01:00; Sun 14:00-00:00,+372 5866 9505,https://www.vixen.ee/vinoteek,https://maps.google.com/?cid=8899795779741532365,vixen-vinoteek,2,59.440644,24.747338,ChIJmYxkmmOTkkYRzcADyRttgns
,,,Como restoran & pizzeria,4.8,307,$$,Italian,Italian Restaurant,restaurant,,"Narva mnt 36, 10120 Tallinn",10120,Mon 12:00-22:00; Tue 12:00-22:00; Wed 12:00-22:00; Thu 12:00-22:00; Fri 12:00-00:00; Sat 12:00-00:00; Sun 12:00-22:00,+372 554 1451,http://www.comorestoran.ee/,https://maps.google.com/?cid=8991008083365107301,como-restoran-pizzeria,2,59.438201,24.771510,ChIJbXAHLgCTkkYRZZakJTd6xnw
,,,New Thai Kalamaja,4.8,304,$$,Thai,Thai Restaurant,restaurant; asian,,"Vana-Kalamaja tn 18, 10414 Tallinn",10414,Mon 12:00-21:00; Tue 12:00-21:00; Wed 12:00-21:00; Thu 12:00-21:00; Fri 12:00-21:00; Sat 13:00-21:00; Sun 13:00-21:00,+372 5665 3952,http://newthai.ee/,https://maps.google.com/?cid=2313182755448457131,new-thai-kalamaja,2,59.443953,24.738111,ChIJ8xcZO7uTkkYRq4cQ13UTGiA
,,,Surfcafe Tallinn,4.8,286,$,,Coffee Shop,coffee; cheap-eats,,"Kopli tn 1, 10149, 10412 Tallinn",10412,Mon 09:00-20:00; Tue 09:00-20:00; Wed 09:00-20:00; Thu 09:00-20:00; Fri 09:00-20:00; Sat 09:00-20:00; Sun 09:00-18:00,+372 502 2868,https://www.instagram.com/surfcafe_tallinn,https://maps.google.com/?cid=16433647469619008545,surfcafe-tallinn,1,59.440915,24.735825,ChIJx8uo4nyTkkYRIVSj7k0LEOQ
,,,Kooker Kadaka tee,4.8,272,$,,Restaurant,restaurant; cheap-eats,,"Kadaka tee 5, 10621 Tallinn",10621,Mon 07:30-20:00; Tue 07:30-20:00; Wed 07:30-20:00; Thu 07:30-20:00; Fri 07:30-20:00; Sat 07:30-20:00; Sun 07:30-20:00,+372 5192 0709,https://kooker.ee/,https://maps.google.com/?cid=11499699043828444775,kooker-kadaka-tee,1,59.415973,24.680887,ChIJY7lAV7WVkkYRZy5LM1ojl58
,,,Kleo Gastro,4.8,271,$$,,Restaurant,restaurant,,"Pikk tn 37-A, 10133 Tallinn",10133,Mon 12:00-22:00; Tue 12:00-22:00; Wed 12:00-22:00; Thu 12:00-22:00; Fri 12:00-23:00; Sat 12:00-23:00; Sun 12:00-21:00,+372 524 3533,https://www.facebook.com/kleogastropub/,https://maps.google.com/?cid=16705180628810654479,kleo-gastro,2,59.439261,24.746613,ChIJHZmHcfGTkkYRD-P-KEa51Oc
,,,mitch matcha & more,4.8,271,$,,Cafe,coffee; cheap-eats,,"Müürivahe 15, 10140 Tallinn",10140,Mon 10:15-19:00; Tue 10:15-19:00; Wed 12:15-19:00; Thu 10:15-19:00; Fri 10:15-19:00; Sat 10:15-19:00; Sun 10:15-19:00,,https://www.instagram.com/mitch.matcha.more,https://maps.google.com/?cid=9812453750851670755,mitch-matcha-more,1,59.435451,24.747204,ChIJe8gLGACVkkYR45J2orLWLIg
,,,Ports Kitchen & Bar,4.8,271,$$,,Restaurant,restaurant,,"Pikk tn 36, 10133 Tallinn",10133,Mon 12:00-22:00; Tue 12:00-23:00; Wed 12:00-23:00; Thu 12:00-23:00; Fri 12:00-01:00; Sat 12:00-01:00; Sun 12:00-22:00,+372 5698 2886,https://ports.ee/,https://maps.google.com/?cid=16672793497553966913,ports-kitchen-bar,2,59.439769,24.747163,ChIJMdIrl8WTkkYRQZcli1mpYec
,,,Bopp Kohvik,4.8,265,$$,,Cafe,coffee,,"Komeedi tn 5, 10122 Tallinn",10122,Mon 09:00-20:00; Tue 09:00-20:00; Wed 09:00-20:00; Thu 09:00-20:00; Fri 09:00-20:00; Sat 09:00-18:00; Sun 09:00-18:00,+372 5667 7827,http://www.bopp.ee/,https://maps.google.com/?cid=859892770263869779,bopp-kohvik,2,59.427364,24.731683,ChIJBwzrLWqVkkYRUymBLOvz7gs
,,,Long Tang Tea Bar,4.8,261,,,Tea House,coffee,,"Lai 36a, 10133 Tallinn",10133,Mon 11:00-19:00; Tue 11:00-19:00; Wed 11:00-19:00; Thu 11:00-19:00; Fri 11:00-19:00; Sat 11:00-19:00; Sun 11:00-19:00,+44 7585 253427,https://instagram.com/longtangteabar?igshid=MWQ2ODkyMjM=,https://maps.google.com/?cid=9737990933605699756,long-tang-tea-bar,,59.440109,24.746564,ChIJ067mJWyTkkYRrNCK9yhLJIc
,,,Kooker Raekoja plats,4.8,247,$,,Restaurant,restaurant; cheap-eats,,"Tallinna raekoda, Raekoja plats 1, 10146 Tallinn",10146,Mon 11:00-20:00; Tue 11:00-20:00; Wed 11:00-20:00; Thu 11:00-20:00; Fri 10:00-20:00; Sat 10:00-20:00; Sun 10:00-20:00,+372 5197 1231,https://kooker.ee/,https://maps.google.com/?cid=9121891510279279569,kooker-raekoja-plats,1,59.437021,24.744984,ChIJ82k5pBqTkkYR0RPZrf93l34
,,,KÜÜSLAUK - Wok & Kebab,4.8,227,$$,,Restaurant,restaurant,,"Sadama tn 7, 10111 Tallinn",10111,Mon 11:30-21:00; Tue 11:30-21:00; Wed 11:30-21:00; Thu 11:30-21:00; Fri 11:30-21:00; Sat 11:30-21:00; Sun 12:00-20:00,+372 5424 0020,http://www.kuuslauk.eu/,https://maps.google.com/?cid=4638692778599232040,kuuslauk-wok-kebab,2,59.444461,24.754755,ChIJ6TVYVt6TkkYRKLKTWoHyX0A
,,,Kaheksa,4.8,211,$$,Spanish,Tapas Restaurant,restaurant,,"Suur-Karja tn 8, 10140 Tallinn",10140,Mon 12:00-23:00; Tue 12:00-23:00; Wed 12:00-23:00; Thu 12:00-23:00; Fri 12:00-00:00; Sat 12:00-00:00; Sun 12:00-22:00,+372 5886 8213,http://www.kaheksas.ee/,https://maps.google.com/?cid=5803404787744546936,kaheksa,2,59.435709,24.746088,ChIJU9O32D2TkkYReKBQHejViVA
,,,KIOSK NO 2,4.8,188,$,,Cafe,coffee; cheap-eats,,"Müürivahe 22, 10140 Tallinn",10140,Mon 09:00-18:00; Tue 09:00-18:00; Wed 09:00-18:00; Thu 09:00-18:00; Fri 09:00-18:00; Sat 10:00-18:00; Sun closed,+372 524 5645,http://www.kioskkohvik.ee/,https://maps.google.com/?cid=18018586737942271562,kiosk-no-2,1,59.435442,24.747463,ChIJmWrtKvaTkkYRShad7SvhDvo
,,,Nunne Õllekoda,4.8,184,$$,,Restaurant,restaurant,,"Rüütli 28, 10130 Tallinn",10130,Mon 12:00-20:00; Tue 12:00-20:00; Wed 12:00-20:00; Thu 12:00-22:00; Fri 12:00-22:00; Sat 12:00-00:00; Sun closed,+372 502 8901,https://www.facebook.com/nunneollekoda/,https://maps.google.com/?cid=6917640649224917211,nunne-ollekoda,2,59.434816,24.741761,ChIJtx3AcwCVkkYR25Da7IRlAGA
,,,Kalevi Nõmme šokolaadipood,4.8,180,,,Chocolate Shop,restaurant,,"Piiri 6, 11614 Tallinn",11614,Mon 09:00-18:00; Tue 09:00-18:00; Wed 09:00-18:00; Thu 09:00-18:00; Fri 09:00-18:00; Sat 09:00-18:00; Sun 09:00-17:00,+372 5454 1241,http://www.kalev.eu/,https://maps.google.com/?cid=14707344917197445206,kalevi-nomme-sokolaadipood,,59.388933,24.684442,ChIJ4znoMQWVkkYRVlizgkf8Gsw
,,,TukTuk,4.8,178,$$,Thai,Thai Restaurant,restaurant; asian,,"Tulika tn 19B, 10613 Tallinn",10613,Mon 11:00-21:00; Tue 11:00-21:00; Wed 11:00-21:00; Thu 11:00-21:00; Fri 11:00-21:00; Sat 12:00-21:00; Sun 12:00-20:00,+372 5619 3504,https://www.facebook.com/Tuktutaifoods/,https://maps.google.com/?cid=10760413053039670790,tuktuk,2,59.429250,24.720329,ChIJ6yq6WzzrkkYRBvbnHqmqVJU
,,,Mathilda on the Hill,4.8,165,$,,Bakery,bakery; cheap-eats,,"Toom-Kooli tn 21, 10130 Tallinn",10130,Mon closed; Tue 09:00-16:00; Wed 09:00-16:00; Thu 09:00-16:00; Fri 09:00-16:00; Sat 09:00-16:00; Sun closed,,https://www.instagram.com/mathildaonthehill/,https://maps.google.com/?cid=9302466234323784102,mathilda-on-the-hill,1,59.437146,24.738474,ChIJDxCIqs6VkkYRplHv58D_GIE
,,,Hungry Papa,4.8,158,$$,American,Hamburger Restaurant,restaurant,,"Tähesaju tee 11, 13917 Tallinn",13917,Mon closed; Tue 11:00-22:00; Wed 11:00-22:00; Thu 11:00-22:00; Fri 12:00-22:55; Sat 12:00-22:55; Sun 12:00-22:55,+372 5605 0130,https://hungrypapa.choiceqr.com/delivery/section:menuu-ja-tellimine,https://maps.google.com/?cid=12825846691712885789,hungry-papa,2,59.442981,24.855783,ChIJuaUoR5vtkkYRHWQqo5yP_rE
,,,Anatoolia Restoran,4.8,146,$$,,Restaurant,restaurant,,"Pärnu mnt. 146-51, 11317 Tallinn",11317,Mon 11:00-22:00; Tue 11:00-22:00; Wed 11:00-22:00; Thu 11:00-22:00; Fri 11:00-22:00; Sat 11:00-22:00; Sun 11:00-20:00,+372 5552 2628,http://www.anatoolia.eu/,https://maps.google.com/?cid=8197321466929495301,anatoolia-restoran,2,59.410028,24.735592,ChIJA15ccMqVkkYRBT0EYnG8wnE
,,,Le Lac Restoran,4.8,146,$$,,Restaurant,restaurant,,"Hotell Ülemiste, Lennujaama tee 2, 11101 Tallinn",11101,Mon 12:00-22:00; Tue 12:00-22:00; Wed 12:00-22:00; Thu 12:00-22:00; Fri 12:00-22:00; Sat 12:00-22:00; Sun 12:00-22:00,+372 698 9616,https://lelac.ee/,https://maps.google.com/?cid=3475927872371723531,le-lac-restoran,2,59.419633,24.793935,ChIJeUZdJrTrkkYRC42Y0fv5PDA
,,,Best Fries,4.8,142,$,,Fast Food Restaurant,restaurant; cheap-eats,,"Viru 26, 10140 Tallinn",10140,Mon 11:00-00:00; Tue 11:00-00:00; Wed 11:00-00:00; Thu 11:00-00:00; Fri 11:00-04:00; Sat 11:00-04:00; Sun 11:00-00:00,+372 5786 7400,https://golden-fry-conversion.lovable.app/,https://maps.google.com/?cid=9201248661160394376,best-fries,1,59.436467,24.750493,ChIJ3fx2SACTkkYRiP6AMuhmsX8
,,,Morel Bistroo,4.8,142,$$,,Restaurant,restaurant,,"Toom-Kuninga tn 21, 10122 Tallinn",10122,Mon 12:00-22:00; Tue 12:00-23:00; Wed 12:00-23:00; Thu 12:00-23:00; Fri 12:00-23:00; Sat 11:00-23:00; Sun closed,+372 517 3121,https://www.instagram.com/morelbistroo/,https://maps.google.com/?cid=12356734503417428679,morel-bistroo,2,59.426694,24.736032,ChIJ9eDhaQCVkkYRxzoC5I_we6s
,,,Raf Cafe,4.8,138,$,,Cafe,coffee; cheap-eats,,"Narva mnt 2, 10117 Tallinn",10117,Mon 09:00-20:00; Tue 09:00-20:00; Wed 09:00-20:00; Thu 09:00-20:00; Fri 09:00-20:00; Sat 09:00-20:00; Sun 11:00-19:00,,https://cafe-heart-connect.lovable.app/,https://maps.google.com/?cid=1033616367024509856,raf-cafe,1,59.437056,24.758267,ChIJF5Ny4jyTkkYRoJOGBpwkWA4
,,,Lumen Restaurant,4.8,134,$$$$,,Restaurant,restaurant; fine-dining,,"Rataskaevu tn 8, 10123 Tallinn",10123,Mon 17:00-23:00; Tue 17:00-23:00; Wed 17:00-23:00; Thu 17:00-23:00; Fri 14:00-23:00; Sat 14:00-23:00; Sun 12:00-21:00,+372 5451 1164,http://www.lumenresto.ee/,https://maps.google.com/?cid=13815012630074436081,lumen-restaurant,4,59.437278,24.742650,ChIJaVxO2wmTkkYR8Skfv8rIuL8
,,,Fika Bakery,4.8,133,$,,Coffee Shop,coffee; cheap-eats,,"Tehnika tn 117, 10139 Tallinn",10139,Mon 08:00-15:00; Tue 08:00-15:00; Wed 08:00-15:00; Thu 08:00-15:00; Fri 08:00-15:00; Sat 08:00-15:00; Sun 08:00-15:00,+372 5692 2250,https://www.facebook.com/fikaleibjakohv/,https://maps.google.com/?cid=15690570185531872887,fika-bakery,1,59.422633,24.734058,ChIJAXKezomVkkYRd1b2l3MawNk
,,,Kodu Coffee Roaster,4.8,125,$,,Coffee Shop,coffee; cheap-eats,,"Sadama tn 4, 10111 Tallinn",10111,Mon 08:00-18:00; Tue 08:30-18:00; Wed 08:30-18:00; Thu 08:00-18:00; Fri 08:00-18:00; Sat 08:00-18:00; Sun 08:00-18:00,+372 5690 6266,https://www.kodu.coffee/,https://maps.google.com/?cid=12950556719705897052,kodu-coffee-roaster,1,59.443675,24.755790,ChIJa3N4WbqTkkYRXDieubieubM
,,,Riva restoran,4.8,122,$$$$,,Restaurant,restaurant; fine-dining,,"Sadama tn 4-Ankur building, 10111 Tallinn",10111,Mon 12:00-23:00; Tue 12:00-23:00; Wed 12:00-23:00; Thu 12:00-23:00; Fri 12:00-23:00; Sat 12:00-23:00; Sun 11:00-21:00,+372 511 1457,https://riva-resto.ee/,https://maps.google.com/?cid=13083510621575911686,riva-restoran,4,59.443615,24.755318,ChIJad0PPgCTkkYRBhkVRpf3kbU
,,,300 klubi,4.8,119,$$,,Bar,pub,,"Vene tn 37, 10123 Tallinn",10123,Mon closed; Tue 18:00-00:00; Wed 18:00-00:00; Thu 18:00-00:00; Fri 16:00-04:00; Sat 16:00-04:00; Sun closed,+372 502 0919,https://www.facebook.com/300klubi,https://maps.google.com/?cid=13113403569155137324,300-klubi,2,59.440049,24.748620,ChIJLSoWlHyTkkYRLN_UfxEr_LU
,,,Baar Living Room ät.,4.8,118,$$,,Bar,pub,,"Kopli tn 4C, 10416 Tallinn",10416,Mon closed; Tue closed; Wed 15:00-20:00; Thu 15:00-20:00; Fri 17:00-23:00; Sat 17:00-23:00; Sun 15:00-20:00,,,https://maps.google.com/?cid=5252120627015338879,baar-living-room-at,2,59.441190,24.737519,ChIJt6bQnEGTkkYRf0vAIuJH40g
,,,Meathub Resto Bar,4.8,112,,,Restaurant,restaurant,,"Vene tn 6-1, 10123 Tallinn",10123,Mon 12:00-02:00; Tue 12:00-02:00; Wed 12:00-02:00; Thu 12:00-02:00; Fri 12:00-04:00; Sat 12:00-04:00; Sun 12:00-02:00,+372 5594 0440,https://meathub.ee/,https://maps.google.com/?cid=12679876530616700519,meathub-resto-bar,,59.437234,24.746889,ChIJ9dJS3zeTkkYRZ444E4b4968
,,,Aarde Pagari Leivabaar,4.8,111,$$,,Restaurant,restaurant,,"Telliskivi tn 60a-1, 10412 Tallinn",10412,"Mon 08:30-14:00; Tue 08:30-14:00; Wed 08:30-14:00; Thu 08:30-14:00, 18:00-23:00; Fri 08:30-14:00, 18:00-23:00; Sat 08:30-14:00, 18:00-23:00; Sun 08:30-14:00",+372 528 9933,http://www.aardepagar.ee/,https://maps.google.com/?cid=12660027096262369979,aarde-pagari-leivabaar,2,59.439556,24.728510,ChIJp27kJKaVkkYRu-KJf5Fzsa8
,,,BEP,4.8,111,$$,,Restaurant,restaurant,,"Kalma tn 11, 10414 Tallinn",10414,Mon 11:30-21:00; Tue 11:30-21:00; Wed 11:30-21:00; Thu 11:30-21:00; Fri 11:30-21:00; Sat 12:00-21:00; Sun 12:00-21:00,+372 5470 0076,https://www.bep.ee/,https://maps.google.com/?cid=17606840652751868985,bep,2,59.443047,24.735100,ChIJX6YpWhSTkkYROZQu5EkQWPQ
,,,Sõstramäe kohvik,4.8,111,$,,Cafe,coffee; cheap-eats,,"Sõstramäe tn 12, 13816 Tallinn",13816,Mon 11:00-15:00; Tue 11:00-15:00; Wed 11:00-15:00; Thu 11:00-15:00; Fri 11:00-15:00; Sat closed; Sun closed,+372 5606 6804,,https://maps.google.com/?cid=10412334190058415635,sostramae-kohvik,1,59.429000,24.861496,ChIJMXRRJ0btkkYREyYWaccKgJA
,,,LapsiLopsi Lastekohvik,4.8,103,$$,,Cafe,coffee,,"Linnamäe tee 37a-15, 13912 Tallinn",13912,Mon 10:00-21:00; Tue 10:00-21:00; Wed 10:00-21:00; Thu 10:00-21:00; Fri 10:00-21:00; Sat 10:00-21:00; Sun 10:00-21:00,+372 5668 7818,http://lapsilopsi.ee/,https://maps.google.com/?cid=1802575917651116598,lapsilopsi-lastekohvik,2,59.450033,24.875123,ChIJsyXcnTDtkkYRNsJEJD8JBBk
,,,Puusepa pitsa,4.8,95,$$,Pizza,Pizza Restaurant,restaurant,,"Marati tn 5, 11712 Tallinn",11712,Mon closed; Tue closed; Wed 14:00-21:00; Thu 14:00-21:00; Fri 16:00-22:00; Sat 12:00-22:00; Sun 12:00-19:00,+372 5626 7004,https://www.puusepapitsa.ee/,https://maps.google.com/?cid=17323302953276133287,puusepa-pitsa,2,59.456012,24.673880,ChIJ6b1hAgCTkkYRp89_0kC8aPA
,,,Pistoria Magia Pagariäri,4.8,91,$,,Bakery,bakery; cheap-eats,,"Trummi tn 16B, 12617 Tallinn",12617,Mon closed; Tue 10:00-16:00; Wed 10:00-16:00; Thu 10:00-16:00; Fri 10:00-16:00; Sat 10:00-16:00; Sun closed,+372 5567 2080,https://www.facebook.com/Pistoria-pagari%C3%A4ri-100498135473042,https://maps.google.com/?cid=10692611828973939507,pistoria-magia-pagariari,1,59.391808,24.654795,ChIJ8wLZu0KVkkYRM6she87JY5Q
,,,Veska Grill & Coffee,4.8,91,$,,Restaurant,restaurant; cheap-eats,,"Haabersti tn 3, 13516 Tallinn",13516,Mon 10:00-20:00; Tue 10:00-20:00; Wed 10:00-20:00; Thu 10:00-20:00; Fri 10:00-20:00; Sat 10:00-18:00; Sun 10:00-16:00,+372 5437 0301,http://www.veskagrill.ee/,https://maps.google.com/?cid=13788921564755177881,veska-grill-coffee,1,59.426141,24.644371,ChIJiwrwqD6UkkYRmbH0NhsXXL8
,,,APPETHAIZER - Thai cuisine,4.8,86,$,Thai,Thai Restaurant,restaurant; asian; cheap-eats,,"Urva tn 2, 12012 Tallinn",12012,Mon 12:00-19:00; Tue 12:00-19:00; Wed 12:00-19:00; Thu 12:00-19:00; Fri 12:00-19:00; Sat closed; Sun closed,+372 5306 2062,https://www.facebook.com/profile.php?id=100092391288155,https://maps.google.com/?cid=18090892524587156516,appethaizer-thai-cuisine,1,59.458115,24.830530,ChIJVR8qN4ftkkYRJITJxebCD_s
,,,Vixen Steakhouse,4.8,86,,,Restaurant,restaurant,,"Lai 44, 10133 Tallinn",10133,Mon closed; Tue closed; Wed 17:00-22:00; Thu 17:00-22:00; Fri 17:00-22:00; Sat 17:00-22:00; Sun 17:00-22:00,+372 5883 7200,https://www.vixen.ee/steakhouse,https://maps.google.com/?cid=5803098628273434638,vixen-steakhouse,,59.440737,24.746779,ChIJuQDZRyuTkkYRDnDLznS_iFA
,,,The Krypt Spooky Bar & Stage,4.8,81,,,Live Music Venue,restaurant,,"Pärnu mnt. 19, 10141 Tallinn",10141,Mon closed; Tue closed; Wed closed; Thu closed; Fri 19:00-02:00; Sat 19:00-02:00; Sun closed,,https://www.thekrypt.ee/events,https://maps.google.com/?cid=14483914480551533003,the-krypt-spooky-bar-stage,,59.431792,24.745941,ChIJHWIrhDiVkkYRyxlpInszAck
,,,Bunz Smash Burgers,4.8,77,$$,American,Hamburger Restaurant,restaurant,,"Odra tn 16, 10144 Tallinn",10144,Mon 11:30-23:00; Tue 11:30-23:00; Wed 11:30-23:00; Thu 11:30-23:00; Fri 11:30-23:00; Sat 11:00-23:00; Sun 11:00-21:00,+372 553 1289,https://bunz.ee/en/,https://maps.google.com/?cid=3514267080740346880,bunz-smash-burgers,2,59.427746,24.771901,ChIJb7aILRCVkkYRAJxgYUovxTA
,,,Vigur Harju - Chimney Cakes and Ice Cream,4.8,77,,,Ice Cream Shop,restaurant,,"Harju tn 26, 10130 Tallinn",10130,Mon 11:00-21:00; Tue 11:00-21:00; Wed 11:00-21:00; Thu 11:00-21:00; Fri 10:00-22:00; Sat 10:00-22:00; Sun 10:00-21:00,,,https://maps.google.com/?cid=10415173430571313686,vigur-harju-chimney-cakes-and-ice-cream,,59.435989,24.744520,ChIJbVNPeACTkkYRFipKmw0hipA
,,,Tête-à-tête,4.8,75,$,,Coffee Shop,coffee; cheap-eats,,"Toom-Rüütli tn 3-5, 10130 Tallinn",10130,Mon 09:00-18:00; Tue 09:00-18:00; Wed 09:00-18:00; Thu 09:00-18:00; Fri 09:00-18:00; Sat 09:00-18:00; Sun 09:00-18:00,+372 529 0350,,https://maps.google.com/?cid=8759496771987331560,tete-a-tete,1,59.437688,24.741072,ChIJKzkrLgCTkkYR6Fl8gef7j3k
,,,Coffee Grail House,4.8,72,$,,Coffee Shop,coffee; cheap-eats,,"Müürivahe 52, 10140 Tallinn",10140,Mon closed; Tue 11:00-18:00; Wed closed; Thu closed; Fri 11:00-18:00; Sat 11:00-18:00; Sun 11:00-18:00,,,https://maps.google.com/?cid=7083235974414724592,coffee-grail-house,1,59.438162,24.749636,ChIJ2YjLBvWTkkYR8O1BE5e1TGI
,,,Pirukapood,4.8,71,$,,Bakery,bakery; cheap-eats,,"Turu plats 8, 11614 Tallinn",11614,Mon closed; Tue 09:00-16:00; Wed 09:00-16:00; Thu 09:00-16:00; Fri 09:00-16:00; Sat 09:00-16:00; Sun closed,+372 5590 7576,http://pirukapood.ee/,https://maps.google.com/?cid=18072049452039893440,pirukapood,1,59.388639,24.683749,ChIJ7Q2hjPSVkkYRwHEhEDrRzPo
,,,Melt Froyo,4.8,68,,,Dessert Shop,restaurant,,"Telliskivi tn 60-2, 10412 Tallinn",10412,Mon 11:00-20:00; Tue 11:00-20:00; Wed 11:00-20:00; Thu 11:00-20:00; Fri 11:00-20:00; Sat 11:00-20:00; Sun 11:00-18:00,+372 5639 8024,http://www.meltproject.ee/,https://maps.google.com/?cid=17061625456894055357,melt-froyo,,59.440353,24.733189,ChIJdxAllK6TkkYRvZPu6PQRx-w
,,,Sju Cake House,4.8,68,,,Pastry Shop,restaurant,,"A. H. Tammsaare tee 137, 12913 Tallinn",12913,Mon 10:00-19:00; Tue 10:00-19:00; Wed 10:00-19:00; Thu 10:00-19:00; Fri 10:00-19:00; Sat 10:00-17:00; Sun closed,+372 5670 3706,https://sjucakehouse.ee/,https://maps.google.com/?cid=5796858313752605969,sju-cake-house,,59.408459,24.674771,ChIJd8_7f8SVkkYREXV-XOyTclA
,,,Kaja Pizza Köök,4.7,2477,$$,Pizza,Pizza Restaurant,restaurant,,"Õle tn 33, 10319 Tallinn",10319,Mon 11:30-19:00; Tue 11:30-19:00; Wed 11:30-19:00; Thu 11:30-19:00; Fri 11:30-19:00; Sat 11:30-19:00; Sun 11:30-19:00,+372 660 1611,http://kajapizza.ee/,https://maps.google.com/?cid=7672612065864270912,kaja-pizza-kook,2,59.439580,24.717237,ChIJvU1yboCUkkYRQEQ3zQWYemo
,,,Odesa Restaurant,4.7,2375,$$,Ukrainian,Ukrainian Restaurant,restaurant,,"Pikk tn 30, 10133 Tallinn",10133,Mon 16:00-23:00; Tue 11:00-23:00; Wed 11:00-23:00; Thu 11:00-23:00; Fri 11:00-23:00; Sat 11:00-23:00; Sun 11:00-23:00,+372 5302 5557,http://www.odessaresto.ee/,https://maps.google.com/?cid=17926067149592558,odesa-restaurant,2,59.439187,24.747139,ChIJj7Lgy2OTkkYR7terwKmvPwA
,,,Gelato Ladies,4.7,2165,,,Ice Cream Shop,restaurant,,"Uus tn 28-1, 10111 Tallinn",10111,Mon 11:00-21:00; Tue 11:00-21:00; Wed 11:00-21:00; Thu 11:00-21:00; Fri 11:00-21:00; Sat 11:00-21:00; Sun 11:00-21:00,+372 501 2618,http://www.gelatoladies.ee/,https://maps.google.com/?cid=11122792590709015878,gelato-ladies,,59.440923,24.749866,ChIJ53-c92OTkkYRRsWOH-4YXJo
,,,Pelmen kohvik,4.7,2080,$$,,Restaurant,restaurant,,"Vana-Viru tn 4-8, 10111 Tallinn",10111,Mon 11:00-22:00; Tue 11:00-22:00; Wed 11:00-22:00; Thu 11:00-23:00; Fri 11:00-23:00; Sat 11:00-23:00; Sun 11:00-22:00,+372 5304 8912,http://www.pelmen.ee/,https://maps.google.com/?cid=17923764673253337112,pelmen-kohvik,2,59.436872,24.750401,ChIJlaIvAoCTkkYRGOj1kgEBvvg
,,,Nikolay Bar-buffeé,4.7,1968,$$,,Cafe,coffee,,"Gonsiori tn 10, 10117 Tallinn",10117,Mon 09:00-21:00; Tue 09:00-21:00; Wed 09:00-21:00; Thu 09:00-21:00; Fri 09:00-21:00; Sat 09:00-21:00; Sun 10:00-21:00,+372 673 2060,http://nikolay.ee/,https://maps.google.com/?cid=6664369559631362114,nikolay-bar-buffee,2,59.434932,24.761269,ChIJpTuWpV-TkkYRQvjAHc6YfFw
,,,Tuljak,4.7,1524,$$$,European,Restaurant,restaurant,,"Pirita tee 26e, 12011 Tallinn",12011,Mon 12:00-23:00; Tue 12:00-23:00; Wed 12:00-23:00; Thu 12:00-23:00; Fri 12:00-23:00; Sat 12:00-23:00; Sun 12:00-22:00,+372 5302 2020,http://www.tuljak.ee/,https://maps.google.com/?cid=12634105294925058048,tuljak,3,59.448431,24.806755,ChIJGYdT9zWTkkYRANDjztNbVa8
,,,Kalev Rotermanni kvartal šokolaadipood,4.7,1371,,,Chocolate Shop,restaurant,,"Roseni tn 7, 10111 Tallinn",10111,Mon 10:00-19:00; Tue 10:00-19:00; Wed 10:00-19:00; Thu 10:00-19:00; Fri 10:00-19:00; Sat 10:00-19:00; Sun 11:00-18:00,+372 5452 5829,http://kalev.eu/,https://maps.google.com/?cid=214245455857002214,kalev-rotermanni-kvartal-sokolaadipood,,59.438838,24.755588,ChIJN8DsgJaTkkYR5iYZYxsn-QI
,,,Vesivärava Café,4.7,1352,$,,Coffee Shop,coffee; cheap-eats,,"Vesivärava tn 42, 10152 Tallinn",10152,Mon 07:30-19:00; Tue 07:30-19:00; Wed 07:30-19:00; Thu 07:30-19:00; Fri 07:30-19:00; Sat 09:00-19:00; Sun 10:00-18:00,+372 5645 9566,http://www.vesivarava.ee/,https://maps.google.com/?cid=10471119708353311711,vesivarava-cafe,1,59.434229,24.780525,ChIJEY2dU1eTkkYR37P9eOXjUJE
,,,Kentmanni Sõõrikukohvik,4.7,1263,$,,Cafeteria,coffee; cheap-eats,,"Kentmanni tn 21, 10116 Tallinn",10116,Mon 08:00-19:00; Tue 08:00-19:00; Wed 08:00-19:00; Thu 08:00-19:00; Fri 08:00-19:00; Sat 09:00-19:00; Sun 09:00-19:00,+372 660 5002,http://soorikukohvik.ee/,https://maps.google.com/?cid=7370459906860729081,kentmanni-soorikukohvik,1,59.429270,24.754116,ChIJnemElqGUkkYR-UKxIzwiSWY
,,,Ristikheina Cafe,4.7,1218,$$,,Coffee Shop,coffee,,"Ristiku tn 57, 10320 Tallinn",10320,Mon 08:00-19:00; Tue 08:00-19:00; Wed 08:00-19:00; Thu 08:00-19:00; Fri 08:00-19:00; Sat 09:00-18:00; Sun 09:00-18:00,+372 660 1701,http://www.ristikheinakohvik.ee/,https://maps.google.com/?cid=1131633646339996506,ristikheina-cafe,2,59.440280,24.714437,ChIJUw1yw3-UkkYRWrv5Qc5etA8
,,,Siga la Vaca,4.7,1166,$$,Korean,Restaurant,restaurant; asian,,"Vabriku tn 6-1, 10414 Tallinn",10414,Mon 12:00-22:00; Tue 12:00-22:00; Wed 12:00-22:00; Thu 12:00-22:00; Fri 12:00-22:00; Sat 12:00-22:00; Sun 12:00-21:00,+372 5395 7512,http://sigalavaca.ee/,https://maps.google.com/?cid=15194090551855772102,siga-la-vaca,2,59.442444,24.733270,ChIJFya2Fk2TkkYRxnF77NpA3NI
,,,Restoran Härg,4.7,1130,$$$,,Restaurant,restaurant,,"Maakri 21 (sissepääs, Tornimäe tn, 10145 Tallinn",10145,Mon 11:30-23:00; Tue 11:30-23:00; Wed 11:30-23:00; Thu 11:30-23:00; Fri 11:30-00:00; Sat 14:00-00:00; Sun closed,+372 5382 5003,https://resto.harg.ee/,https://maps.google.com/?cid=4655987249127532830,restoran-harg,3,59.432805,24.760120,ChIJ1y-et4CTkkYRHqn-DrxjnUA
,,,Kanuti Ramen Bar,4.7,1114,$$,Japanese,Ramen Restaurant,restaurant; asian,,"Aia tn 10a-1, 10111 Tallinn",10111,Mon 12:00-22:00; Tue 12:00-22:00; Wed 12:00-22:00; Thu 12:00-22:00; Fri 12:00-22:00; Sat 12:00-22:00; Sun 12:00-22:00,+372 5415 4004,https://www.facebook.com/Kanuti-Ramen-102080842036790/,https://maps.google.com/?cid=4299664477173281014,kanuti-ramen-bar,2,59.438594,24.751646,ChIJrfIVA0STkkYR9nBHtw96qzs
,,,Cantina Carramba,4.7,1103,$$,Mexican,Mexican Restaurant,restaurant,,"A. Weizenbergi tn 20, 10150 Tallinn",10150,Mon 13:00-22:00; Tue 13:00-22:00; Wed 13:00-22:00; Thu 13:00-22:00; Fri 13:00-22:00; Sat 13:00-22:00; Sun 13:00-20:00,+372 601 3431,http://www.carramba.ee/,https://maps.google.com/?cid=1633848136612458074,cantina-carramba,2,59.438591,24.784802,ChIJE_11clCTkkYRWi64RzmYrBY
,,,Kalamaja Bakery,4.7,1015,$,,Bakery,bakery; cheap-eats,,"Jahu tänav 11, 10415 Tallinn",10415,Mon 07:30-19:00; Tue 07:30-19:00; Wed 07:30-19:00; Thu 07:30-19:00; Fri 07:30-19:00; Sat 09:00-18:00; Sun 09:00-18:00,+372 5683 1399,https://www.pagarikoda.ee/,https://maps.google.com/?cid=9836702482043412394,kalamaja-bakery,1,59.446848,24.739758,ChIJj1TYVnqTkkYRqp9mU8r8gog
,,,KIUS,4.7,1012,$$,,Restaurant,restaurant,,"Turu plats 4, 11614 Tallinn",11614,Mon 09:00-22:00; Tue 09:00-22:00; Wed 09:00-22:00; Thu 09:00-22:00; Fri 09:00-23:00; Sat 10:00-23:00; Sun 10:00-22:00,+372 5333 3831,http://www.kius.ee/,https://maps.google.com/?cid=16491548718703301925,kius,2,59.388326,24.683885,ChIJodLiSQWVkkYRJdVbBi_A3eQ
,,,SNOOB RESTO,4.7,951,$$,,Restaurant,restaurant,,"Pärnu mnt. 209a, 11624 Tallinn",11624,Mon 12:00-22:00; Tue 12:00-22:00; Wed 12:00-22:00; Thu 12:00-22:00; Fri 12:00-23:00; Sat 12:00-23:00; Sun 12:00-21:00,+372 677 2000,https://www.snoobresto.ee/,https://maps.google.com/?cid=12182343519466081717,snoob-resto,2,59.388697,24.705734,ChIJyYVwSx-VkkYRtc2O2eJgEKk
,,,Grill ja Pruul Vanalinn,4.7,891,$$,American,Hamburger Restaurant,restaurant,,"Inseneri tn 2, 10111 Tallinn",10111,Mon 11:00-22:30; Tue 11:00-22:30; Wed 11:00-22:30; Thu 11:00-22:30; Fri 11:00-23:00; Sat 11:00-23:00; Sun 13:00-22:30,+372 5911 1905,https://www.facebook.com/grillpruul/,https://maps.google.com/?cid=996724861700359758,grill-ja-pruul-vanalinn,2,59.438059,24.751515,ChIJpUvTfUaTkkYRTkZzGPsT1Q0
,,,Ciao Ragazzi Restoran,4.7,863,$$,Italian,Italian Restaurant,restaurant,,"Tähesaju tee 11, 13917 Tallinn",13917,Mon 12:00-21:00; Tue 12:00-21:00; Wed 12:00-21:00; Thu 12:00-21:00; Fri 12:00-23:00; Sat 12:00-23:00; Sun 12:00-21:00,+372 673 0720,https://ragazziresto.ee/et,https://maps.google.com/?cid=3580692469197326396,ciao-ragazzi-restoran,2,59.443062,24.856014,ChIJoalc2jPtkkYRPEhsVNQssTE
,,,Cortile,4.7,754,,,Ice Cream Shop,restaurant,,"Lühike jalg 4, 10123 Tallinn",10123,Mon 12:00-20:30; Tue 12:00-20:30; Wed 12:00-20:30; Thu 12:00-20:30; Fri 12:00-20:30; Sat 12:00-20:30; Sun 12:00-20:30,,https://www.facebook.com/cortiletallinn/,https://maps.google.com/?cid=5086585967738266822,cortile,,59.436419,24.741750,ChIJPRAoh52UkkYRxqSG3vwul0Y
,,,Eho Sushi Tallinn,4.7,728,$$,Japanese,Sushi Restaurant,restaurant; asian,,"Sõpruse pst 209, 13419 Tallinn",13419,Mon 12:00-22:00; Tue 12:00-22:00; Wed 12:00-22:00; Thu 12:00-22:00; Fri 12:00-22:00; Sat 12:00-22:00; Sun 12:00-22:00,+372 522 7555,http://www.ehosushi.ee/,https://maps.google.com/?cid=6994539922666690879,eho-sushi-tallinn,2,59.400236,24.694596,ChIJj4biifmVkkYRPxnWQQCZEWE
,,,Restaurant Mantel & Korsten,4.7,727,$$$,,Restaurant,restaurant,,"Jaan Poska 19a, 10126 Tallinn",10126,Mon closed; Tue 17:00-23:00; Wed 17:00-23:00; Thu 17:00-23:00; Fri 17:00-23:00; Sat 14:00-23:00; Sun 14:00-22:00,+372 665 9555,http://www.mantel-korsten.ee/,https://maps.google.com/?cid=12934990303698154511,restaurant-mantel-korsten,3,59.435865,24.781860,ChIJrcVFo1CTkkYRD_QMESZRgrM
,,,Carlo's Kitchen Old Town,4.7,722,$$,Italian,Italian Restaurant,restaurant,,"Pikk tn 35, 10133 Tallinn",10133,Mon 09:00-22:00; Tue 09:00-22:00; Wed 09:00-22:00; Thu 09:00-22:00; Fri 09:00-23:00; Sat 09:00-23:00; Sun 09:00-22:00,+372 565 9969,https://carloskitchen.ee/,https://maps.google.com/?cid=15274522670675082034,carlo-s-kitchen-old-town,2,59.439131,24.746573,ChIJASklVWWTkkYRMjs963AB-tM
,,,Pho Bar,4.7,686,$$,Vietnamese,Vietnamese Restaurant,restaurant; asian,,"Tatari tn 6, 10116 Tallinn",10116,Mon 11:30-21:00; Tue 11:30-21:00; Wed 11:30-21:00; Thu 11:30-21:00; Fri 11:30-21:00; Sat 12:00-21:00; Sun 12:00-21:00,+372 5388 5900,https://phobar.ee/,https://maps.google.com/?cid=1222138952433793970,pho-bar,2,59.431851,24.746306,ChIJJ4Q_JuOVkkYRsvv77ebo9RA
,,,Barbar,4.7,625,$$,,Bar,pub,,"Müürivahe 36, 10140 Tallinn",10140,Mon closed; Tue closed; Wed 18:00-01:00; Thu 18:00-01:00; Fri 18:00-03:00; Sat 18:00-03:00; Sun closed,+372 5837 7788,https://barbarrockclub.com/,https://maps.google.com/?cid=1984390570869193766,barbar,2,59.436288,24.749308,ChIJDe9LgAGTkkYRJvxK4LX4iRs
,,,Little Japan Sushi Bar,4.7,599,$$,Japanese,Sushi Restaurant,restaurant; asian,,"Lootsi tn 3a, 10151 Tallinn",10151,Mon 12:00-22:00; Tue 12:00-22:00; Wed 12:00-22:00; Thu 12:00-22:00; Fri 12:00-22:00; Sat 12:00-22:00; Sun 12:00-22:00,+372 5637 7611,http://littlejapan.ee/,https://maps.google.com/?cid=17256371713980643952,little-japan-sushi-bar,2,59.441005,24.764313,ChIJM44fUlmTkkYRcDrqS6Xyeu8
,,,Philly Joe's Jazz Club,4.7,570,$$,,Bar,pub,,"Vabaduse väljak 10, 10146 Tallinn",10146,Mon closed; Tue 19:00-23:00; Wed 19:00-23:00; Thu 19:00-23:00; Fri 19:00-23:00; Sat 19:00-23:00; Sun closed,,http://phillyjoes.com/,https://maps.google.com/?cid=14266965657174432600,philly-joe-s-jazz-club,2,59.434323,24.744159,ChIJ0VVW8J6UkkYRWFuU8qxx_sU
,,,Hanköök,4.7,545,$$,Korean,Korean Restaurant,restaurant; asian,,"Tartu mnt 13, 10145 Tallinn",10145,Mon 11:30-15:00; Tue 11:30-18:00; Wed 11:00-18:00; Thu 11:30-18:00; Fri 11:30-18:00; Sat closed; Sun closed,+372 5360 9630,https://www.facebook.com/HankookKoreanRestaurant/,https://maps.google.com/?cid=13304919161147492475,hankook,2,59.434448,24.761192,ChIJ64RDduGVkkYRewh8DXyRpLg
,,,BWB Gastro Bar,4.7,511,$$,Belgian,Bar,pub,,"Vana-Viru tn 6, 10111 Tallinn",10111,Mon 12:00-23:00; Tue 12:00-23:00; Wed 12:00-23:00; Thu 12:00-23:00; Fri 12:00-02:30; Sat 12:00-02:30; Sun 12:00-23:00,+372 5684 1774,https://bwb.bar/,https://maps.google.com/?cid=8872791327055545012,bwb-gastro-bar,2,59.437007,24.750349,ChIJ57z_dl2TkkYRtAJQr7N8Ins
,,,Restaurant Tchaikovsky,4.7,506,$$$$,Russian,Restaurant,restaurant; fine-dining,,"Vene tn 9, 10123 Tallinn",10123,Mon 13:00-23:00; Tue 12:00-23:00; Wed 12:00-23:00; Thu 12:00-23:00; Fri 12:00-23:00; Sat 12:00-23:00; Sun 12:00-23:00,+372 600 0610,https://www.marriott.com/en-us/hotels/tllak-hotel-telegraaf-autograph-collection/dining/?scid=feed67b0-9a2f-4de1-8df6-114544116108,https://maps.google.com/?cid=17936289598092260433,restaurant-tchaikovsky,4,59.437867,24.747343,ChIJmSqCJmKTkkYRUbTS4luA6vg
,,,Charcoal Grill,4.7,496,$,,Fast Food Restaurant,restaurant; cheap-eats,,"Suur-Patarei tn 22, 10415 Tallinn",10415,Mon closed; Tue 14:00-22:00; Wed 12:00-22:00; Thu 12:00-22:00; Fri 12:00-22:00; Sat 12:00-22:00; Sun 12:00-22:00,+372 5622 1607,https://charcoalgrill.ee/online-menu,https://maps.google.com/?cid=18429771195515745865,charcoal-grill,1,59.448923,24.743440,ChIJL8spF9GTkkYRSTZx2EGzw_8
,,,Restaurant Friend's Mustamäe - Indian Restaurant,4.7,469,$$,Chinese,Asian Restaurant,restaurant; asian,,"E. Vilde tee 128, 12914 Tallinn",12914,Mon 11:00-22:30; Tue 11:00-22:30; Wed 11:00-22:30; Thu 11:00-22:30; Fri 11:00-22:30; Sat 11:00-22:30; Sun 11:00-22:30,+372 5647 6008,https://restoranfriends.ee/,https://maps.google.com/?cid=6216192079778254136,restaurant-friend-s-mustamae-indian-restaurant,2,59.403201,24.663007,ChIJd_KZ0MyVkkYROI3HAsNZRFY
,,,La Cantina 2.0 by Francesco Costa,4.7,429,$$,Italian,Italian Restaurant,restaurant,,"Staapli tn 3, 10415 Tallinn",10415,Mon 11:00-22:00; Tue 11:00-22:00; Wed 11:00-22:00; Thu 11:00-22:00; Fri 11:00-23:00; Sat 11:00-23:00; Sun 11:00-22:00,+372 5380 9889,http://lacantina.ee/,https://maps.google.com/?cid=7192872509176665275,la-cantina-2-0-by-francesco-costa,2,59.451886,24.728606,ChIJYfEinlCTkkYRu9QlCHA30mM
,,,Kohvipaus Rävala,4.7,415,$,,Coffee Shop,coffee; cheap-eats,,"Rävala pst 2, 10145 Tallinn",10145,Mon 07:00-17:00; Tue 07:00-17:00; Wed 07:00-17:00; Thu 07:00-17:00; Fri 07:00-17:00; Sat closed; Sun closed,+372 603 4312,https://kohvipaus.ee/,https://maps.google.com/?cid=15203981627308242059,kohvipaus-ravala,1,59.434099,24.759022,ChIJwyQKk1-TkkYRi_RFY7xk_9I
,,,HIKARU SUSHI&WINE,4.7,406,$$,,Restaurant,restaurant,,"Virmalise tn 24, 10131 Tallinn",10131,Mon 11:00-02:00; Tue 11:00-02:00; Wed 11:00-02:00; Thu 11:00-02:00; Fri 11:00-02:00; Sat closed; Sun 11:00-02:00,+372 565 9899,https://hikaru.ee/,https://maps.google.com/?cid=3092631382674941411,hikaru-sushi-wine,2,59.423150,24.738233,ChIJM4R87PuVkkYR46WQads76yo
,,,SÕLE GRILL,4.7,404,$$,,Family Restaurant,restaurant,,"Sõle tn 42b, 10317 Tallinn",10317,Mon 11:00-22:00; Tue 11:00-22:00; Wed 11:00-22:00; Thu 11:00-22:00; Fri 11:00-23:00; Sat 11:00-23:00; Sun 11:00-22:00,+372 5555 5483,http://s-grill.ee/,https://maps.google.com/?cid=4419599030795778008,sole-grill,2,59.443273,24.704426,ChIJVXhNl3iUkkYR2Dc-COeRVT0
,,,Delicia,4.7,315,$$,Italian,Italian Restaurant,restaurant,,"Lai 32, 10133 Tallinn",10133,Mon 12:00-23:00; Tue 12:00-23:00; Wed 12:00-23:00; Thu 12:00-23:00; Fri 12:00-23:00; Sat 12:00-23:00; Sun 12:00-23:00,+372 5350 1686,https://www.facebook.com/DeliciaItalianRestoran,https://maps.google.com/?cid=15721562666463819886,delicia,2,59.439623,24.745682,ChIJpdaVxouTkkYRbnie4PI1Lto
,,,SAI!,4.7,304,$,,Sandwich Shop,restaurant; cheap-eats,,"Pärnu mnt. 4, 10148 Tallinn",10148,Mon 11:00-20:00; Tue 11:00-20:00; Wed 11:00-20:00; Thu 11:00-20:00; Fri 11:00-20:00; Sat 11:00-20:00; Sun 11:00-20:00,+372 5567 4469,https://www.saisai.ee/,https://maps.google.com/?cid=16561852186773592395,sai,1,59.435816,24.749330,ChIJyz0HT8WVkkYRS5kqv9CE1-U
,,,Möku,4.7,275,$,,Bar,pub; cheap-eats,,"Telliskivi tn 57, 10412 Tallinn",10412,Mon 18:00-02:00; Tue 18:00-02:00; Wed 18:00-02:00; Thu 18:00-02:00; Fri 18:00-03:00; Sat 18:00-03:00; Sun closed,+372 655 5440,https://moku.ee/,https://maps.google.com/?cid=10995057556587455217,moku,1,59.440271,24.728647,ChIJA2cnhT-TkkYR8aJe6ZdKlpg
,,,La Pineta Restoran,4.7,271,$$$,Italian,Italian Restaurant,restaurant,,"Kalaranna tn 8-10, 10415 Tallinn",10415,Mon 12:00-22:00; Tue 12:00-22:00; Wed 12:00-22:00; Thu 12:00-22:00; Fri 12:00-23:00; Sat 11:00-23:00; Sun 11:00-21:00,+372 5300 4550,https://lapineta.ee/,https://maps.google.com/?cid=6363816747726742150,la-pineta-restoran,3,59.447368,24.747723,ChIJXbbNm7aTkkYRhiLvd53RUFg
,,,Time to Wine Bar and Shop,4.7,258,$$,Spanish,Wine Bar,pub,,"Kopli tn 6, 10412 Tallinn",10412,Mon 15:00-21:00; Tue 14:00-23:00; Wed 14:00-23:00; Thu 14:00-23:00; Fri 14:00-02:00; Sat 12:00-02:00; Sun 15:00-21:00,+372 5352 5555,https://timetowine.ee/,https://maps.google.com/?cid=2473051619123290262,time-to-wine-bar-and-shop,2,59.441542,24.736359,ChIJRwE85XyTkkYRlmAMRVgLUiI
,,,Piana Vyshnia,4.7,242,$,,Bar,pub; cheap-eats,,"Vana-Viru tn 14, 10148 Tallinn",10148,Mon 12:00-01:00; Tue 12:00-01:00; Wed 12:00-01:00; Thu 12:00-02:00; Fri 12:00-03:00; Sat 12:00-03:00; Sun 12:00-01:00,+372 5616 6729,https://pianavyshnia.com/en,https://maps.google.com/?cid=18443746808751645105,piana-vyshnia,1,59.436962,24.752545,ChIJZ-NAJheTkkYRseHi3gBa9f8
,,,Kohvik Lummus,4.7,231,$,,Cafe,coffee; cheap-eats,,"Müürivahe 20, 10140 Tallinn",10140,Mon 12:00-21:00; Tue 12:00-21:00; Wed 12:00-21:00; Thu 12:00-21:00; Fri 12:00-23:00; Sat 12:00-23:00; Sun 12:00-19:00,+372 5669 0443,http://www.kohviklummus.ee/,https://maps.google.com/?cid=7988722392007564224,kohvik-lummus,1,59.435283,24.747099,ChIJA3xK3WqVkkYRwNvRgLCk3W4
,,,iL FORNO Peterburi tee,4.7,225,$$,Italian,Italian Restaurant,restaurant,,"Peterburi tee 49, 11415 Tallinn",11415,Mon 11:00-21:00; Tue 11:00-21:00; Wed 11:00-21:00; Thu 11:00-21:00; Fri 11:00-22:00; Sat 12:00-22:00; Sun 12:00-20:00,+372 515 6269,http://www.ilforno.ee/,https://maps.google.com/?cid=4490866235818918361,il-forno-peterburi-tee,2,59.427338,24.813449,ChIJu7F7qVvtkkYR2UHIPwzDUj4
,,,Restaurant Friends Kristiine,4.7,216,$$,Indian,Indian Restaurant,restaurant; asian,,"Mustamäe tee 5, 10616 Tallinn",10616,Mon 11:00-22:30; Tue 11:00-22:30; Wed 11:00-22:30; Thu 11:00-22:30; Fri 11:00-22:30; Sat 11:00-22:30; Sun 11:00-22:30,+372 521 5864,http://www.kristiine.restoranfriends.ee/,https://maps.google.com/?cid=7107073533250734993,restaurant-friends-kristiine,2,59.426367,24.703752,ChIJ1Yfe-omUkkYRkYv9PblloWI
,,,UDU restoran,4.7,204,$$,,Restaurant,restaurant,,"Kai tn 4, 10111 Tallinn",10111,Mon 11:30-21:00; Tue 11:30-22:00; Wed 11:30-22:00; Thu 11:30-22:00; Fri 11:30-23:00; Sat 12:00-23:00; Sun 12:00-21:00,+372 5360 7889,https://reservation.uduresto.ee/,https://maps.google.com/?cid=9587597335455004230,udu-restoran,2,59.442637,24.755023,ChIJxxi3XxeTkkYRRvZGtfr8DYU
,,,CHOOYU Asian Restaurant,4.7,197,$$,,Restaurant,restaurant,,"Katusepapi tn 4-1, 11412 Tallinn",11412,Mon 10:00-22:00; Tue 10:00-22:00; Wed 10:00-22:00; Thu 10:00-22:00; Fri 10:00-22:00; Sat 10:00-22:00; Sun 10:00-22:00,+372 671 9077,http://chooyu.ee/,https://maps.google.com/?cid=14096738243936813976,chooyu-asian-restaurant,2,59.427550,24.782859,ChIJ4ZPNnxqVkkYRmIOEwb6socM
,,,The Gurkha’s Kitchen 🇳🇵,4.7,190,$$,,Restaurant,restaurant,,"Tartu mnt 13, 10145 Tallinn",10145,Mon 11:30-22:00; Tue 11:30-22:00; Wed 11:30-22:00; Thu 11:30-22:00; Fri 11:30-22:00; Sat 12:00-22:00; Sun 12:00-22:00,+372 5786 9021,,https://maps.google.com/?cid=5171906010601678925,the-gurkhas-kitchen,2,59.434574,24.760775,ChIJu8xXXGftkkYRTeieXR1Nxkc
,,,Rocket Bean Café,4.7,189,$,,Coffee Shop,coffee; cheap-eats,,"Vana-Kalamaja tn 8, 10412 Tallinn",10412,Mon 08:00-17:30; Tue 08:00-17:30; Wed 08:00-17:30; Thu 08:00-17:30; Fri 08:00-17:30; Sat 10:00-18:00; Sun 10:00-18:00,+372 5453 0442,https://rocketbean.com/,https://maps.google.com/?cid=3598870962322008371,rocket-bean-cafe,1,59.442038,24.738499,ChIJo7L4ux2TkkYRM-mrlRLC8TE
,,,Panoramic N5 Eesti Degustation Restaurant,4.7,180,$$,,Restaurant,restaurant,,"Raekoja plats 5, 10146 Tallinn",10146,Mon 11:00-23:00; Tue 11:00-23:00; Wed 11:00-23:00; Thu 11:00-00:00; Fri 11:00-01:00; Sat 10:00-01:00; Sun 11:00-00:00,+372 5668 6518,,https://maps.google.com/?cid=3642354965537417733,panoramic-n5-eesti-degustation-restaurant,2,59.437193,24.744270,ChIJz0_LQOiTkkYRBeq8Cos-jDI
,,,Pelm Restoran Ülemiste,4.7,176,$$,Russian,Russian Restaurant,restaurant,,"Suur-Sõjamäe tn 4, 11415 Tallinn",11415,Mon 11:00-21:00; Tue 11:00-21:00; Wed 11:00-21:00; Thu 11:00-21:00; Fri 11:00-21:00; Sat 11:00-21:00; Sun 11:00-19:00,+372 600 1018,https://www.pelm.ee/,https://maps.google.com/?cid=12341591356344283837,pelm-restoran-ulemiste,2,59.421907,24.794422,ChIJcYDmyivrkkYRvbLuNfMjRqs
,,,Uudistemaja Kohvik / Mahe Punane,4.7,156,$,,Cafe,coffee; cheap-eats,,"F. R. Kreutzwaldi tn 14, 10124 Tallinn",10124,Mon 09:00-18:00; Tue 09:00-18:00; Wed 09:00-18:00; Thu 09:00-18:00; Fri 09:00-18:00; Sat closed; Sun closed,+372 662 8222,http://www.mahepunane.ee/,https://maps.google.com/?cid=3411212406126382816,uudistemaja-kohvik-mahe-punane,1,59.435440,24.768497,ChIJF9qvzF6TkkYR4I6RKJwPVy8
,,,Kohvieri,4.7,152,$,,Food Store,restaurant; cheap-eats,,"Olevimägi 11, 10123 Tallinn",10123,Mon 10:00-18:00; Tue 10:00-18:00; Wed 10:00-18:00; Thu 10:00-18:00; Fri 10:00-18:00; Sat 10:00-18:00; Sun 10:00-17:00,+372 680 0976,http://kohvieri.ee/,https://maps.google.com/?cid=14245851110978990579,kohvieri,1,59.440412,24.748932,ChIJPeP662OTkkYR87EBkRtus8U
,,,Kopli Köök,4.7,148,$$,,Restaurant,restaurant,,"Marati tn 5, 11712 Tallinn",11712,Mon 11:00-16:00; Tue 11:00-16:00; Wed 11:00-16:00; Thu 11:00-16:00; Fri 11:00-16:00; Sat 11:00-16:00; Sun 11:00-16:00,+372 5688 3665,https://koplikook.ee/,https://maps.google.com/?cid=6433618928510780000,kopli-kook,2,59.456150,24.673751,ChIJIU_oIs-TkkYRYEIdJlTOSFk
,,,Pekingi Part Restoran,4.7,143,$$,Chinese,Chinese Restaurant,restaurant; asian,,"Tartu mnt 32, 10115 Tallinn",10115,Mon 11:00-22:00; Tue 11:00-22:00; Wed 11:00-22:00; Thu 11:00-22:00; Fri 11:00-22:00; Sat 11:00-22:00; Sun 11:00-22:00,+372 5594 0612,http://beijingrestoran.com/,https://maps.google.com/?cid=15089052349848211535,pekingi-part-restoran,2,59.431358,24.766966,ChIJEQomJgCVkkYRT9D5vSoVZ9E
,,,BurgerBros Tallinn,4.7,137,$,,Fast Food Restaurant,restaurant; cheap-eats,,"Pärnu mnt. 80, 10131 Tallinn",10131,Mon 11:00-20:30; Tue 11:00-20:30; Wed 11:00-20:30; Thu 11:00-20:30; Fri 12:00-23:30; Sat 12:00-23:30; Sun 11:00-20:30,+372 5566 2316,,https://maps.google.com/?cid=4935231813902814053,burgerbros-tallinn,1,59.423505,24.742014,ChIJ30ug0WOVkkYRZUvizy93fUQ
,,,Thai Stop,4.7,134,$$,Thai,Thai Restaurant,restaurant; asian,,"Koidu tn 108, 10139 Tallinn",10139,Mon 12:00-21:00; Tue 12:00-21:00; Wed 12:00-21:00; Thu 12:00-21:00; Fri 12:00-21:00; Sat 12:00-20:00; Sun 12:00-20:00,+372 5664 8575,https://thaistop.netlify.app/,https://maps.google.com/?cid=15279684945589107736,thai-stop,2,59.422173,24.736708,ChIJBdv9JzCVkkYRGPy4tYBYDNQ
,,,Plan B Wine bar,4.7,132,$$,,Wine Bar,pub,,"Kopli tn 20, 10412 Tallinn",10412,Mon closed; Tue closed; Wed 18:00-23:00; Thu 18:00-23:00; Fri 18:00-02:00; Sat 18:00-02:00; Sun closed,+372 612 0200,http://www.plan-b.ee/,https://maps.google.com/?cid=9092607835016885410,plan-b-wine-bar,2,59.441802,24.731890,ChIJfbGUU1qTkkYRonQduKZuL34
,,,Nautilus Oyster Bar,4.7,129,,Seafood,Seafood Restaurant,restaurant,,"Laeva tn 1, 10111 Tallinn",10111,Mon 12:00-23:00; Tue 12:00-23:00; Wed 12:00-23:00; Thu 12:00-23:00; Fri 12:00-00:00; Sat 12:00-00:00; Sun 12:00-23:00,+372 5780 7777,https://thenautilus.ee/,https://maps.google.com/?cid=4307584226131517369,nautilus-oyster-bar,,59.441096,24.757969,ChIJ13_M7OuTkkYRuR-l9gedxzs
,,,Pagari Liisu,4.7,127,$,,Bakery,bakery; cheap-eats,,"Vana-Veerenni tn 7, 10135 Tallinn",10135,Mon 09:00-17:30; Tue 09:00-17:30; Wed 09:00-17:30; Thu 09:00-17:30; Fri 09:00-17:30; Sat 10:00-16:00; Sun closed,+372 646 2718,https://www.pagariliisu.ee/,https://maps.google.com/?cid=14218596401931997991,pagari-liisu,1,59.426824,24.747921,ChIJ_Wjlj5iUkkYRJ9PNHRiaUsU
,,,Süüria Kebab,4.7,120,$,Asian,Asian Restaurant,restaurant; asian; cheap-eats,,"Tatari tn 42, 10134 Tallinn",10134,Mon 12:00-22:00; Tue 12:00-22:00; Wed 12:00-22:00; Thu 12:00-22:00; Fri 14:00-22:00; Sat 12:00-22:00; Sun 12:00-19:30,+372 5823 9047,,https://maps.google.com/?cid=6483638686595109069,suuria-kebab,1,59.427939,24.750168,ChIJezZPNwCVkkYRzVB7ngiD-lk
,,,Herne Kohvik TalTech,4.7,118,$,,Cafe,coffee; cheap-eats,,"Männiliiva tn 7, 11614 Tallinn",11614,Mon 11:00-19:00; Tue 11:00-19:00; Wed 11:00-19:00; Thu 11:00-19:00; Fri 11:00-19:00; Sat closed; Sun closed,+372 5628 6115,https://hernekohvik.ee/,https://maps.google.com/?cid=11579742142032610375,herne-kohvik-taltech,1,59.393609,24.678649,ChIJ5w2586OUkkYRR4R5RiCCs6A
,,,Karma Lounge,4.7,118,$$,,Hookah Bar,pub,,"Vana-Viru tn 6, 10111 Tallinn",10111,Mon 17:00-02:00; Tue 17:00-02:00; Wed 17:00-02:00; Thu 17:00-04:00; Fri 13:00-07:30; Sat 13:00-07:30; Sun 13:00-02:00,+372 5881 7711,https://www.karmalounge.ee/,https://maps.google.com/?cid=11029774173320727891,karma-lounge,2,59.437007,24.750349,ChIJNU7LIWSTkkYRU02PISyhEZk
,,,ChouChou,4.7,100,$,,Cafe,coffee; cheap-eats,,"Raua tn 65, J. Vilmsi tn 8, 10126 Tallinn",10126,Mon 10:00-18:00; Tue 10:00-18:00; Wed 10:00-18:00; Thu 10:00-18:00; Fri 10:00-20:00; Sat 10:00-20:00; Sun 10:00-18:00,,https://www.instagram.com/chouchou_tallinn/,https://maps.google.com/?cid=13824494803491936093,chouchou,1,59.437871,24.774639,ChIJP9oEUs6TkkYRXddeScd42r8
,,,Kaja Pizza Köök Punane Uks,4.7,100,$$,Pizza,Pizza Restaurant,restaurant,,"Rahumäe tee 27, 11614 Tallinn",11614,Mon 12:00-20:00; Tue 12:00-20:00; Wed 12:00-20:00; Thu 12:00-20:00; Fri 12:00-20:00; Sat 12:00-20:00; Sun 12:00-20:00,+372 5648 0114,https://kajapizza.ee/,https://maps.google.com/?cid=2971744877027544868,kaja-pizza-kook-punane-uks,2,59.388832,24.702973,ChIJ070a_ZGVkkYRJE9QfjjCPSk
,,,Arti Baar,4.7,93,$,,Bar,pub; cheap-eats,,"Sauna tn 10, 10140 Tallinn",10140,Mon closed; Tue closed; Wed 20:00-04:00; Thu 20:00-02:00; Fri 20:00-04:00; Sat 20:00-04:00; Sun closed,+372 5563 8984,,https://maps.google.com/?cid=6996077726710746649,arti-baar,1,59.436283,24.748312,ChIJ6fH9dcSTkkYRGc6dKaAPF2E
,,,Ame Restaurant,4.7,86,,,Restaurant,restaurant,,"Nunne tn 14, 10133 Tallinn",10133,"Mon 07:00-11:00, 12:00-23:00; Tue 07:00-11:00, 12:00-23:00; Wed 07:00-11:00, 12:00-23:00; Thu 07:00-11:00, 12:00-23:00; Fri 07:00-11:00, 12:00-23:00; Sat 07:00-11:00, 12:00-23:00; Sun closed",+372 677 6776,http://www.amerestoran.ee/,https://maps.google.com/?cid=4322114836112957417,ame-restaurant,,59.438908,24.742288,ChIJ_7Jwi5CTkkYR6V_1PIs8-zs
,,,Napoleon Café,4.7,85,$,,Coffee Shop,coffee; cheap-eats,,"Pärnu mnt. 48, 10119 Tallinn",10119,Mon 08:00-19:00; Tue 08:00-19:00; Wed 08:00-19:00; Thu 08:00-19:00; Fri 08:00-19:00; Sat 10:00-19:00; Sun closed,+372 5555 8590,http://napoleoncafe.ee/,https://maps.google.com/?cid=8653685258367203914,napoleon-cafe,1,59.428428,24.742130,ChIJ63RzPQCVkkYRSvoCr-QQGHg
,,,Striptease club - No Nuns,4.7,80,,,Restaurant,restaurant,,"Mere pst 8a, 10111 Tallinn",10111,Mon 22:00-06:00; Tue 22:00-06:00; Wed 22:00-06:00; Thu 22:00-06:00; Fri 22:00-08:00; Sat 22:00-08:00; Sun 22:00-06:00,+372 676 6200,https://nonuns.ee/,https://maps.google.com/?cid=4434728840964818492,striptease-club-no-nuns,,59.440445,24.754181,ChIJD9LD7tKTkkYRPEbjeGJSiz0
,,,Ramen Rush,4.7,78,$,Japanese,Ramen Restaurant,restaurant; asian; cheap-eats,,"Narva mnt 7, 10117 Tallinn",10117,Mon 11:00-22:00; Tue 11:00-22:00; Wed 11:00-22:00; Thu 11:00-22:00; Fri 11:00-22:00; Sat 11:00-22:00; Sun 11:00-22:00,+372 518 9884,,https://maps.google.com/?cid=10462996462213652646,ramen-rush,1,59.437441,24.759900,ChIJ870_wcOTkkYRpuBp2NgHNJE
,,,Raba kohvik,4.7,75,$$,,Restaurant,restaurant,,"Kopli tn 68a, 10412 Tallinn",10412,Mon 10:00-15:00; Tue 10:00-15:00; Wed 10:00-15:00; Thu 10:00-15:00; Fri 10:00-15:00; Sat closed; Sun closed,+372 5887 3324,http://www.rabakohvik.ee/,https://maps.google.com/?cid=13845609067073036666,raba-kohvik,2,59.445496,24.721254,ChIJkSbti72VkkYReuHQ3RZ8JcA
,,,Kaukaasia ahjuleib TONE mustika,4.7,74,$,,Bakery,bakery; cheap-eats,,"Mustikas Centre, Karjavälja tn 4, 12918 Tallinn",12918,Mon 10:00-20:00; Tue 10:00-20:00; Wed 10:00-20:00; Thu 10:00-20:00; Fri 10:00-20:00; Sat 10:00-18:00; Sun 10:00-18:00,+372 5814 7770,,https://maps.google.com/?cid=9682493409316223600,kaukaasia-ahjuleib-tone-mustika,1,59.410283,24.681351,ChIJh3gyb1qVkkYRcLpaqnQgX4Y
,,,Vesipapi Buffet,4.7,68,$,,Restaurant,restaurant; cheap-eats,,"Vesipapi tn 4, 10620 Tallinn",10620,Mon 08:00-15:00; Tue 08:00-15:00; Wed 08:00-15:00; Thu 08:00-15:00; Fri 08:00-15:00; Sat closed; Sun closed,,https://www.facebook.com/profile.php?id=100087639377872,https://maps.google.com/?cid=9242558340034333373,vesipapi-buffet,1,59.415353,24.692740,ChIJ7dW-Jr6VkkYRvQqSUdcpRIA
,,,LillGreen,4.7,64,$$,,Restaurant,restaurant,,"Roosikrantsi tn 2, 10119 Tallinn",10119,Mon 08:00-16:00; Tue 08:00-16:00; Wed 08:00-16:00; Thu 08:00-16:00; Fri 08:00-16:00; Sat closed; Sun closed,+372 611 0556,,https://maps.google.com/?cid=14346423260518067629,lillgreen,2,59.432358,24.743000,ChIJWR2RnJ6UkkYRra2U4PG7GMc
,,,Turg resto Nõmme,4.7,62,$$,Hawaiian,Hamburger Restaurant,restaurant,,"Turu plats 8, 11614 Tallinn",11614,Mon 10:00-18:00; Tue 10:00-18:00; Wed 10:00-18:00; Thu 10:00-18:00; Fri 10:00-18:00; Sat 10:00-18:00; Sun 10:00-17:00,+372 5551 5072,https://turg-resto.choiceqr.com/,https://maps.google.com/?cid=9180684118050506260,turg-resto-nomme,2,59.389020,24.684665,ChIJSR3GF9uVkkYRFIZ4Y5BXaH8
,,,Pub Kompressor,4.6,8628,$$,,Restaurant,restaurant,,"Rataskaevu tn 3, 10123 Tallinn",10123,Mon 11:00-22:00; Tue 11:00-22:00; Wed 11:00-22:00; Thu 11:00-22:00; Fri 11:00-22:00; Sat 11:00-22:00; Sun 11:00-22:00,+372 646 4210,http://kompressorpub.ee/,https://maps.google.com/?cid=17166080864845768378,pub-kompressor,2,59.437393,24.743207,ChIJRyaVZWKTkkYRuibDxpgrOu4
,,,Kamikadze Restaurant,4.6,3114,$$,European,European Restaurant,restaurant,,"Mustamäe tee 31, 10616 Tallinn",10616,Mon 11:00-23:00; Tue 11:00-23:00; Wed 11:00-23:00; Thu 11:00-23:00; Fri 11:00-00:00; Sat 11:00-00:00; Sun 11:00-23:00,+372 657 2377,http://www.kamikadze.ee/,https://maps.google.com/?cid=13429452926513507610,kamikadze-restaurant,2,59.424191,24.700723,ChIJhW4WcIqUkkYRGu2qzEgAX7o
,,,Texas Cantina,4.6,2992,$$,Mexican,Tex-Mex Restaurant,restaurant,,"Pikk tn 45, 10133 Tallinn",10133,Mon 16:00-23:00; Tue 16:00-23:00; Wed 16:00-23:00; Thu 16:00-23:00; Fri 16:00-23:00; Sat 12:00-23:00; Sun 12:00-23:00,+372 631 1755,http://www.texas.ee/,https://maps.google.com/?cid=6078949970210007264,texas-cantina,2,59.439815,24.746940,ChIJVZfruGOTkkYR4Ci9TcrEXFQ
,,,Grenka,4.6,2986,$$,,Cafe,coffee,,"Pärnu mnt. 76, 10131 Tallinn",10131,Mon 09:00-20:00; Tue 09:00-20:00; Wed 09:00-20:00; Thu 09:00-21:00; Fri 09:00-21:00; Sat 09:00-21:00; Sun 09:00-18:00,+372 655 5514,https://www.grenka.ee/,https://maps.google.com/?cid=7516762293709161823,grenka,2,59.423896,24.742162,ChIJcezlipeUkkYRX8WVCXvnUGg
,,,Shaurma Kebab Punane,4.6,2617,$,Middle Eastern,Turkish Restaurant,restaurant; cheap-eats,,"Punane 37a, 13611 Tallinn",13611,Mon 00:00-24:00; Tue 00:00-24:00; Wed 00:00-24:00; Thu 00:00-24:00; Fri 00:00-24:00; Sat 00:00-24:00; Sun 00:00-24:00,+372 5699 1933,https://shaurmakebab.ee/et,https://maps.google.com/?cid=18232235636773649194,shaurma-kebab-punane,1,59.433546,24.827319,ChIJ84z_6rrskkYRKnscj7bpBf0
,,,Restaurant Moon,4.6,2396,$$,Eastern European,Eastern European Restaurant,restaurant,,"Telliskivi tn 60-4, 10412 Tallinn",10412,Mon 12:00-23:00; Tue 12:00-23:00; Wed 12:00-23:00; Thu 12:00-23:00; Fri 12:00-00:00; Sat 12:00-00:00; Sun 13:00-21:00,+372 631 4575,http://www.restoranmoon.ee/,https://maps.google.com/?cid=347069091441607175,restaurant-moon,2,59.439668,24.731866,ChIJwZYTGWWTkkYRBwLl838J0QQ
,,,NOA Restaurant,4.6,2306,,Seafood,Restaurant,restaurant,,"Ranna tee 3, 12112 Tallinn",12112,Mon 12:00-23:00; Tue 12:00-23:00; Wed 12:00-23:00; Thu 12:00-23:00; Fri 12:00-23:00; Sat 12:00-23:00; Sun 12:00-22:00,+372 508 0589,http://www.noaresto.ee/,https://maps.google.com/?cid=8661854879421394098,noa-restaurant,,59.494914,24.826629,ChIJk8v5DL-SkkYRsmzlzx4XNXg
,,,Põhjala Brewery & Tap Room,4.6,1878,,Barbecue,Brewery,pub,,"Peetri tn 5, 10415 Tallinn",10415,Mon closed; Tue 12:00-00:00; Wed 12:00-00:00; Thu 12:00-00:00; Fri 12:00-01:00; Sat 12:00-01:00; Sun 10:00-17:00,+372 5666 2800,https://pohjalabeer.com/taproom,https://maps.google.com/?cid=483900591713668356,pohjala-brewery-tap-room,,59.450270,24.727208,ChIJ-X-2JUyTkkYRBM2xOwYptwY
,,,La Prima Vanalinn,4.6,1739,$$,Pizza,Restaurant,restaurant,,"Müürivahe 2, 10130 Tallinn",10130,Mon 08:00-23:00; Tue 08:00-23:00; Wed 08:00-23:00; Thu 08:00-23:00; Fri 08:00-01:00; Sat 08:00-01:00; Sun 08:00-22:00,+372 5631 3363,https://laprima.restaurant/vanalinn,https://maps.google.com/?cid=4737530060030287412,la-prima-vanalinn,2,59.434687,24.743792,ChIJYfJlq1uVkkYRNB7XNH0Wv0E
,,,Tondi Resto - Grill & BBQ,4.6,1718,$$,,Restaurant,restaurant,,"A. H. Tammsaare tee 62-1, 11316 Tallinn",11316,Mon 11:00-22:00; Tue 11:00-22:00; Wed 11:00-22:00; Thu 11:00-22:00; Fri 11:00-23:00; Sat 12:00-23:00; Sun 12:00-21:00,+372 5918 0000,https://www.tondiresto.ee/,https://maps.google.com/?cid=1194084356787352386,tondi-resto-grill-bbq,2,59.403158,24.714915,ChIJV4-5X-aUkkYRQjMpXmU9khA
,,,Farm,4.6,1580,$$$,Nordic,European Restaurant,restaurant,,"Müürivahe 27b, 10140 Tallinn",10140,Mon 17:00-22:00; Tue 17:00-22:00; Wed 17:00-22:00; Thu 17:00-22:00; Fri 17:00-23:00; Sat 15:00-23:00; Sun 15:00-22:00,+372 5482 0333,http://restaurant.farm/,https://maps.google.com/?cid=3471183231361707492,farm,3,59.436968,24.749352,ChIJJzA8kmGTkkYR5G2b_8EeLDA
,,,Restaurant & Bar Kolm Sibulat,4.6,1546,$$,,Restaurant,restaurant,,"Maakri tn 19-1, 10145 Tallinn",10145,Mon 11:30-23:00; Tue 11:30-23:00; Wed 11:30-23:00; Thu 11:30-23:00; Fri 11:30-23:00; Sat 13:00-23:00; Sun closed,+372 664 4055,http://www.kolmsibulat.eu/,https://maps.google.com/?cid=12091364887746001412,restaurant-bar-kolm-sibulat,2,59.433489,24.759787,ChIJd88NlIaUkkYRBDq7d00ozac
,,,Lee Brasserie,4.6,1476,$$$$,French,French Restaurant,restaurant; fine-dining,,"Uus tn 31, 10111 Tallinn",10111,Mon closed; Tue 18:00-23:00; Wed 18:00-23:00; Thu 18:00-23:00; Fri 18:00-23:00; Sat 18:00-23:00; Sun closed,+372 5304 3562,https://leebrasserie.ee/,https://maps.google.com/?cid=17170890643459361745,lee-brasserie,4,59.441181,24.749294,ChIJR7Jb9mOTkkYR0Ut5oBBCS-4
,,,Kohalik,4.6,1441,$$,,Restaurant,restaurant,,"Manufaktuuri t. 4-1, 10323 Tallinn",10323,Mon 11:30-21:00; Tue 11:30-21:00; Wed 11:30-21:00; Thu 11:30-21:00; Fri 11:30-21:00; Sat 11:30-21:00; Sun 11:30-21:00,+372 5663 6996,http://kohalik.ee/,https://maps.google.com/?cid=6189631116220127987,kohalik,2,59.451770,24.706141,ChIJ2Uc6xpCUkkYR81oBxbT85VU
,,,Villa Thai,4.6,1395,$$,Thai,Thai Restaurant,restaurant; asian,,"J. Vilmsi tn 6, 10126 Tallinn",10126,Mon 11:30-23:00; Tue 11:30-23:00; Wed 11:30-23:00; Thu 11:30-23:00; Fri 11:30-23:00; Sat 12:00-23:00; Sun 12:00-21:00,+372 641 9347,http://www.villathai.ee/,https://maps.google.com/?cid=10957950053340301177,villa-thai,2,59.438219,24.774622,ChIJ6aWPvVuTkkYReUfSC4R1Epg
,,,Restoran Gianni,4.6,1329,$$$,Italian,Italian Restaurant,restaurant,,"Jõe tn 4a, 10151 Tallinn",10151,Mon 08:00-23:00; Tue 08:00-23:00; Wed 08:00-23:00; Thu 08:00-23:00; Fri 08:00-23:00; Sat 09:00-23:00; Sun 10:00-22:00,+372 5770 3161,http://www.gianni.ee/,https://maps.google.com/?cid=14571557869590138861,restoran-gianni,3,59.439023,24.764416,ChIJTdH_2l2TkkYR7c_30K2SOMo
,,,Kalevi Jahtklubi resto,4.6,1317,$$,,Restaurant,restaurant,,"17 Pirita tee Tallinn Eesti Vabariik, Pirita tee 17, 11911 Tallinn",11911,Mon 11:00-23:00; Tue 11:00-23:00; Wed 11:00-23:00; Thu 11:00-23:00; Fri 11:00-23:00; Sat 11:00-23:00; Sun 12:00-22:00,+372 623 9158,http://www.jahtklubiresto.ee/,https://maps.google.com/?cid=11079344178317514391,kalevi-jahtklubi-resto,2,59.465407,24.830030,ChIJh_qn-yqTkkYRl1boTNS8wZk
,,,Ginger Toompuiestee,4.6,1315,$$,Indian,Asian Restaurant,restaurant; asian,,"Toompuiestee 29, 10149 Tallinn",10149,Mon 11:00-22:00; Tue 11:00-22:00; Wed 11:00-22:00; Thu 11:00-22:00; Fri 11:00-22:00; Sat 12:00-22:00; Sun 12:00-21:00,+372 656 6661,http://www.gingercafe.ee/,https://maps.google.com/?cid=9878803791112565540,ginger-toompuiestee,2,59.436368,24.732449,ChIJ1V1EwoKUkkYRJPMLN7WPGIk
,,,Uulits,4.6,1226,$$,American,Hamburger Restaurant,restaurant,,"Kadaka tee 135a, 12915 Tallinn",12915,Mon 11:30-21:00; Tue 11:30-22:00; Wed 11:30-22:00; Thu 11:30-22:00; Fri 11:30-22:30; Sat 11:30-22:30; Sun 11:30-21:00,+372 5300 8963,http://www.uulits.ee/,https://maps.google.com/?cid=10260425144606410974,uulits,2,59.411992,24.668064,ChIJBa_DUVCUkkYR3kjAlE5aZI4
,,,Antalya Restaurant,4.6,1038,$$,Turkish,Turkish Restaurant,restaurant,,"Nõmme tee 7, 11315 Tallinn",11315,Mon 12:00-22:30; Tue 12:00-22:30; Wed 12:00-22:30; Thu 12:00-22:30; Fri 12:00-23:30; Sat 12:00-23:30; Sun 12:00-22:30,+372 655 3316,http://www.antalya.ee/,https://maps.google.com/?cid=7754124517584804012,antalya-restaurant,2,59.421087,24.724344,ChIJf4FaLJKUkkYRrBjKZiovnGs
,,,Mon Repos,4.6,1020,$$$,,Restaurant,restaurant,,"Narva mnt 92, 10127 Tallinn",10127,Mon 12:00-23:00; Tue 12:00-23:00; Wed 12:00-23:00; Thu 12:00-23:00; Fri 12:00-00:00; Sat 12:00-00:00; Sun 11:00-22:00,+372 507 0273,http://www.monrepos.ee/,https://maps.google.com/?cid=10783910973442620133,mon-repos,3,59.440569,24.787477,ChIJczY970-TkkYR5fp7DeUlqJU
,,,Repa Restoran,4.6,996,$$,Eastern European,Eastern European Restaurant,restaurant,,"Suur-Sõjamäe tn 4, 11415 Tallinn",11415,Mon 11:00-21:00; Tue 11:00-21:00; Wed 11:00-21:00; Thu 11:00-21:00; Fri 11:00-21:00; Sat 11:00-21:00; Sun 11:00-19:00,+372 600 1060,https://www.repa.ee/,https://maps.google.com/?cid=8679668005488555978,repa-restoran,2,59.421597,24.792253,ChIJSa6lRjrrkkYRyvd3axBgdHg
,,,Dodo Pizza,4.6,945,$$,Pizza,Pizza Restaurant,restaurant,,"Mahtra tn 27, 13811 Tallinn",13811,Mon 09:00-00:00; Tue 09:00-00:00; Wed 09:00-00:00; Thu 09:00-00:00; Fri 09:00-02:00; Sat 10:00-02:00; Sun 10:00-00:00,+372 629 9209,http://dodopizza.ee/,https://maps.google.com/?cid=2346840941369337739,dodo-pizza,2,59.441870,24.874748,ChIJKbkn7kPtkkYRi6ep7mankSA
,,,Dodo Pizza,4.6,893,$$,Pizza,Pizza Restaurant,restaurant,,"Sõpruse pst 211a, 13422 Tallinn",13422,Mon 09:00-00:00; Tue 09:00-00:00; Wed 09:00-00:00; Thu 09:00-00:00; Fri 09:00-02:00; Sat 10:00-02:00; Sun 10:00-00:00,+372 629 9209,https://www.dodopizza.ee/,https://maps.google.com/?cid=17382849448303589881,dodo-pizza-2,2,59.399965,24.693625,ChIJc924RwyVkkYR-fk6lnlJPPE
,,,Guru Restoran,4.6,856,$$,Indian,Indian Restaurant,restaurant; asian,,"Aia 10A, 10111 Tallinn",10111,Mon 12:00-22:00; Tue 12:00-22:00; Wed 12:00-22:00; Thu 12:00-22:00; Fri 12:00-23:00; Sat 12:00-23:00; Sun 13:00-22:00,+372 611 8018,https://restoranguru.ee/,https://maps.google.com/?cid=5492350213533689538,guru-restoran,2,59.438516,24.751469,ChIJ2dpQq5KTkkYRwma3Y2u_OEw
,,,7Ürti Resto,4.6,813,$$,,Restaurant,restaurant,,"J. Vilmsi tn 45, 10126 Tallinn",10126,Mon closed; Tue closed; Wed 10:00-21:00; Thu 10:00-22:00; Fri 10:00-22:00; Sat 12:00-22:00; Sun 13:00-20:00,+372 772 6277,http://www.7urti.ee/,https://maps.google.com/?cid=12304344963022965066,7urti-resto,2,59.433414,24.778545,ChIJ17ZeYVeTkkYRSsnZeo3Qwao
,,,Paju Villa,4.6,805,$$$,European,Restaurant,restaurant,,"Vabaduse pst 88, 11617 Tallinn",11617,Mon closed; Tue closed; Wed 12:00-23:00; Thu 12:00-23:00; Fri 12:00-23:00; Sat 12:00-23:00; Sun closed,+372 507 6242,http://pajuvilla.ee/,https://maps.google.com/?cid=12349388652674351952,paju-villa,3,59.377982,24.686095,ChIJP23qcRSVkkYRUAPlu4zXYas
,,,Pelm,4.6,729,$$,,Restaurant,restaurant,,"Ahtri 9, 10151 Tallinn",10151,Mon 10:00-20:00; Tue 10:00-20:00; Wed 10:00-20:00; Thu 10:00-20:00; Fri 10:00-20:00; Sat 10:00-20:00; Sun 10:00-20:00,,https://www.facebook.com/restoranpelm,https://maps.google.com/?cid=13985775543782934434,pelm,2,59.441417,24.761578,ChIJQ9wPoCSTkkYRogeH28F0F8I
,,,Restoran Spot,4.6,709,$$,,Restaurant,restaurant,,"Vene tn 4, 10123 Tallinn",10123,Mon 12:00-22:30; Tue 12:00-22:30; Wed 12:00-23:00; Thu 12:00-23:00; Fri 12:00-00:00; Sat 12:00-00:00; Sun 12:00-22:00,+372 600 4977,http://www.restoranspot.ee/,https://maps.google.com/?cid=5562612885691727793,restoran-spot,2,59.437169,24.747024,ChIJiVSxIWKTkkYRsX-qkvJeMk0
,,,TOPS,4.6,704,$$,,Bar,pub,,"Soo tn 15, 10411 Tallinn",10411,Mon closed; Tue 16:00-00:00; Wed 16:00-00:00; Thu 16:00-01:00; Fri 16:00-03:00; Sat 16:00-03:00; Sun closed,+372 5679 6333,https://www.facebook.com/kohviktops/,https://maps.google.com/?cid=2513417805525105889,tops,2,59.445775,24.738926,ChIJ54z3qHuTkkYR4Tx3bi104SI
,,,Weis Resto,4.6,677,$$,,Restaurant,restaurant,,"Mustamäe tee 49, Kuldnoka tn 2, 10619 Tallinn",10619,Mon 11:00-22:00; Tue 11:00-22:00; Wed 11:00-22:00; Thu 11:00-22:00; Fri 11:00-22:00; Sat 12:00-22:00; Sun 12:00-21:00,+372 646 4552,http://www.weis.ee/,https://maps.google.com/?cid=8289219854307951466,weis-resto,2,59.421423,24.697761,ChIJEettjX-VkkYRagMkEYo5CXM
,,,Sessel Speakeasy,4.6,660,$$,,Bar,pub,,"Viru 3, 10111 Tallinn",10111,Mon 12:00-01:00; Tue 12:00-01:00; Wed 12:00-01:00; Thu 12:00-01:00; Fri 12:00-03:00; Sat 12:00-03:00; Sun 12:00-01:00,+372 5455 6666,https://www.sessel.ee/,https://maps.google.com/?cid=4834700176174745390,sessel-speakeasy,2,59.436934,24.747415,ChIJK1hG9WGTkkYRLgdq5DFOGEM
,,,Nõmme Kebab,4.6,657,$,,Fast Food Restaurant,restaurant; cheap-eats,,"Jaama tn 3, 11615 Tallinn",11615,Mon 11:00-20:00; Tue 11:00-20:00; Wed 11:00-20:00; Thu 11:00-20:00; Fri 11:00-20:00; Sat 11:00-20:00; Sun 11:00-20:00,+372 521 7431,http://www.nommekebab.ee/,https://maps.google.com/?cid=1881719062384157559,nomme-kebab,1,59.387289,24.684953,ChIJC8wlsBqVkkYRdyN9eIQ1HRo
,,,HORISONT RESTAURANT & BAR,4.6,621,,,Restaurant,restaurant,,"Tornimäe tn 3, 10145 Tallinn",10145,Mon 12:00-23:00; Tue 12:00-01:00; Wed 12:00-01:00; Thu 12:00-01:00; Fri 12:00-01:00; Sat 12:00-01:00; Sun 12:00-23:00,+372 624 3000,https://horisontrestoran.ee/horisont-restaurant/?utm_source=google+Maps&utm_medium=seo+maps&utm_campaign=seo+maps,https://maps.google.com/?cid=4787924091596330096,horisont-restaurant-bar,,59.432927,24.761193,ChIJTSD3fF-TkkYRcFQiA5gfckI
,,,Vesivärava Grill,4.6,618,$$,American,Hamburger Restaurant,restaurant,,"Vesivärava tn 42, 10152 Tallinn",10152,Mon 12:00-19:00; Tue 12:00-19:00; Wed 12:00-19:00; Thu 12:00-19:00; Fri 12:00-19:00; Sat 12:00-19:00; Sun 12:00-18:00,+372 5665 5313,http://www.vesivarava.ee/,https://maps.google.com/?cid=9245664700470572283,vesivarava-grill,2,59.434174,24.780732,ChIJ59ZCT1eTkkYR-7TqNw8zT4A
,,,Karjase sai,4.6,609,$,,Bakery,bakery; cheap-eats,,"Marati tn 5, 11712 Tallinn",11712,Mon closed; Tue closed; Wed closed; Thu 09:00-15:00; Fri 09:00-15:00; Sat 09:00-15:00; Sun 09:00-15:00,+372 5887 9777,http://www.karjasesai.ee/,https://maps.google.com/?cid=11313584620457663091,karjase-sai,1,59.456242,24.674758,ChIJPRPUamKTkkYRc5qzNkXtAZ0
,,,T35 - The Breakfast Club,4.6,606,$$,,Cafe,coffee,,"Tööstuse tn 35, 10411 Tallinn",10411,Mon closed; Tue 09:00-17:00; Wed 09:00-17:00; Thu 09:00-17:00; Fri 09:00-17:00; Sat 09:00-17:00; Sun 09:00-17:00,+372 5559 1535,https://menu.dinnero.eu/t35,https://maps.google.com/?cid=18146930268938921522,t35-the-breakfast-club,2,59.446818,24.730780,ChIJMZA_F3mTkkYRMmbj2-7Y1vs
,,,Sakura Resto,4.6,603,$$,Japanese,Asian Restaurant,restaurant; asian,,"Roosikrantsi tn 16, 10119 Tallinn",10119,Mon 11:30-23:00; Tue 11:30-23:00; Wed 11:30-23:00; Thu 11:30-23:00; Fri 11:30-01:00; Sat 12:00-01:00; Sun 12:00-22:00,+372 5486 0852,http://www.sakuraresto.ee/,https://maps.google.com/?cid=11949772495076465209,sakura-resto,2,59.430005,24.743700,ChIJ35SJyreVkkYRORrEi8Ue1qU
,,,Boksipeatus,4.6,564,$,,Fast Food Restaurant,restaurant; cheap-eats,,"Veerenni tn 54, 11313 Tallinn",11313,Mon 10:00-19:00; Tue 10:00-19:00; Wed 10:00-19:00; Thu 10:00-19:00; Fri 10:00-19:00; Sat 12:00-19:00; Sun 12:00-19:00,+372 5852 8852,https://www.boksipeatus.ee/,https://maps.google.com/?cid=4624670862421658056,boksipeatus,1,59.414120,24.756742,ChIJo95X47mUkkYRyAm-laUhLkA
,,,iL FORNO Pärnu mnt.,4.6,562,$$,Italian,Italian Restaurant,restaurant,,"Pärnu mnt. 20, 10141 Tallinn",10141,Mon 11:00-21:00; Tue 11:00-21:00; Wed 11:00-21:00; Thu 11:00-21:00; Fri 11:00-22:00; Sat 12:00-22:00; Sun 12:00-20:00,+372 5432 0500,http://ilforno.ee/,https://maps.google.com/?cid=10382885202572712949,il-forno-parnu-mnt,2,59.431860,24.745336,ChIJ9R32ZFCVkkYR9ZsBsxRrF5A
,,,Moos Resto,4.6,531,$$,,Restaurant,restaurant,,"Kadaka tee 133, 12915 Tallinn",12915,Mon 11:00-21:00; Tue 11:00-21:00; Wed 11:00-21:00; Thu 11:00-21:00; Fri 11:00-22:00; Sat 12:00-22:00; Sun 12:00-20:00,+372 600 1112,https://moosresto.ee/et,https://maps.google.com/?cid=16264480269302007359,moos-resto,2,59.412218,24.669148,ChIJ6zoK4HmVkkYRP4YYzKEKt-E
,,,Järve Resto & Grill,4.6,508,$$,,Restaurant,restaurant,,"Viljandi mnt 3, 11214 Tallinn",11214,Mon 11:00-22:00; Tue 11:00-22:00; Wed 11:00-22:00; Thu 11:00-22:00; Fri 11:00-22:00; Sat 12:00-22:00; Sun 12:00-22:00,+372 671 4163,http://www.facebook.com/jarveresto,https://maps.google.com/?cid=17744823637161181699,jarve-resto-grill,2,59.392017,24.728441,ChIJs6bf9diUkkYRA4Ly9hRHQvY
,,,Güllüzadem Kebab & Pizza & Baklava,4.6,495,$,Turkish,Turkish Restaurant,restaurant; cheap-eats,,"Teatri v 1, 10143 Tallinn",10143,Mon 12:00-23:00; Tue 12:00-23:00; Wed 12:00-23:00; Thu 12:00-23:00; Fri 12:00-23:00; Sat 12:00-23:00; Sun 12:00-23:00,,https://grandbazaar.ee/,https://maps.google.com/?cid=13349541247884950593,gulluzadem-kebab-pizza-baklava,1,59.434231,24.752487,ChIJuS8aixfrkkYRQXybOgkZQ7k
,,,Fika Cafe,4.6,486,$,,Cafe,coffee; cheap-eats,,"Telliskivi tn 60a-1, 10412 Tallinn",10412,Mon 08:00-17:00; Tue 08:00-17:00; Wed 08:00-17:00; Thu 08:00-17:00; Fri 08:00-17:00; Sat 10:00-17:00; Sun 10:00-17:00,+372 5629 7724,https://m.facebook.com/fikaleibjakohv/,https://maps.google.com/?cid=5610891981478376451,fika-cafe,1,59.439604,24.728554,ChIJxXOn8C-TkkYRAzQbhYfk3U0
,,,Ala Turca Kebab,4.6,485,$,Middle Eastern,Fast Food Restaurant,restaurant; cheap-eats,,"Aia tn 7, 10111 Tallinn",10111,Mon 12:00-02:00; Tue 12:00-02:00; Wed 12:00-02:00; Thu 12:00-02:00; Fri 12:00-06:00; Sat 12:00-06:00; Sun 12:00-00:00,+372 506 5036,http://alaturcatallinn.ee/,https://maps.google.com/?cid=1424054746945483534,ala-turca-kebab,1,59.438099,24.751030,ChIJ34RCRBqTkkYRDvNkVD9CwxM
,,,Vernalia cafe,4.6,464,$,,Cafe,coffee; cheap-eats,,"Tööstuse tn 48, 10416 Tallinn",10416,Mon 09:00-17:00; Tue 09:00-17:00; Wed 09:00-17:00; Thu 09:00-17:00; Fri 09:00-17:00; Sat closed; Sun closed,+372 652 9007,https://vernaliakohvik.ee/,https://maps.google.com/?cid=10318840877131824808,vernalia-cafe,1,59.449433,24.725480,ChIJ4fkHhIKTkkYRqP44LxvjM48
,,,Sushi 7 Sõpruse,4.6,463,$$,Japanese,Sushi Restaurant,restaurant; asian,,"Sõpruse pst 209, 13419 Tallinn",13419,Mon 12:00-22:00; Tue 12:00-22:00; Wed 12:00-22:00; Thu 12:00-22:00; Fri 12:00-22:00; Sat 12:00-22:00; Sun 12:00-22:00,+372 5677 7720,https://sushi7.ee/,https://maps.google.com/?cid=13700440094821462543,sushi-7-sopruse,2,59.400236,24.694596,ChIJySTfunaVkkYRDzJanq29Ib4
,,,Restoran Võru,4.6,440,$$,,Restaurant,restaurant,,"Pirita tee 20-1, 12011 Tallinn",12011,"Mon 11:00-15:00; Tue 11:00-15:00, 17:00-22:00; Wed 11:00-15:00, 17:00-22:00; Thu 11:00-15:00, 17:00-22:00; Fri 11:00-15:00, 17:00-23:00; Sat 12:00-23:00; Sun 12:00-17:00",+372 5368 3900,https://www.restoranvoru.ee/,https://maps.google.com/?cid=7143285313391442131,restoran-voru,2,59.446653,24.802116,ChIJdbhRiEmTkkYR0zj2USUMImM
,,,Everest Grill & Restro,4.6,433,$$,Chinese,Indian Restaurant,restaurant; asian,,"Narva mnt 15, 10120 Tallinn",10120,Mon 11:00-00:30; Tue 11:00-00:30; Wed 11:00-00:30; Thu 11:00-00:30; Fri 11:00-01:00; Sat 11:00-01:00; Sun 11:00-00:30,+372 5450 2301,https://everestgrill.ee/,https://maps.google.com/?cid=14735674066654960771,everest-grill-restro,2,59.438049,24.767362,ChIJi9EUURqTkkYRg5znnH2hf8w
,,,Headless Chicken,4.6,431,$,,Bar,pub; cheap-eats,,"Katariina käik 2, 10123 Tallinn",10123,Mon 15:00-22:00; Tue 15:00-22:00; Wed 15:00-22:00; Thu 15:00-22:00; Fri 12:00-23:00; Sat 12:00-23:00; Sun 12:00-22:00,,,https://maps.google.com/?cid=15118800367999774990,headless-chicken,1,59.437564,24.749290,ChIJza9nZQCTkkYRDvGr9NTE0NE
,,,YumCha - Bubble Tea & Uji Matcha,4.6,424,,,Tea House,coffee,,"Postimaja Shopping Centre, Narva mnt 1, 10111 Tallinn",10111,Mon 10:00-21:00; Tue 10:00-21:00; Wed 10:00-21:00; Thu 10:00-21:00; Fri 10:00-21:00; Sat 10:00-21:00; Sun 10:00-21:00,+372 5780 0018,https://yumcha.ee/bio,https://maps.google.com/?cid=3956578398991640074,yumcha-bubble-tea-uji-matcha,,59.437534,24.756798,ChIJeZ2ICkuTkkYRCmbhTReX6DY
,,,MEKK Restaurant & Bar,4.6,409,,,Restaurant,restaurant,,"3 Ravala Street, Rävala pst 3, 10143 Tallinn",10143,Mon 06:30-23:00; Tue 06:30-23:00; Wed 06:30-23:00; Thu 06:30-23:00; Fri 06:30-23:00; Sat 07:00-23:00; Sun 07:00-23:00,+372 682 3020,https://restoranmekk.ee/,https://maps.google.com/?cid=937566090621201875,mekk-restaurant-bar,,59.433594,24.758119,ChIJTRBuG56UkkYR063tWGTnAg0
,,,Asian wok,4.6,402,$$,,Restaurant,restaurant,,"Raua tn 1, 10124 Tallinn",10124,Mon 11:30-23:00; Tue 11:30-23:00; Wed 11:30-23:00; Thu 11:30-23:00; Fri 11:30-23:00; Sat 12:00-23:00; Sun 12:00-23:00,+372 5568 4477,https://asianwokrestaurant.ee/online-menu,https://maps.google.com/?cid=7111011970176814990,asian-wok,2,59.435630,24.764342,ChIJHzRHZsOTkkYRjo_wC7Zjr2I
,,,Viru Burger x Hobujaama,4.6,401,$$,,Restaurant,restaurant,,"Narva mnt 5, 10411 Tallinn",10411,Mon 11:30-21:00; Tue 11:30-21:00; Wed 11:30-21:00; Thu 11:30-21:00; Fri 11:30-22:00; Sat 11:30-22:00; Sun 11:30-20:00,+372 5333 2484,https://viruburger.ee/,https://maps.google.com/?cid=5037699866545963506,viru-burger-x-hobujaama,2,59.438420,24.758699,ChIJAWusDeOTkkYR8kGBdlaB6UU
,,,Monster Pizza,4.6,399,$$,Pizza,Pizza Restaurant,restaurant,,"Mustamäe tee 39, 10619 Tallinn",10619,Mon 12:00-21:00; Tue 12:00-21:00; Wed 12:00-21:00; Thu 12:00-21:00; Fri 12:00-22:00; Sat 12:00-22:00; Sun 12:00-21:00,+372 5391 3768,http://www.monsterpizza.ee/,https://maps.google.com/?cid=3808363112841656212,monster-pizza,2,59.422683,24.699476,ChIJoXFqI5WVkkYRlLeg1BIG2jQ
,,,Brööder Kebab,4.6,357,$$,Turkish,Turkish Restaurant,restaurant,,"Tervise tn 21, 13419 Tallinn",13419,Mon 11:00-21:00; Tue 11:00-21:00; Wed 11:00-21:00; Thu 11:00-21:00; Fri 11:00-21:00; Sat 11:00-21:00; Sun 11:00-20:00,+372 5456 1117,http://www.brooderkebab.ee/,https://maps.google.com/?cid=5462044318389213759,brooder-kebab,2,59.395063,24.700524,ChIJiy5M7fqVkkYRP5oHUV4UzUs
,,,Kebaboom Solaris,4.6,357,$,Middle Eastern,Kebab Shop,restaurant; cheap-eats,,"Estonia pst 9, 11314 Tallinn",11314,Mon 10:45-21:00; Tue 10:45-21:00; Wed 10:45-21:00; Thu 10:45-21:00; Fri 10:45-22:00; Sat 10:45-22:00; Sun 10:45-21:00,+372 5880 2291,https://kebaboom.ee/,https://maps.google.com/?cid=4286910849540871379,kebaboom-solaris,1,59.433118,24.751926,ChIJM3QmsXWVkkYR09SmYrQqfjs
,,,STEFF GRILL,4.6,357,$$,Eastern European,Eastern European Restaurant,restaurant,,"Telliskivi tn 1, 10611 Tallinn",10611,Mon closed; Tue 12:00-21:00; Wed 12:00-21:00; Thu 12:00-21:00; Fri 12:00-22:00; Sat 12:00-22:00; Sun 12:00-20:00,+372 5867 0013,https://steffgrill.ee/,https://maps.google.com/?cid=10182689827385273043,steff-grill,2,59.433716,24.717712,ChIJO2hGRACVkkYR02pIo3IuUI0
,,,Quick Bites,4.6,356,$,Turkish,Turkish Restaurant,restaurant; cheap-eats,,"Väike-Karja tn 1, 10140 Tallinn",10140,Mon 19:00-06:00; Tue 19:00-06:00; Wed 19:00-11:00; Thu 19:00-11:00; Fri 19:00-11:00; Sat 19:00-11:00; Sun 19:00-06:00,+372 5388 0010,https://quickbites.choiceqr.com/online-menu,https://maps.google.com/?cid=8771955991976429139,quick-bites,1,59.435972,24.746853,ChIJSxlmtouTkkYRU0Ydt38_vHk
,,,Stenhus restaurant,4.6,345,$$$$,,Restaurant,restaurant; fine-dining,,"Pühavaimu tn 13-15, 10123 Tallinn",10123,Mon 12:00-22:30; Tue 12:00-22:30; Wed 12:00-22:30; Thu 12:00-22:30; Fri 12:00-22:30; Sat 12:00-22:30; Sun 12:00-22:30,+372 699 7780,https://stenhusrestaurant.ee/en/,https://maps.google.com/?cid=5660126800974542396,stenhus-restaurant,4,59.438652,24.747688,ChIJ_SaBzWOTkkYRPHbBO1bPjE4
,,,Tallinn's Best Coffee,4.6,344,$,,Cafe,coffee; cheap-eats,,"Mustakivi tee 13, 13912 Tallinn",13912,Mon 07:30-17:00; Tue 07:30-17:00; Wed 07:30-17:00; Thu 07:30-17:00; Fri 07:30-17:00; Sat 08:00-17:00; Sun 08:00-17:00,+372 5559 7708,https://facebook.com/tallinnsbest,https://maps.google.com/?cid=2281047047804065175,tallinn-s-best-coffee,1,59.441337,24.866385,ChIJufOo3GztkkYRl5VQWDTopx8
,,,Kohvik Energia,4.6,334,$,,Cafe,coffee; cheap-eats,,"Kaubamaja tn 4, 10143 Tallinn",10143,Mon 08:00-19:30; Tue 08:00-19:30; Wed 08:00-19:30; Thu 08:00-19:30; Fri 08:00-19:30; Sat 10:00-19:00; Sun 10:00-18:00,,,https://maps.google.com/?cid=1094737414759237549,kohvik-energia,1,59.434994,24.755400,ChIJK4bYjXuTkkYRrccN6eBJMQ8
,,,Nõmme Jaamarestoran ELSA,4.6,325,$$,,Restaurant,restaurant,,"Jaama tn 18, 11615 Tallinn",11615,Mon closed; Tue 12:00-22:00; Wed 12:00-22:00; Thu 12:00-22:00; Fri 12:00-23:00; Sat 12:00-23:00; Sun closed,+372 5623 5167,http://www.jaamarestoran.ee/,https://maps.google.com/?cid=11328673753060507912,nomme-jaamarestoran-elsa,2,59.386213,24.685911,ChIJc9fidRCVkkYRCIF2q8GIN50
,,,Pappa Pizza Nõmme,4.6,312,$,Pizza,Pizza Restaurant,restaurant; cheap-eats,,"Pärnu mnt. 326, 11611 Tallinn",11611,Mon 11:00-22:00; Tue 11:00-22:00; Wed 11:00-22:00; Thu 11:00-22:00; Fri 11:00-22:00; Sat 11:00-22:00; Sun 11:00-22:00,+372 677 0846,https://www.pappapizza.ee/pizzeria/nomme-parnu-mnt-326,https://maps.google.com/?cid=8748214660050091296,pappa-pizza-nomme,1,59.388007,24.683257,ChIJu183TwWVkkYRIH0mH-LmZ3k
,,,Art Priori,4.6,302,,,Restaurant,restaurant,,"Olevimägi 7, 10133 Tallinn",10133,Mon closed; Tue closed; Wed 17:00-23:00; Thu 17:00-23:00; Fri 17:00-00:00; Sat 17:00-00:00; Sun closed,+372 5359 9895,https://www.artpriori.ee/?utm_source=google&utm_medium=wix_google_business_profile&utm_campaign=17021892367184414540,https://maps.google.com/?cid=14166691700432747038,art-priori,,59.439998,24.747791,ChIJe1CB6mOTkkYRHrrEDgszmsQ
,,,City Grill House,4.6,298,$$,Barbecue,Barbecue Restaurant,restaurant,,"A. Laikmaa tn 5, 10145 Tallinn",10145,Mon 12:00-23:00; Tue 12:00-23:00; Wed 12:00-23:00; Thu 12:00-23:00; Fri 12:00-23:00; Sat 12:00-23:00; Sun 12:00-23:00,+372 630 0818,http://tallinkhotels.com/en/tallink-city-hotel/city-grill-house,https://maps.google.com/?cid=10405224710542240241,city-grill-house,2,59.436326,24.757790,ChIJM_Uh0_iTkkYR8an8t77IZpA
,,,Caffe Carissimi Kohvik,4.6,297,$,,Cafe,coffee; cheap-eats,,"Müürivahe 52, 10140 Tallinn",10140,Mon 10:00-18:00; Tue 10:00-18:00; Wed 10:00-18:00; Thu 10:00-18:00; Fri 10:00-18:00; Sat 10:00-18:00; Sun 10:00-18:00,+372 5555 5945,,https://maps.google.com/?cid=6948090240269491038,caffe-carissimi-kohvik,1,59.438177,24.749674,ChIJ1zbOnGGTkkYRXhufzkKTbGA
,,,Bergamo kohvik,4.6,280,$,,Cafe,coffee; cheap-eats,,"Maneeži 6, 10117 Tallinn",10117,Mon 11:00-21:00; Tue 11:00-21:00; Wed 11:00-21:00; Thu 11:00-21:00; Fri 11:00-21:00; Sat 12:00-18:00; Sun 12:00-21:00,+372 5557 7212,,https://maps.google.com/?cid=4595303955259357929,bergamo-kohvik,1,59.436238,24.760230,ChIJ0f0SNF6TkkYR6XousJnMxT8
,,,Uus Laine,4.6,267,$$,,Bar,pub,,"Vana-Kalamaja tn 1, 10412 Tallinn",10412,Mon closed; Tue 18:00-23:00; Wed 18:00-00:00; Thu 18:00-00:00; Fri 18:00-03:00; Sat 18:00-03:00; Sun closed,+372 5306 5865,https://uuslaine.com/,https://maps.google.com/?cid=2145195603920110559,uus-laine,2,59.441420,24.738189,ChIJnTpaonqTkkYR30NjOQlExR0
,,,Jahu Pizza,4.6,256,$$,Pizza,Pizza Restaurant,restaurant,,"Lahepea tn 11, 10617 Tallinn",10617,Mon 12:00-22:00; Tue 12:00-22:00; Wed 12:00-22:00; Thu 12:00-22:00; Fri 12:00-23:00; Sat 12:00-23:00; Sun 12:00-22:00,+372 5690 0596,,https://maps.google.com/?cid=15678003792347152139,jahu-pizza,2,59.433227,24.684915,ChIJU0VJYdqVkkYRCz8ULmJ1k9k
,,,Blossom,4.6,243,$$,Asian,Asian Restaurant,restaurant; asian,,"Liivalaia tn 19, 10118 Tallinn",10118,Mon 11:00-00:00; Tue 11:00-00:00; Wed 11:00-00:00; Thu 11:00-00:00; Fri 11:00-00:00; Sat 12:00-00:00; Sun 12:00-00:00,+372 5556 5527,https://m.facebook.com/blossomliivalaia19/,https://maps.google.com/?cid=3196915056962930130,blossom,2,59.428649,24.750909,ChIJzZdCpR6VkkYR0oVfa065XSw
,,,Japosha sushi,4.6,243,$$,,Takeout Restaurant,restaurant,,"Jakobi tn 22, 10144 Tallinn",10144,Mon 11:00-22:00; Tue 11:00-22:00; Wed 11:00-22:00; Thu 11:00-22:00; Fri 11:00-22:00; Sat 11:00-22:00; Sun 11:00-22:00,+372 552 8730,http://www.japosha.ee/,https://maps.google.com/?cid=723054849445585579,japosha-sushi,2,59.427976,24.770065,ChIJceX3zKeUkkYRq-JT_o3OCAo
,,,Shaurma Kebab Pärnu mnt,4.6,231,$,Middle Eastern,Turkish Restaurant,restaurant; cheap-eats,,"Pärnu mnt. 146a, 11317 Tallinn",11317,Mon 10:00-22:00; Tue 10:00-22:00; Wed 10:00-22:00; Thu 10:00-22:00; Fri 10:00-22:00; Sat 10:00-22:00; Sun 10:00-22:00,+372 5555 6562,https://shaurmakebab.ee/et,https://maps.google.com/?cid=10480686089105570053,shaurma-kebab-parnu-mnt,1,59.409633,24.735935,ChIJkVg-3ROVkkYRBfmDD3jgcpE
,,,SushiArt,4.6,225,$$,Japanese,Sushi Restaurant,restaurant; asian,,"Erika tn 14, 10416 Tallinn",10416,Mon 11:00-21:00; Tue 11:00-21:00; Wed 11:00-21:00; Thu 11:00-21:00; Fri 11:00-21:00; Sat 11:00-21:00; Sun 11:00-21:00,+372 5322 6060,http://sushiart.ee/,https://maps.google.com/?cid=9368214916759343240,sushiart,2,59.451462,24.718583,ChIJbWKUfISTkkYRiND09NSVAoI
,,,Roku resto,4.6,208,$$,,Restaurant,restaurant,,"Poordi 1, 10156 Tallinn",10156,Mon 12:00-21:00; Tue 12:00-21:00; Wed 12:00-21:00; Thu 12:00-21:00; Fri 12:00-23:00; Sat 12:00-23:00; Sun 12:00-21:00,+372 5626 4887,https://rokuresto.ee/,https://maps.google.com/?cid=8674257636701772040,roku-resto,2,59.441158,24.754740,ChIJv-dG5dSTkkYRCBnUxVwnYXg
,,,Coffee Kitchen,4.6,207,$,,Cafe,coffee; cheap-eats,,"Vana-Posti tn 2, 10146 Tallinn",10146,Mon 09:00-18:00; Tue 09:00-18:00; Wed 09:00-18:00; Thu 09:00-18:00; Fri 09:00-18:00; Sat 09:00-18:00; Sun 09:00-18:00,+372 5607 1065,http://www.coffeekichen.ee/,https://maps.google.com/?cid=3458841757939418351,coffee-kitchen,1,59.435653,24.744429,ChIJo-CRjoqVkkYR70REzEBGADA
,,,Laims Cafe,4.6,201,$$,Indian,Indian Restaurant,restaurant; asian,,"Liivalaia tn 32, 10118 Tallinn",10118,Mon 12:00-23:30; Tue 12:00-23:30; Wed 12:00-23:30; Thu 12:00-23:30; Fri 12:00-23:30; Sat 12:00-23:30; Sun 12:00-23:30,+372 5462 4954,https://www.instagram.com/laims.cafe.tallin/,https://maps.google.com/?cid=372612709053293933,laims-cafe,2,59.429035,24.755704,ChIJy3NWAu6VkkYRbeXq4UjJKwU
,,,Purtse resto,4.6,181,$$,,Restaurant,restaurant,,"Telliskivi tn 60/2-I-hoone, 10412 Tallinn",10412,Mon closed; Tue 12:00-22:00; Wed 12:00-22:00; Thu 12:00-22:00; Fri 12:00-00:00; Sat 14:00-00:00; Sun closed,+372 5622 4228,http://purtseresto.ee/,https://maps.google.com/?cid=7776175786989799797,purtse-resto,2,59.439654,24.732521,ChIJq7VYQPyTkkYRdUmFpq2G6ms
,,,Gloria restaurant,4.6,177,,,Restaurant,restaurant,,"Müürivahe 2, 10130 Tallinn",10130,Mon closed; Tue 14:00-23:00; Wed 14:00-23:00; Thu 14:00-23:00; Fri 14:00-23:00; Sat 14:00-23:00; Sun closed,+372 640 6800,https://www.gloria.ee/,https://maps.google.com/?cid=10648678353512650133,gloria-restaurant,,59.434618,24.743782,ChIJkwTD4J2UkkYRlVWDHIu0x5M
,,,Kinoma - The Ramen,4.6,176,$$,Japanese,Restaurant,restaurant; asian,,"Telliskivi tn 24, 10611 Tallinn",10611,Mon closed; Tue 12:00-23:00; Wed 12:00-23:00; Thu 12:00-23:00; Fri 12:00-23:00; Sat 12:00-23:00; Sun 12:00-23:00,+372 5310 3445,http://www.kinoma.ee/,https://maps.google.com/?cid=11455396843662799537,kinoma-the-ramen,2,59.435842,24.721037,ChIJKcxqY2GVkkYRsfKma7y--Z4
,,,Kalamaja Pagarikoda,4.6,175,,,Pastry Shop,restaurant,,"Erika tn 14, 10416 Tallinn",10416,Mon 08:00-18:00; Tue 08:00-18:00; Wed 08:00-18:00; Thu 08:00-18:00; Fri 08:00-18:00; Sat 09:00-18:00; Sun 09:00-18:00,+372 5683 1399,https://www.instagram.com/kalamajapagarikoda?igsh=b3A2OGllbDl1bjZh,https://maps.google.com/?cid=1818189311235533812,kalamaja-pagarikoda,,59.451502,24.716557,ChIJ76TwfYOTkkYR9CubnouBOxk
,,,Poké Bowl Järve,4.6,174,$,Hawaiian,Fast Food Restaurant,restaurant; cheap-eats,,"Pärnu mnt. 238, 11624 Tallinn",11624,Mon 10:00-21:00; Tue 10:00-21:00; Wed 10:00-21:00; Thu 10:30-21:00; Fri 10:00-21:00; Sat 10:00-21:00; Sun 10:00-19:00,+372 5810 0525,https://pokebowl.ee/,https://maps.google.com/?cid=17240233955086794948,poke-bowl-jarve,1,59.393391,24.720241,ChIJlWkphs6TkkYRxICTgXCdQe8
,,,Ajde Bre,4.6,170,$$,European,European Restaurant,restaurant,,"Aia tn 10a, 10111 Tallinn",10111,Mon 15:00-23:00; Tue 15:00-23:00; Wed 15:00-23:00; Thu 15:00-23:00; Fri 15:00-00:00; Sat 15:00-00:00; Sun 15:00-23:00,+372 5661 3685,https://ajdebre.ee/,https://maps.google.com/?cid=14830970725294326426,ajde-bre,2,59.438520,24.751607,ChIJQwgbT3eTkkYRmsJi-0sx0s0
,,,Meistrimäe Kohvik,4.6,170,$$,Pizza,Coffee Shop,coffee,,"Külmallika põik 15-1, 12617 Tallinn",12617,Mon 11:00-21:00; Tue 11:00-21:00; Wed 11:00-21:00; Thu 11:00-21:00; Fri 11:00-21:00; Sat 11:00-21:00; Sun 11:00-21:00,+372 5605 1220,https://meistrimaekohvik.ee/,https://maps.google.com/?cid=4712598463161584352,meistrimae-kohvik,2,59.389676,24.653199,ChIJ5fOizBm9kkYR4ErMdVWDZkE
,,,Tallinn SHOT BAR,4.6,156,$,,Bar,pub; cheap-eats,,"Sauna tn 2, 10140 Tallinn",10140,Mon 20:00-02:00; Tue 20:00-02:00; Wed 20:00-02:00; Thu 20:00-02:00; Fri 20:00-03:00; Sat 20:00-03:00; Sun 20:00-02:00,+372 5823 4155,https://www.tallinnshotbar.com/,https://maps.google.com/?cid=17467879658252874642,tallinn-shot-bar,1,59.435798,24.747666,ChIJ-y90C1mTkkYRkjNvGQBgavI
,,,Crock & Crumb Restaurant & Bakery,4.6,153,$,,Restaurant,restaurant; cheap-eats,,"Pikk tn 31, 10133 Tallinn",10133,Mon 11:00-20:00; Tue 10:00-20:00; Wed 10:00-20:00; Thu 10:00-20:00; Fri 10:00-20:00; Sat 10:00-20:30; Sun 10:00-19:00,,,https://maps.google.com/?cid=8267016646702532716,crock-crumb-restaurant-bakery,1,59.438958,24.746304,ChIJjVZssLWTkkYRbAjy8tZXunI
,,,Nümf Bar,4.6,148,$$,,Cocktail Bar,pub,,"Aia tn 10a, 10111 Tallinn",10111,Mon 20:00-01:00; Tue 20:00-01:00; Wed 20:00-01:00; Thu 20:00-01:00; Fri 20:00-03:00; Sat 20:00-03:00; Sun 20:00-01:00,+372 502 0177,https://numf.ee/,https://maps.google.com/?cid=8608439743540801914,numf-bar,2,59.438586,24.751368,ChIJZ0HF4HaTkkYRerEaWFZSd3c
,,,Hem koduresto & aed,4.6,136,$$$,,Restaurant,restaurant,,"Telliskivi tn 21, 10611 Tallinn",10611,Mon 16:00-22:00; Tue 16:00-22:00; Wed 16:00-22:00; Thu 16:00-22:00; Fri 16:00-23:00; Sat 16:00-23:00; Sun closed,+372 510 0271,https://www.instagram.com/hem_koduresto/,https://maps.google.com/?cid=10932552677601940006,hem-koduresto-aed,3,59.436342,24.720918,ChIJ58NfTDyVkkYRJpK1tLw6uJc
,,,Luna cafe & bakery / Luna kohvik,4.6,136,$$,,Cafe,coffee,,"Pille tn 9-2, 10138 Tallinn",10138,Mon 08:00-18:00; Tue 08:00-18:00; Wed 08:00-18:00; Thu 08:00-18:00; Fri 08:00-16:00; Sat 10:00-16:00; Sun closed,+372 5878 8588,,https://maps.google.com/?cid=15659614937118505340,luna-cafe-bakery-luna-kohvik,2,59.421167,24.749396,ChIJn3YhX1-VkkYRfHlZLtEgUtk
,,,Veerenni Söökla,4.6,136,$,,Restaurant,restaurant; cheap-eats,,"Veerenni tn 56, 11313 Tallinn",11313,Mon 09:00-16:00; Tue 09:00-16:00; Wed 09:00-16:00; Thu 09:00-16:00; Fri 09:00-16:00; Sat closed; Sun closed,+372 518 8012,http://www.veerennisookla.ee/,https://maps.google.com/?cid=14637551631890355623,veerenni-sookla,1,59.412676,24.755471,ChIJFZZYb-6VkkYRp5VD-KcHI8s
,,,Fusion Sushi,4.6,135,$$,Japanese,Sushi Restaurant,restaurant; asian,,"Virbi tn 10-13622, 13629 Tallinn",13629,Mon 11:00-22:00; Tue 11:00-22:00; Wed 11:00-22:00; Thu 11:00-22:00; Fri 11:00-22:00; Sat 11:00-22:00; Sun 11:00-22:00,+372 5855 2637,http://fusionsushi.ee/,https://maps.google.com/?cid=17962002791406923262,fusion-sushi,2,59.440700,24.843337,ChIJIbc9VcfskkYR_m1iPF_aRfk
,,,Fort Bar live music,4.6,134,$$,,Bar,pub,,"Pikk tn 43, 10133 Tallinn",10133,Mon 18:00-02:00; Tue 18:00-02:00; Wed 18:00-02:00; Thu 18:00-02:00; Fri 18:00-02:00; Sat 18:00-02:00; Sun 18:00-02:00,+372 5740 4057,https://www.fortbar.ee/,https://maps.google.com/?cid=4514531712052750850,fort-bar-live-music,2,59.439697,24.746746,ChIJsWcLeL6TkkYRAuojUKzWpj4
,,,Kohvik 3 Saukas OÜ,4.6,127,$,,Restaurant,restaurant; cheap-eats,,"Peterburi tee 81, 11415 Tallinn",11415,Mon 09:00-17:00; Tue 09:00-17:00; Wed 09:00-17:00; Thu 09:00-17:00; Fri 09:00-17:00; Sat closed; Sun closed,+372 632 6769,,https://maps.google.com/?cid=17846031693240732269,kohvik-3-saukas-ou,1,59.434391,24.857651,ChIJzd1oRpTskkYRbQr6zUXXqfc
,,,Harju Oru Kohvik,4.6,112,$,,Cafe,coffee; cheap-eats,,"Toompea tn 3, 10130 Tallinn",10130,Mon 11:00-14:30; Tue 11:00-14:30; Wed 11:00-14:30; Thu 11:00-14:30; Fri closed; Sat closed; Sun 11:00-14:00,+372 5614 9195,http://www.facebook.com/harjuoru,https://maps.google.com/?cid=9433603035876253697,harju-oru-kohvik,1,59.434211,24.740033,ChIJabT5rZ2UkkYRAWBz0frj6oI
,,,Badass Pizza Aia,4.6,111,$$,Pizza,Pizza Restaurant,restaurant,,"Aia tn 7, 10111 Tallinn",10111,Mon 11:00-21:30; Tue 11:00-21:30; Wed 11:00-21:30; Thu 11:00-21:30; Fri 11:00-21:30; Sat 11:00-21:30; Sun 11:00-21:30,+372 600 8802,https://www.badasspizza.ee/,https://maps.google.com/?cid=9326953011206359963,badass-pizza-aia,2,59.438307,24.750918,ChIJRWsyc-mTkkYRmwu37Vj-b4E
,,,Piko,4.6,97,$,,Coffee Shop,coffee; cheap-eats,,"Vana-Kalamaja tn 17, 10414 Tallinn",10414,Mon closed; Tue 09:00-19:00; Wed 10:30-19:00; Thu 09:00-19:00; Fri 09:00-19:00; Sat 09:00-19:00; Sun 09:00-19:00,+372 5554 9264,https://www.instagram.com/piko.ee/,https://maps.google.com/?cid=2595282518779067504,piko,1,59.445056,24.738246,ChIJV664JgCTkkYRcHybT7NLBCQ
,,,Teatriresto,4.6,91,$$,,Restaurant,restaurant,,"Pärnu mnt. 326, 11611 Tallinn",11611,Mon 12:00-16:00; Tue 12:00-16:00; Wed 12:00-16:00; Thu 12:00-22:00; Fri 12:00-22:00; Sat 12:00-22:00; Sun 12:00-18:00,+372 5806 2882,https://teatriresto.ee/,https://maps.google.com/?cid=1146378905792911233,teatriresto,2,59.388165,24.683324,ChIJHQaU_zuVkkYRgZfJgYrB6A8
,,,Imo Lounge,4.6,88,$$,,Bar,pub,,"Lootsi tn 8, 10151 Tallinn",10151,Mon 17:00-02:00; Tue 17:00-02:00; Wed 17:00-02:00; Thu 17:00-02:00; Fri 17:00-03:00; Sat 17:00-03:00; Sun 17:00-02:00,+372 5396 4055,https://facebook.com/imo.lounge,https://maps.google.com/?cid=14156885949117617483,imo-lounge,2,59.442035,24.766424,ChIJ2SkrpUeTkkYRS9XfqsNcd8Q
,,,the Coffee Shop Tallinn Viru 3,4.6,85,$$,,Coffee Shop,coffee,,"Viru 3, 10140 Tallinn",10140,Mon 10:00-23:00; Tue 10:00-23:00; Wed 10:00-23:00; Thu 10:00-23:00; Fri 10:00-03:00; Sat 10:00-03:00; Sun 10:00-23:00,+372 5480 0669,http://www.cbditaly.ee/,https://maps.google.com/?cid=2084267740336209546,the-coffee-shop-tallinn-viru-3,2,59.436936,24.747426,ChIJDeTPIqWTkkYRir6Lh3fO7Bw
,,,Tiger Wok Pae,4.6,85,$$,Asian,Asian Restaurant,restaurant; asian,,"Pae tn 80, 13620 Tallinn",13620,Mon 11:00-22:00; Tue 11:00-22:00; Wed 11:00-22:00; Thu 11:00-22:00; Fri 11:00-22:00; Sat 11:00-22:00; Sun 11:00-22:00,+372 670 9000,https://tigerwok.ee/menu,https://maps.google.com/?cid=17089749630186837110,tiger-wok-pae,2,59.436083,24.820718,ChIJKTjsUADtkkYRdlSmR778Ku0
,,,Suzani,4.6,74,$$,,Restaurant,restaurant,,"Vesilennuki tn 24, 10415 Tallinn",10415,Mon closed; Tue 12:00-22:00; Wed 12:00-22:00; Thu 12:00-22:00; Fri 12:00-23:00; Sat 12:00-23:00; Sun 12:00-21:00,+372 5666 4748,https://suzani.ee/,https://maps.google.com/?cid=9731285282036865897,suzani,2,59.452717,24.731672,ChIJYer5WQCTkkYRaVvLy2d4DIc
,,,Oppa's Kitchen,4.6,72,$,Korean,Korean Restaurant,restaurant; asian; cheap-eats,,"Lastekodu tn 12, 10113 Tallinn",10113,Mon 12:00-19:00; Tue 12:00-19:00; Wed 12:00-19:00; Thu 12:00-19:00; Fri 12:00-19:00; Sat 12:00-17:00; Sun closed,+372 5379 3344,https://www.facebook.com/profile.php?id=61556401911143,https://maps.google.com/?cid=929844995145496977,oppa-s-kitchen,1,59.430765,24.766975,ChIJn0RoSPOVkkYRkXnStxh55ww
,,,Zoom Restaurant & Bar Tallinn,4.6,72,$$,,Restaurant,restaurant,,"Sadama tn 4, 10111 Tallinn",10111,Mon 17:00-23:00; Tue 17:00-23:00; Wed 17:00-23:00; Thu 17:00-23:00; Fri 17:00-23:00; Sat 17:00-23:00; Sun 17:00-23:00,+372 644 1234,https://www.hyattrestaurants.com/en/tallinn/restaurant-bar/zoom-restaurant-tallinn,https://maps.google.com/?cid=16303944115528733637,zoom-restaurant-bar-tallinn,2,59.443691,24.755355,ChIJdeNXFBWTkkYRxRPpg8o-Q-I
,,,Kodupala AED puhkeala,4.6,69,$,,Bistro,restaurant; cheap-eats,,"Narva mnt 133, 13913 Tallinn",13913,Mon 12:00-20:00; Tue 12:00-20:00; Wed 12:00-20:00; Thu 12:00-20:00; Fri 12:00-22:00; Sat 12:00-22:00; Sun 12:00-21:00,+372 5803 1477,https://kodupala.ee/,https://maps.google.com/?cid=4110315667465619498,kodupala-aed-puhkeala,1,59.453978,24.860391,ChIJoc9PN8ftkkYRKsgCelLGCjk
,,,SIPSIP BAAR,4.6,65,$$,,Cocktail Bar,pub,,"Suur-Karja tn 13, 10140 Tallinn",10140,Mon closed; Tue 19:00-02:00; Wed 19:00-02:00; Thu 19:00-02:00; Fri 19:00-03:00; Sat 19:00-03:00; Sun 19:00-02:00,,,https://maps.google.com/?cid=1034294490468778693,sipsip-baar,2,59.435555,24.746445,ChIJae8Xwg-VkkYRxQKJ8VuNWg4
,,,China Wok,4.6,60,$$,Asian,Asian Restaurant,restaurant; asian,,"Karjavälja tn 4, 12918 Tallinn",12918,Mon 10:00-21:00; Tue 10:00-21:00; Wed 10:00-21:00; Thu 10:00-21:00; Fri 10:00-21:00; Sat 10:00-21:00; Sun 10:00-19:00,+372 523 4738,http://chinawok.ee/,https://maps.google.com/?cid=4788888622495714444,china-wok,2,59.410641,24.681453,ChIJr7fznU2VkkYRjEzEXNSMdUI
,,,Kuldne 1988 Retroköök,4.6,60,$$,Ukrainian,Eastern European Restaurant,restaurant,,"Narva mnt 7d, 10117 Tallinn",10117,Mon closed; Tue 12:00-23:00; Wed 12:00-23:00; Thu 12:00-23:00; Fri 12:00-01:00; Sat 12:00-01:00; Sun 12:00-23:00,+372 5190 0265,http://www.kuldne88.com/,https://maps.google.com/?cid=14730198398510600420,kuldne-1988-retrokook,2,59.438016,24.760654,ChIJbfUzxfyTkkYR5JBARmYtbMw
,,,Restaurant Lido,4.5,6681,$$,,Buffet Restaurant,restaurant,,"Estonia pst 9, 10143 Tallinn",10143,Mon 10:00-21:00; Tue 10:00-21:00; Wed 10:00-21:00; Thu 10:00-21:00; Fri 10:00-21:00; Sat 10:00-21:00; Sun 11:00-21:00,+372 5551 5663,http://www.lido.ee/,https://maps.google.com/?cid=17791384209981512443,restaurant-lido,2,59.433533,24.750668,ChIJfQZDxp-UkkYR-xpxGq2x5_Y
,,,Kochi Aidad,4.5,4035,$$,,Brewpub,pub,,"Lootsi tn 10-2, 10151 Tallinn",10151,Mon 12:00-22:00; Tue 12:00-22:00; Wed 12:00-22:00; Thu 12:00-23:00; Fri 12:00-01:00; Sat 12:00-01:00; Sun 12:00-18:00,+372 666 7308,http://www.kochiaidad.ee/,https://maps.google.com/?cid=9014587974121563780,kochi-aidad,2,59.442028,24.765293,ChIJVXnVYl2TkkYRhCYGSgBAGn0
,,,Cafe Maiasmokk,4.5,3893,$,,Cafe,coffee; cheap-eats,,"Pikk tn 16, 10123 Tallinn",10123,Mon 09:00-21:00; Tue 09:00-21:00; Wed 09:00-21:00; Thu 09:00-21:00; Fri 09:00-21:00; Sat 09:00-21:00; Sun 09:00-21:00,+372 646 4079,http://www.kohvikmaiasmokk.ee/,https://maps.google.com/?cid=8708946976083603988,cafe-maiasmokk,1,59.438386,24.745630,ChIJQ--MSGKTkkYRFPIs_SFl3Hg
,,,Estonian Burger Factory,4.5,3368,$$,American,Hamburger Restaurant,restaurant,,"Lootsi tn 10, 10151 Tallinn",10151,Mon 12:00-22:00; Tue 12:00-22:00; Wed 12:00-22:00; Thu 12:00-22:00; Fri 12:00-22:00; Sat 12:00-22:00; Sun 12:00-22:00,+372 5908 2626,http://www.ebf.ee/,https://maps.google.com/?cid=14377219272069550533,estonian-burger-factory,2,59.441560,24.765316,ChIJM-kDR2iTkkYRxRGbEcEkhsc
,,,Pierre Chocolaterie,4.5,2803,$$,,Cafe,coffee,,"Vene tn 6, 10123 Tallinn",10123,Mon 10:00-22:00; Tue 10:00-22:00; Wed 10:00-22:00; Thu 10:00-22:00; Fri 10:00-23:00; Sat 10:00-23:00; Sun 10:00-22:00,+372 641 8061,http://www.pierre.ee/,https://maps.google.com/?cid=11537733800748187050,pierre-chocolaterie,2,59.437157,24.747514,ChIJHZJ7IWKTkkYRqv2cIsNDHqA
,,,Restaurant Pegasus,4.5,2788,$$,,Restaurant,restaurant,,"Harju tn 1, 10146 Tallinn",10146,Mon 12:00-23:00; Tue 12:00-23:00; Wed 12:00-23:00; Thu 12:00-23:00; Fri 12:00-00:00; Sat 12:00-00:00; Sun 13:00-22:00,+372 662 3013,http://www.restoranpegasus.ee/,https://maps.google.com/?cid=17039898636057885385,restaurant-pegasus,2,59.435862,24.744450,ChIJlVxZCGKTkkYRybrkOofheew
,,,Restoran Controvento,4.5,2600,$$,Italian,Italian Restaurant,restaurant,,"Vene, Katariina käik 12, 10140 Tallinn",10140,Mon 12:00-23:00; Tue 12:00-23:00; Wed 12:00-23:00; Thu 12:00-23:00; Fri 12:00-23:00; Sat 12:00-23:00; Sun 12:00-23:00,+372 644 0470,http://www.controvento.ee/,https://maps.google.com/?cid=14470344638579836711,restoran-controvento,2,59.437605,24.748533,ChIJjwnVJ2KTkkYRJ4cHGMj90Mg
,,,Kivi Paber Käärid,4.5,2483,$$,,Restaurant,restaurant,,"Telliskivi tn 60a-7, 10412 Tallinn",10412,Mon 12:00-22:00; Tue 12:00-22:00; Wed 12:00-22:00; Thu 12:00-22:00; Fri 12:00-00:00; Sat 12:00-00:00; Sun 12:00-21:00,+372 5350 1320,http://www.kivipaber.ee/,https://maps.google.com/?cid=9215277049406269264,kivi-paber-kaarid,2,59.438585,24.728140,ChIJY59eDoKUkkYRUKer3KY9438
,,,Löwenruh,4.5,2435,$$,,Restaurant,restaurant,,"Mustamäe tee 59a, 10621 Tallinn",10621,Mon 11:00-23:00; Tue 11:00-23:00; Wed 11:00-23:00; Thu 11:00-23:00; Fri 11:00-23:00; Sat 11:00-23:00; Sun 11:00-23:00,+372 654 3413,http://www.lowenruh.ee/,https://maps.google.com/?cid=46536416911015293,lowenruh,2,59.416864,24.694008,ChIJs04dwvWUkkYRfb0Z559UpQA
,,,Argentiina restoran,4.5,2427,$$$,Steakhouse,Steak House,restaurant,,"Lootsi tn 8, 10151 Tallinn",10151,Mon 12:00-22:00; Tue 12:00-22:00; Wed 12:00-00:00; Thu 12:00-00:00; Fri 12:00-00:00; Sat 12:00-00:00; Sun 12:00-22:00,+372 660 5178,https://argentiina.ee/,https://maps.google.com/?cid=6100858727167231862,argentiina-restoran,3,59.441293,24.765679,ChIJH2O5s3iTkkYRdgelSbCaqlQ
,,,Restaurant Amalfi,4.5,2094,$$,Italian,Italian Restaurant,restaurant,,"Vana-Viru tn 13, 10111 Tallinn",10111,Mon 12:00-22:00; Tue closed; Wed 12:00-22:00; Thu 12:00-22:00; Fri 12:00-23:00; Sat 12:00-23:00; Sun 12:00-22:00,+372 5819 1977,http://www.amalfiresto.ee/,https://maps.google.com/?cid=1770155906992894757,restaurant-amalfi,2,59.437472,24.751967,ChIJnZDZCWGTkkYRJfNeMWvbkBg
,,,Reval Cafe Müürivahe,4.5,1949,$$,,Cafe,coffee,,"Müürivahe 14, 10146 Tallinn",10146,Mon 08:00-21:00; Tue 08:00-21:00; Wed 08:00-21:00; Thu 08:00-21:00; Fri 08:00-22:00; Sat 08:30-21:00; Sun 08:30-20:00,+372 641 8100,https://revalcafe.ee/kohvik/muurivahe/,https://maps.google.com/?cid=6707258841193352446,reval-cafe-muurivahe,2,59.434898,24.745444,ChIJgV_GCJ6UkkYR_oztJWH4FF0
,,,NOP Cafe and Shop,4.5,1933,$$,,Cafe,coffee,,"J. Köleri tn 1, 10150 Tallinn",10150,Mon 08:00-21:00; Tue 08:00-21:00; Wed 08:00-21:00; Thu 08:00-21:00; Fri 08:00-21:00; Sat 09:00-20:00; Sun 09:00-20:00,+372 603 2270,http://www.nop.ee/,https://maps.google.com/?cid=16762303224813698348,nop-cafe-and-shop,2,59.438351,24.776394,ChIJy7vdrluTkkYRLL1n9Pipn-g
,,,Tbilisi,4.5,1858,$$,Eastern European,Eastern European Restaurant,restaurant,,"Pikk tn 43, 10133 Tallinn",10133,Mon 12:00-23:00; Tue 12:00-23:00; Wed 12:00-23:00; Thu 12:00-23:00; Fri 12:00-23:00; Sat 12:00-23:00; Sun 12:00-23:00,+372 742 2828,http://www.tbilisi.ee/,https://maps.google.com/?cid=9448009413187136951,tbilisi,2,59.439697,24.746746,ChIJJR_ClZ2UkkYRt-2Q64ASHoM
,,,Sigmund Freud Bar,4.5,1848,$$,,Cocktail Bar,pub,,"Sauna tn 8, 10140 Tallinn",10140,Mon 19:00-01:00; Tue 19:00-01:00; Wed 19:00-01:00; Thu 19:00-01:00; Fri 19:00-03:00; Sat 19:00-03:00; Sun 19:00-01:00,+372 5696 5414,https://sigmundfreud.bar/,https://maps.google.com/?cid=5439949667979081261,sigmund-freud-bar,2,59.436118,24.748193,ChIJJzFk72GTkkYRLbblo2aVfks
,,,Tommi Tavern,4.5,1803,$$,,Restaurant,restaurant,,"Tatari tn 64, 74008 Tallinn",74008,Mon 11:00-23:00; Tue 11:00-23:00; Wed 11:00-23:00; Thu 11:00-00:00; Fri 11:00-01:00; Sat 12:00-00:00; Sun 14:00-23:00,+372 625 7816,https://tommitavern.ee/,https://maps.google.com/?cid=5509974168096339357,tommi-tavern,2,59.425357,24.744306,ChIJSRzqcpiUkkYRnfX1ElBcd0w
,,,Viru Lokaal,4.5,1563,$$,,Pub,pub,,"Viru 6, 10140 Tallinn",10140,Mon 10:00-02:00; Tue 10:00-02:00; Wed 10:00-02:00; Thu 10:00-02:00; Fri 10:00-03:00; Sat 10:00-03:00; Sun 10:00-02:00,+372 5367 8294,"https://www.google.com/search?sca_esv=159f37a1251190f9&authuser=0&hl=en&gl=ee&q=Viru+Lokaal&ludocid=1299381175210006680&lsig=AB86z5UJrtSVHLeyjYfrVoj-7H_s&ved=1i:5,t:109124,e:4,p:D_EEZ4WNHY6C1fIPvYHxsAo:94",https://maps.google.com/?cid=1299381175210006680,viru-lokaal,2,59.436752,24.747462,ChIJubrSXPOTkkYRmNg4YEtUCBI
,,,Margherita Pizzeria & Trattoria,4.5,1535,$$,Italian,Italian Restaurant,restaurant,,"Lai 2, 10133 Tallinn",10133,Mon 12:00-22:30; Tue 12:00-22:30; Wed 12:00-22:30; Thu 12:00-22:30; Fri 12:00-23:00; Sat 12:00-23:00; Sun 12:00-22:30,+372 601 0575,https://margherita.ee/,https://maps.google.com/?cid=17008306659810486127,margherita-pizzeria-trattoria,2,59.438038,24.743192,ChIJE3ylW9aTkkYRbyfqEMukCew
,,,Kitchen Rõõm,4.5,1320,$$,,Restaurant,restaurant,,"P. Pinna tn 8, 13615 Tallinn",13615,Mon 12:00-22:00; Tue 12:00-22:00; Wed 12:00-22:00; Thu 12:00-22:00; Fri 12:00-22:00; Sat 12:00-22:00; Sun 12:00-22:00,+372 517 6793,http://kitchenroom.ee/,https://maps.google.com/?cid=17055816700288570581,kitchen-room,2,59.436350,24.836400,ChIJDQLuW7nskkYR1RTgXuxusuw
,,,Gallery Cafe,4.5,1252,$$,,Brunch Restaurant,restaurant,,"Vana jahuladu, Rotermanni tn 6, 10111 Tallinn",10111,Mon 08:30-19:00; Tue 08:30-19:00; Wed 08:30-19:00; Thu 08:30-19:00; Fri 08:30-19:00; Sat 09:30-20:00; Sun 09:30-20:00,+372 5353 3123,https://gallerycafe.ee/,https://maps.google.com/?cid=9011278908154062499,gallery-cafe,2,59.438628,24.757108,ChIJheJcPImTkkYRoyZ-VGx-Dn0
,,,Gourmet Coffee,4.5,1099,$$,,Restaurant,restaurant,,"L. Koidula tn 13a, 10125 Tallinn",10125,Mon 08:30-22:00; Tue 08:30-22:00; Wed 08:30-22:00; Thu 08:30-22:00; Fri 08:30-22:00; Sat 09:00-22:00; Sun 09:00-22:00,+372 5300 1042,http://gourmetcoffee.ee/,https://maps.google.com/?cid=2539522829547875686,gourmet-coffee,2,59.437784,24.782918,ChIJcQIweVCTkkYRZi0y-o4yPiM
,,,Frenchy Bistro,4.5,1084,$$,French,French Restaurant,restaurant,,"Telliskivi tn 60a, 10412 Tallinn",10412,Mon 12:00-23:00; Tue 12:00-23:00; Wed 12:00-23:00; Thu 12:00-23:00; Fri 12:00-00:00; Sat 12:00-00:00; Sun closed,+372 5604 8262,https://frenchybistro.wixsite.com/mysite,https://maps.google.com/?cid=18239661449511760789,frenchy-bistro,2,59.438307,24.729217,ChIJE74t8H2TkkYRlfOIUXNLIP0
,,,Osteria il Cru,4.5,1067,$$,Italian,Restaurant,restaurant,,"Viru 8, 10140 Tallinn",10140,Mon 13:00-23:00; Tue 13:00-23:00; Wed 13:00-21:00; Thu 13:00-23:00; Fri 12:00-00:00; Sat 12:00-00:00; Sun 12:00-22:00,+372 614 0085,http://www.crurestoran.com/,https://maps.google.com/?cid=17238361353585070190,osteria-il-cru,2,59.436768,24.747456,ChIJl1pSk2GTkkYRbpBCflH2Ou8
,,,Restoran Armudu,4.5,1060,$$,Middle Eastern,Restaurant,restaurant,,"Lootsi tn 14, 10151 Tallinn",10151,Mon 11:00-23:00; Tue 11:00-23:00; Wed 11:00-23:00; Thu 11:00-23:00; Fri 11:00-00:00; Sat 11:00-00:00; Sun 11:00-23:00,+372 661 1422,https://www.restoranarmudu.ee/et,https://maps.google.com/?cid=4595960570277092787,restoran-armudu,2,59.442238,24.764743,ChIJo2r5t3WTkkYRs10RyckhyD8
,,,Elevant resto,4.5,1028,$$,Indian,Indian Restaurant,restaurant; asian,,"Õpetajate Maja, Vene tn 5, 10123 Tallinn",10123,Mon 12:00-23:00; Tue 12:00-23:00; Wed 12:00-23:00; Thu 12:00-23:00; Fri 12:00-00:00; Sat 12:00-00:00; Sun 12:00-22:00,+372 631 3132,http://www.elevant.ee/,https://maps.google.com/?cid=740461192160260603,elevant-resto,2,59.437380,24.746770,ChIJO0fGI2KTkkYR-7Gs-IelRgo
,,,Restaurant Nok Nok,4.5,1012,$$,Thai,Thai Restaurant,restaurant; asian,,"Vana-Posti tn 7, 10146 Tallinn",10146,Mon 12:00-23:00; Tue 12:00-23:00; Wed 12:00-23:00; Thu 12:00-23:00; Fri 12:00-23:00; Sat 12:00-23:00; Sun closed,+372 5333 1744,http://www.noknok.ee/,https://maps.google.com/?cid=4378241804621588600,restaurant-nok-nok,2,59.435455,24.745383,ChIJby7X_Z2UkkYReCg8cbmjwjw
,,,LITERAAT | Telliskivi Rahva Raamat,4.5,1001,$$,,Restaurant,restaurant,,"Telliskivi tn 60-2 I-Hoone, 10412 Tallinn",10412,Mon 09:00-22:00; Tue 09:00-22:00; Wed 09:00-22:00; Thu 09:00-22:00; Fri 09:00-23:00; Sat 11:00-22:00; Sun closed,+372 615 0544,https://literaat.ee/resto/,https://maps.google.com/?cid=16259623909702437422,literaat-telliskivi-rahva-raamat,2,59.439866,24.733602,ChIJ5awqC5iTkkYRLgpDd8zJpeE
,,,Beer and Barrel,4.5,948,$$,,Restaurant,restaurant,,"Sauna tn 10, 10140 Tallinn",10140,Mon 12:00-23:00; Tue 12:00-23:00; Wed 12:00-23:00; Thu 12:00-23:00; Fri 12:00-02:00; Sat 12:00-02:00; Sun 12:00-23:00,+372 5554 4642,https://beerandbarrel.ee/,https://maps.google.com/?cid=2331918234926230840,beer-and-barrel,2,59.436221,24.748204,ChIJAVBmLeCTkkYROK0IlkejXCA
,,,La Prima Gonsiori,4.5,910,$$,Pizza,Pizza Restaurant,restaurant,,"Gonsiori tn 31, 10147 Tallinn",10147,Mon 12:00-23:00; Tue 12:00-23:00; Wed 12:00-23:00; Thu 12:00-23:00; Fri 12:00-23:00; Sat 12:00-23:00; Sun 12:00-23:00,+372 5386 4615,,https://maps.google.com/?cid=11528377427661620958,la-prima-gonsiori,2,59.433782,24.773873,ChIJn3d514iTkkYR3gZnxDAG_Z8
,,,ISSEI Tallinn - Rooftop Restaurant & Sky Bar,4.5,902,,,Restaurant,restaurant,,"Rävala Street 3, 10143 Tallinn",10143,Mon 17:00-00:00; Tue 17:00-00:00; Wed 17:00-00:00; Thu 17:00-00:00; Fri 17:00-02:00; Sat 17:00-02:00; Sun 17:00-00:00,+372 682 3025,https://isseitallinn.ee/,https://maps.google.com/?cid=1854748574350951972,issei-tallinn-rooftop-restaurant-sky-bar,,59.433696,24.757751,ChIJkSINCsKTkkYRJMbZYQBkvRk
,,,Pannkoogimaja,4.5,884,$$,,Cafeteria,coffee,,"Tondi tn 17, 11316 Tallinn",11316,Mon 09:00-20:00; Tue 09:00-20:00; Wed 09:00-20:00; Thu 09:00-20:00; Fri 09:00-20:00; Sat 09:00-18:00; Sun 09:00-18:00,+372 5380 7707,http://pannkook.ee/,https://maps.google.com/?cid=6306028667787704912,pannkoogimaja,2,59.412566,24.735902,ChIJy4otDcCUkkYRUHrqnqmDg1c
,,,Café Boulevard,4.5,844,$$,,Coffee Shop,coffee,,"Radisson Blu Hotel Olumpia, Liivalaia tn 33, 10118 Tallinn",10118,Mon 07:00-19:00; Tue 07:00-19:00; Wed 07:00-19:00; Thu 07:00-19:00; Fri 07:00-19:00; Sat 08:00-17:00; Sun 08:00-17:00,+372 631 5890,http://www.cafeboulevard.ee/,https://maps.google.com/?cid=15814608018731876772,cafe-boulevard,2,59.430167,24.757863,ChIJP4EnAKGUkkYRpMGOIjTGeNs
,,,Rukkilill Cafe,4.5,801,$$,,Cafe,coffee,,"Kuninga 8, Kullassepa tn 13, 10146 Tallinn",10146,Mon 12:00-22:00; Tue 12:00-22:00; Wed 12:00-22:00; Thu 12:00-22:00; Fri 12:00-23:00; Sat 12:00-23:00; Sun 12:00-22:00,+372 5866 5826,https://www.facebook.com/Rukkilill-Kohvik-379832789280920,https://maps.google.com/?cid=11251638322451412194,rukkilill-cafe,2,59.436471,24.744906,ChIJNT6AVx6TkkYR4nTjxnDZJZw
,,,Pagaripoisid Ltd.,4.5,798,$,,Cafeteria,coffee; cheap-eats,,"Vana-Lõuna tn 37, 10134 Tallinn",10134,Mon 07:30-18:30; Tue 07:30-18:30; Wed 07:30-18:30; Thu 07:30-18:30; Fri 07:30-18:30; Sat 10:00-17:00; Sun 10:00-16:00,+372 627 3710,https://www.pagaripoisid.ee/,https://maps.google.com/?cid=18080394769523322234,pagaripoisid-ltd,1,59.421313,24.744651,ChIJQdK3cr2UkkYReq1EtD936vo
,,,Valli Bar,4.5,792,$,,Bar,pub; cheap-eats,,"Müürivahe 14, 10146 Tallinn",10146,Mon 12:00-01:00; Tue 12:00-01:00; Wed 12:00-01:00; Thu 12:00-01:00; Fri 12:00-02:00; Sat 12:00-02:00; Sun 12:00-00:00,+372 641 8379,https://www.facebook.com/pages/Valli-Baar/127271477360725,https://maps.google.com/?cid=17821761256116633986,valli-bar,1,59.434920,24.745566,ChIJP4jmCJ6UkkYRgsGmTnCdU_c
,,,Restaurant Salt,4.5,753,$$,American,Restaurant,restaurant,,"Vase tn 14, 10125 Tallinn",10125,Mon 17:00-22:30; Tue 17:00-22:30; Wed 17:00-22:30; Thu 17:00-22:30; Fri 12:00-23:00; Sat 17:00-23:00; Sun closed,+372 518 8510,https://saltrestoran.ee/,https://maps.google.com/?cid=14412899243360650875,restaurant-salt,2,59.435098,24.773413,ChIJITprdFmTkkYRewYCwH_nBMg
,,,Scheeli Restoran,4.5,743,$$,,Restaurant,restaurant,,"Vana turg 2, 10140 Tallinn",10140,Mon 12:00-22:00; Tue 12:00-22:00; Wed 12:00-22:00; Thu 12:00-23:00; Fri 12:00-23:00; Sat 12:00-23:00; Sun 12:00-22:00,+372 512 3852,http://www.scheeliresto.com/,https://maps.google.com/?cid=6263712503765645497,scheeli-restoran,2,59.436594,24.746475,ChIJ360lHWKTkkYRubgf6lUt7VY
,,,New Thai Restaurant,4.5,709,$$,Thai,Thai Restaurant,restaurant; asian,,"Lastekodu tn 9, 10115 Tallinn",10115,Mon 12:00-21:00; Tue 12:00-21:00; Wed 12:00-21:00; Thu 12:00-21:00; Fri 12:00-21:00; Sat 12:00-21:00; Sun 12:00-21:00,+372 517 4338,http://newthai.ee/,https://maps.google.com/?cid=14134437127949743690,new-thai-restaurant,2,59.431090,24.766827,ChIJk9XtX6eUkkYRSnaJL66bJ8Q
,,,NoKu,4.5,644,$,,Bar,pub; cheap-eats,,"Pikk tn 5, 10123 Tallinn",10123,Mon 19:00-01:00; Tue 19:00-01:00; Wed 19:00-01:00; Thu 19:00-01:00; Fri 19:00-02:00; Sat 19:00-02:00; Sun 19:00-01:00,+372 631 3929,https://www.facebook.com/nokuklubi,https://maps.google.com/?cid=15675396293587798856,noku,1,59.437956,24.743828,ChIJ9e3eXGKTkkYRSIvGkOAxitk
,,,Restoran Trofé,4.5,615,$$,Nordic,Scandinavian Restaurant,restaurant,,"Pikk tn 29, 10133 Tallinn",10133,Mon 12:00-22:00; Tue 12:00-22:00; Wed 12:00-22:00; Thu 12:00-22:00; Fri 12:00-22:00; Sat 12:00-22:00; Sun 12:00-22:00,+372 664 8803,https://www.meritonhotels.com/en/meriton-hotels/restaurant-trofe/,https://maps.google.com/?cid=6004081317405741283,restoran-trofe,2,59.438900,24.745910,ChIJI4AmtWOTkkYR41CHriXIUlM
,,,PÄRIS Pagar • Deli • Resto,4.5,606,$$,,Restaurant,restaurant,,"Maakri tn 30, 10145 Tallinn",10145,Mon 08:00-23:00; Tue 08:00-23:00; Wed 08:00-23:00; Thu 08:00-23:00; Fri 08:00-23:00; Sat 12:00-23:00; Sun 11:00-16:00,+372 5330 6003,http://www.parisresto.ee/,https://maps.google.com/?cid=9545000875308441568,paris-pagar-deli-resto,2,59.432841,24.759276,ChIJv1CbtPqVkkYR4F-NebmndoQ
,,,Akbana Indian Restaurant,4.5,564,$$,Chinese,Indian Restaurant,restaurant; asian,,"Rahumäe tee 27, 11614 Tallinn",11614,Mon 12:00-22:00; Tue 12:00-22:00; Wed 12:00-22:00; Thu 12:00-22:00; Fri 12:00-22:00; Sat 12:00-22:00; Sun 12:00-22:00,+372 5389 3837,http://www.akbana.ee/,https://maps.google.com/?cid=2546070058012538585,akbana-indian-restaurant,2,59.388785,24.702823,ChIJuerd1RiVkkYR2XYYZTp1VSM
,,,Peps,4.5,561,$$,,Restaurant,restaurant,,"Kentmanni tn 6, 10116 Tallinn",10116,Mon 11:00-21:00; Tue 11:00-22:00; Wed 11:00-22:00; Thu 11:00-22:00; Fri 11:00-22:00; Sat 11:00-22:00; Sun 11:00-21:00,+372 601 1156,http://peps.ee/,https://maps.google.com/?cid=3625300381706234635,peps,2,59.431628,24.749685,ChIJ6c8mC5-UkkYRCyuwT32nTzI
,,,Järve Da Vinci Pasta ja Pizza,4.5,541,$$,Italian,Italian Restaurant,restaurant,,"Pärnu mnt. 238, 11624 Tallinn",11624,Mon 10:00-21:00; Tue 10:00-21:00; Wed 10:00-21:00; Thu 10:00-21:00; Fri 10:00-21:00; Sat 10:00-21:00; Sun 10:00-19:00,+372 603 3100,http://davincifood.ee/,https://maps.google.com/?cid=6228467305757331116,jarve-da-vinci-pasta-ja-pizza,2,59.393839,24.720009,ChIJA0TqDt-UkkYRrM7MxgP2b1Y
,,,Jaapani toit Yui Kalamaja,4.5,538,$$,Japanese,Ramen Restaurant,restaurant; asian,,"Tööstuse tn 47b, 10416 Tallinn",10416,Mon 12:00-21:00; Tue 12:00-21:00; Wed 12:00-21:00; Thu 12:00-21:00; Fri 12:00-21:00; Sat 12:00-21:00; Sun 12:00-21:00,+372 335 7766,http://www.yuiresto.ee/,https://maps.google.com/?cid=13053012148077232664,jaapani-toit-yui-kalamaja,2,59.449253,24.724689,ChIJ1U0TcGmTkkYRGIIAD2SdJbU
,,,Oda Resto,4.5,514,$$,Eastern European,Eastern European Restaurant,restaurant,,"Kalaranna tn 8-10, 10415 Tallinn",10415,Mon 12:00-22:00; Tue 12:00-22:00; Wed 12:00-22:00; Thu 12:00-22:00; Fri 12:00-23:00; Sat 12:00-23:00; Sun 12:00-21:00,+372 5656 2459,http://www.odaresto.ee/,https://maps.google.com/?cid=16646244129043065208,oda-resto,2,59.447613,24.747972,ChIJM2uiLJiTkkYReCkL_NZWA-c
,,,Pihlaka Kohvik,4.5,512,$,,Cafe,coffee; cheap-eats,,"Punane tn 48, 13619 Tallinn",13619,Mon 10:00-20:00; Tue 10:00-20:00; Wed 10:00-20:00; Thu 10:00-20:00; Fri 10:00-20:00; Sat 10:00-20:00; Sun 10:00-19:00,+372 609 9870,http://www.pihlaka.ee/,https://maps.google.com/?cid=6401289367728380553,pihlaka-kohvik,1,59.435175,24.842865,ChIJW5qYfb7skkYRiVrvs8Py1Vg
,,,Goa Restoran kesklinn,4.5,506,$$,Thai,Indian Restaurant,restaurant; asian,,"Suur-Patarei tn 2, 10415 Tallinn",10415,Mon 11:00-22:30; Tue 11:00-22:30; Wed 11:00-22:30; Thu 11:00-22:30; Fri 11:00-22:30; Sat 11:00-22:30; Sun 12:00-22:00,+372 5780 0017,https://goarestoran.ee/,https://maps.google.com/?cid=14567021400018488243,goa-restoran-kesklinn,2,59.444768,24.747885,ChIJN2SxHWWTkkYRs4udr8h0KMo
,,,Tallinn Bubblewaffle,4.5,502,,,Ice Cream Shop,restaurant,,"Müürivahe 17, 10140 Tallinn",10140,Mon 12:00-19:00; Tue 12:00-19:00; Wed 12:00-19:00; Thu 12:00-19:00; Fri 12:00-19:00; Sat 12:00-19:00; Sun 12:00-19:00,+372 5393 7987,,https://maps.google.com/?cid=4052551224118813528,tallinn-bubblewaffle,,59.435739,24.748164,ChIJ893v8aSTkkYRWCOt892NPTg
,,,Fork,4.5,473,$,,Restaurant,restaurant; cheap-eats,,"Veerenni tn 24, 10135 Tallinn",10135,Mon 08:00-15:00; Tue 08:00-15:00; Wed 08:00-15:00; Thu 08:00-15:00; Fri 08:00-15:00; Sat closed; Sun closed,+372 5669 0749,https://www.facebook.com/FORKresto,https://maps.google.com/?cid=12564543609613866379,fork,1,59.424051,24.748605,ChIJA05L6qKUkkYRi1Xw19c5Xq4
,,,Restaurant Chedi,4.5,472,$$$,Asian,Asian Restaurant,restaurant; asian,,"Sulevimägi 1, 10123 Tallinn",10123,Mon closed; Tue 12:00-23:00; Wed 12:00-23:00; Thu 12:00-23:00; Fri 12:00-00:00; Sat 12:00-00:00; Sun closed,+372 646 1676,http://chedi.ee/,https://maps.google.com/?cid=7385133486812845890,restaurant-chedi,3,59.440410,24.747945,ChIJrxCD62OTkkYRQldSNMdDfWY
,,,Restoran Bertolucci,4.5,466,$$,Italian,Italian Restaurant,restaurant,,"Vana-Kalamaja tn 28b, 10414 Tallinn",10414,Mon 17:00-23:00; Tue 17:00-23:00; Wed 17:00-23:00; Thu 17:00-23:00; Fri 17:00-23:00; Sat 17:00-23:00; Sun 15:00-21:00,+372 5683 9904,http://www.bertolucci.ee/?utm_source=google&utm_medium=wix_google_business_profile&utm_campaign=10153906916011954901,https://maps.google.com/?cid=11743564887608023380,restoran-bertolucci,2,59.446640,24.739531,ChIJOXH02Z-TkkYRVFmgkguG-aI
,,,Asian Fair,4.5,446,$$,Asian,Asian Restaurant,restaurant; asian,,"Tuukri põik 3, 10120 Tallinn",10120,Mon 12:00-22:00; Tue 12:00-22:00; Wed 12:00-22:00; Thu 12:00-22:00; Fri 12:00-22:00; Sat 13:00-22:00; Sun closed,+372 5689 7497,http://www.asianfair.ee/,https://maps.google.com/?cid=3631618191721527188,asian-fair,2,59.438906,24.769728,ChIJP2XSaVyTkkYRlHdoFYEZZjI
,,,Dot Cafe,4.5,433,$$,,Cafe,coffee,,"Pärnu mnt. 29, 10119 Tallinn",10119,Mon 08:00-18:00; Tue 08:00-18:00; Wed 08:00-18:00; Thu 08:00-18:00; Fri 08:00-18:00; Sat 09:00-18:00; Sun 09:00-16:00,+372 5906 2642,https://www.dotcafe.ee/,https://maps.google.com/?cid=17698114051906851365,dot-cafe,2,59.429878,24.744580,ChIJv1SLVxKVkkYRJdJBKvZUnPU
,,,Amijami Sushi Kesklinn,4.5,428,$$,Japanese,Sushi Restaurant,restaurant; asian,,"Ravi tn 13, 10138 Tallinn",10138,Mon 11:00-22:00; Tue 11:00-22:00; Wed 11:00-22:00; Thu 11:00-22:00; Fri 11:00-22:00; Sat 11:00-22:00; Sun 11:00-22:00,+372 5596 3787,https://tellimus.amijami.ee/amijami-sushi-ravi,https://maps.google.com/?cid=1623748513827041004,amijami-sushi-kesklinn,2,59.427376,24.752663,ChIJQWSlI6KUkkYR7K46m6u2iBY
,,,Kajakas,4.5,418,$$,,Restaurant,restaurant,,"Pirita tee 20a-1, 12011 Tallinn",12011,Mon 09:00-21:00; Tue 09:00-21:00; Wed 09:00-21:00; Thu 09:00-21:00; Fri 09:00-22:00; Sat 10:00-22:00; Sun 10:00-21:00,+372 5377 1990,https://kajakaspizza.ee/,https://maps.google.com/?cid=2281402910122744047,kajakas,2,59.446438,24.803768,ChIJpfP9BAiTkkYR75ho_9srqR8
,,,Matka Restaurant,4.5,412,$$,Indian,Indian Restaurant,restaurant; asian,,"küti tee 4 peetri, 75312 Tallinn",75312,Mon 10:00-21:00; Tue 10:00-21:00; Wed 10:00-21:00; Thu 10:00-21:00; Fri 10:00-22:00; Sat 11:00-22:00; Sun 12:00-21:00,+372 600 4474,http://matkarestoran.ee/,https://maps.google.com/?cid=6235659040873893978,matka-restaurant,2,59.397629,24.804824,ChIJ74OFFtyVkkYRWtC9F9yCiVY
,,,Fersen -Tallin Patkuli vaateplats,4.5,391,$$,,Restaurant,restaurant,,"Rahukohtu tn 5, 10130 Tallinn",10130,Mon 10:00-22:00; Tue 10:00-22:00; Wed 10:00-22:00; Thu 10:00-22:00; Fri 10:00-23:00; Sat 10:00-23:00; Sun 10:00-20:00,+372 660 6425,http://fersen.ee/,https://maps.google.com/?cid=2670541823775069286,fersen-tallin-patkuli-vaateplats,2,59.438325,24.741097,ChIJR_gpk2KTkkYRZtTvu6OrDyU
,,,Black Mount Pub,4.5,378,$,,Restaurant,restaurant; cheap-eats,,"A. H. Tammsaare tee 137, 12915 Tallinn",12915,Mon 11:00-22:00; Tue 11:00-22:00; Wed 11:00-22:00; Thu 11:00-22:00; Fri 11:00-02:00; Sat 12:00-02:00; Sun 12:00-22:00,+372 657 0455,http://www.blackmount.ee/,https://maps.google.com/?cid=1511522712620369997,black-mount-pub,1,59.408531,24.674613,ChIJ7RQR7FaUkkYRTQisE-YB-hQ
,,,Kork brasserie,4.5,357,$$,French,French Restaurant,restaurant,,"Suur-Karja tn 5, 10140 Tallinn",10140,Mon 12:00-23:00; Tue 12:00-23:00; Wed 12:00-23:00; Thu 12:00-23:00; Fri 12:00-23:00; Sat 12:00-23:00; Sun 12:00-22:00,+372 641 8048,http://korkbrasserie.ee/,https://maps.google.com/?cid=15179104684737863246,kork-brasserie,2,59.436177,24.746373,ChIJa2L-AmKTkkYRTp5E1kkDp9I
,,,La Pizzeria di Orm Oja,4.5,346,$$,Pizza,Pizza Restaurant,restaurant,,"Vene tn 1, 10123 Tallinn",10123,Mon 12:00-23:00; Tue 12:00-23:00; Wed 12:00-23:00; Thu 12:00-23:00; Fri 12:00-23:00; Sat 12:00-23:00; Sun 12:00-18:00,+372 5191 1124,https://instagram.com/lapizzeriadiormoja?igshid=YmMyMTA2M2Y=,https://maps.google.com/?cid=3028594664697311792,la-pizzeria-di-orm-oja,2,59.436956,24.746337,ChIJD3OksJSTkkYRMDLtJc26Byo
,,,Pan Y Vino,4.5,345,$$,Peruvian,Peruvian Restaurant,restaurant,,"Pikk tn 34, 10123 Tallinn",10123,Mon closed; Tue 16:00-00:00; Wed 16:00-00:00; Thu 16:00-00:00; Fri 16:00-00:00; Sat 16:00-00:00; Sun closed,+372 525 8517,https://www.panyvino.ee/,https://maps.google.com/?cid=982262224696093798,pan-y-vino,2,59.439591,24.747266,ChIJreBfm2OTkkYRZqxLA0qyoQ0
,,,Osteria del Gallo Nero,4.5,331,$$,Italian,Snack Bar,pub,,"Olevimägi 11, 10123 Tallinn",10123,Mon closed; Tue 12:00-22:00; Wed 12:00-22:00; Thu 12:00-22:00; Fri 12:00-22:00; Sat 12:00-22:00; Sun closed,+372 5843 4987,http://www.osteriagallonero.com/,https://maps.google.com/?cid=6428066456648202797,osteria-del-gallo-nero,2,59.440470,24.748805,ChIJ-YqBZmKTkkYRLboejWIUNVk
,,,Kalaranna Cafe Resto,4.5,330,$$,,Restaurant,restaurant,,"Kalaranna tn 8-27, 10415 Tallinn",10415,Mon 10:00-21:00; Tue 10:00-21:00; Wed 10:00-21:00; Thu 10:00-21:00; Fri 10:00-21:00; Sat 11:00-21:00; Sun 11:00-20:00,+372 5816 1630,https://kalarannaresto.ee/,https://maps.google.com/?cid=17831730212223765549,kalaranna-cafe-resto,2,59.446394,24.747234,ChIJs0HygeeTkkYRLcwyxiYId_c
,,,Restoran Armudu Põhja-Tallinn,4.5,324,$$,Middle Eastern,Restaurant,restaurant,,"Sõle tn 14, 10611 Tallinn",10611,Mon 11:00-22:00; Tue 11:00-22:00; Wed 11:00-22:00; Thu 11:00-22:00; Fri 11:00-23:00; Sat 11:00-23:00; Sun 11:00-22:00,+372 5698 9838,https://www.restoranarmudu.ee/et,https://maps.google.com/?cid=59398342101362516,restoran-armudu-pohja-tallinn,2,59.434941,24.714017,ChIJwX2TFQCVkkYRVOcyOXoG0wA
,,,Koidu 82 Resto,4.5,310,$$,,Restaurant,restaurant,,"Koidu tn 82, 10139 Tallinn",10139,Mon 11:00-22:00; Tue 11:00-22:00; Wed 11:00-22:00; Thu 11:00-22:00; Fri 11:00-22:00; Sat 11:00-22:00; Sun 11:00-21:00,+372 600 1100,https://www.facebook.com/Koidu-82-Resto-100244982739870,https://maps.google.com/?cid=11156712054463284612,koidu-82-resto,2,59.424351,24.732327,ChIJGRyoHdCVkkYRhEWas4Ca1Jo
,,,Nihe Kohvik,4.5,304,$$,,Coffee Shop,coffee,,"Telliskivi tn 60a-2, 10412 Tallinn",10412,Mon 09:00-21:00; Tue 09:00-21:00; Wed 09:00-21:00; Thu 09:00-21:00; Fri 09:00-21:00; Sat 09:00-21:00; Sun 09:00-21:00,+372 600 6677,http://www.nihekohvik.ee/,https://maps.google.com/?cid=16711918552607017827,nihe-kohvik,2,59.439800,24.728729,ChIJ6_QvhlKTkkYRY8tmS2Gp7Oc
,,,Dzingel Buffet Restaurant,4.5,286,,,Restaurant,restaurant,,"Männiku tee 89, 11213 Tallinn",11213,Mon 07:00-21:00; Tue 07:00-21:00; Wed 07:00-21:00; Thu 07:00-21:00; Fri 07:00-21:00; Sat 07:00-21:00; Sun 07:00-21:00,+372 610 5263,https://dzingel.ee/restoran?y_source=1_MTAxMzU2MzMzMi03MTUtbG9jYXRpb24ud2Vic2l0ZQ%3D%3D,https://maps.google.com/?cid=13392140039387009511,dzingel-buffet-restaurant,,59.378278,24.718768,ChIJizreojqVkkYR59HyRWlw2rk
,,,Shaurma Fusion,4.5,280,$,Middle Eastern,Takeout Restaurant,restaurant; cheap-eats,,"E. Vilde tee 71a, 13421 Tallinn",13421,Mon 12:00-22:00; Tue 12:00-22:00; Wed 12:00-22:00; Thu 12:00-22:00; Fri 12:00-22:00; Sat 12:00-22:00; Sun 12:00-22:00,+372 5757 0353,http://www.shaurmafusion.ee/,https://maps.google.com/?cid=10885696314530620096,shaurma-fusion,1,59.402798,24.688026,ChIJPZCPvP6UkkYRwGJgiB_DEZc
,,,Kuusk Hernesto,4.5,275,$,,Restaurant,restaurant; cheap-eats,,"Herne tn 6, 10135 Tallinn",10135,Mon 10:00-17:00; Tue 10:00-17:00; Wed 10:00-17:00; Thu 10:00-17:00; Fri 10:00-17:00; Sat closed; Sun closed,+372 678 0323,https://www.facebook.com/kohvikkuushernest/,https://maps.google.com/?cid=11332955422481951367,kuusk-hernesto,1,59.424656,24.750141,ChIJWRqP5aKUkkYRh6pfhOm-Rp0
,,,Pizza Wabrik Nõmme tee,4.5,269,$,Pizza,Pizza Restaurant,restaurant; cheap-eats,,"Nõmme tee 82a, 13418 Tallinn",13418,Mon 11:00-22:00; Tue 11:00-22:00; Wed 11:00-22:00; Thu 11:00-22:00; Fri 11:00-22:00; Sat 11:00-22:00; Sun 11:00-22:00,+372 5550 3322,http://www.pizzawabrik.ee/,https://maps.google.com/?cid=8701212143664784149,pizza-wabrik-nomme-tee,1,59.409467,24.713221,ChIJt6bf-e6UkkYRFWN0-lfqwHg
,,,Sushi Plaza IZAKAYA (Kalamaja),4.5,255,$$,Japanese,Izakaya Restaurant,restaurant; asian,,"Vana-Kalamaja tn 10, 10412 Tallinn",10412,Mon 11:00-22:00; Tue 11:00-22:00; Wed 11:00-22:00; Thu 11:00-22:00; Fri 11:00-23:00; Sat 12:00-23:00; Sun 12:00-22:00,+372 5300 8362,http://www.izakaya.ee/,https://maps.google.com/?cid=7666828137595475920,sushi-plaza-izakaya-kalamaja,2,59.442387,24.738550,ChIJwS5mIcyTkkYR0BdZD5ILZmo
,,,Repa Restoran Nautica,4.5,236,$$,Eastern European,Eastern European Restaurant,restaurant,,"Ahtri tn 9, 10151 Tallinn",10151,Mon 11:00-20:00; Tue 11:00-20:00; Wed 11:00-20:00; Thu 11:00-20:00; Fri 11:00-20:00; Sat 11:00-20:00; Sun 11:00-20:00,+372 600 1077,https://www.repa.ee/,https://maps.google.com/?cid=2870409411108304757,repa-restoran-nautica,2,59.442071,24.762895,ChIJ2d6673yTkkYRdXcMvSa-1Sc
,,,Whatever Bar,4.5,234,$$,,Bar,pub,,"Pikk tn 35, 10133 Tallinn",10133,Mon closed; Tue closed; Wed 20:00-02:00; Thu 20:00-02:00; Fri 20:00-03:00; Sat 20:00-03:00; Sun closed,+372 699 0130,https://www.facebook.com/ukskoikbaar/,https://maps.google.com/?cid=8781260185488793439,whatever-bar,2,59.439243,24.746308,ChIJ3YZdtmOTkkYRXx9XFJ1N3Xk
,,,Tehnopol Pizzakiosk,4.5,233,$$,,Takeout Restaurant,restaurant,,"Akadeemia tee 21/6, 12618 Tallinn",12618,Mon 11:00-21:00; Tue 11:00-21:00; Wed 11:00-21:00; Thu 11:00-21:00; Fri 11:00-21:00; Sat 11:00-21:00; Sun 11:00-21:00,+372 5670 9757,https://www.pizzakiosk.ee/,https://maps.google.com/?cid=10035127618925529092,tehnopol-pizzakiosk,2,59.397871,24.657694,ChIJuwgroK6VkkYRBIjEqWbvQ4s
,,,Korsaar,4.5,231,$$,,Cocktail Bar,pub,,"Dunkri tn 5, 10123 Tallinn",10123,Mon closed; Tue closed; Wed closed; Thu closed; Fri closed; Sat 21:00-03:00; Sun closed,+372 5880 6631,https://beerhouse.ee/korsaar/,https://maps.google.com/?cid=7478384778515689103,korsaar,2,59.436841,24.743539,ChIJgZsdcmKTkkYRj64deVWPyGc
,,,Bakinski Dvorik,4.5,225,$$,,Restaurant,restaurant,,"Peterburi tee 90F, 13816 Tallinn",13816,Mon 11:00-22:00; Tue 11:00-22:00; Wed 11:00-22:00; Thu 11:00-22:00; Fri 11:00-22:00; Sat 12:00-22:00; Sun 12:00-22:00,+372 5647 6284,https://www.facebook.com/bakinskidvorik/,https://maps.google.com/?cid=10806335660060339292,bakinski-dvorik,2,59.431860,24.858484,ChIJn-8YlbLskkYRXGyIRQfR95U
,,,Peetri Pizza,4.5,205,$,,Takeout Restaurant,restaurant; cheap-eats,,"Kadaka tee 66b, 12615 Tallinn",12615,Mon closed; Tue 11:00-21:00; Wed 11:00-21:00; Thu 11:00-21:00; Fri 11:00-21:00; Sat 11:00-21:00; Sun 11:00-21:00,+372 505 9109,http://www.peetripizza.ee/,https://maps.google.com/?cid=9024846114919000153,peetri-pizza,1,59.409153,24.661258,ChIJGcZuBlKUkkYRWahP0LmxPn0
,,,FUME Restoran,4.5,201,,European,Restaurant,restaurant,,"Ahtri 6, 10117 Tallinn",10117,Mon 12:00-23:00; Tue 12:00-23:00; Wed 12:00-23:00; Thu 12:00-23:00; Fri 12:00-00:00; Sat 12:00-00:00; Sun 12:00-23:00,+372 5558 9880,https://fumeresto.ee/,https://maps.google.com/?cid=14983462092546061725,fume-restoran,,59.440045,24.757440,ChIJMcfu-ueTkkYRnTW9K2Pz788
,,,Dawat kebab restaurant,4.5,181,$,,Restaurant,restaurant; cheap-eats,,"Narva mnt 31, 10120 Tallinn",10120,Mon 11:30-02:00; Tue 11:30-02:00; Wed 11:30-02:00; Thu 11:30-03:00; Fri 11:30-03:00; Sat 11:30-03:00; Sun 11:30-02:00,+372 5461 3077,,https://maps.google.com/?cid=15376066541675383066,dawat-kebab-restaurant,1,59.439007,24.773935,ChIJk1WdcQCTkkYRGolUww3DYtU
,,,Sailors Home Cafe,4.5,178,$$,Italian,Cafe,coffee,,"Purje tn 8, 11911 Tallinn",11911,Mon 09:30-19:00; Tue 09:30-19:00; Wed 09:30-19:00; Thu 09:30-19:00; Fri 09:30-19:00; Sat 09:30-19:00; Sun 09:30-18:00,+372 5662 7447,http://www.sailorshome.ee/,https://maps.google.com/?cid=5330910549610930489,sailors-home-cafe,2,59.466899,24.825380,ChIJi5SVJiqTkkYROSHxhuYy-0k
,,,Zaiqa restaurant & takeaway,4.5,173,$,Turkish,Turkish Restaurant,restaurant; cheap-eats,,"Väike-Karja tn 1, 10140 Tallinn",10140,Mon 19:00-06:00; Tue 19:00-06:00; Wed 19:00-11:00; Thu 19:00-11:00; Fri 19:00-11:00; Sat 19:00-11:00; Sun 19:00-06:00,+372 5699 0407,https://wolt.com/et/est/tallinn/restaurant/zaiqatln,https://maps.google.com/?cid=186219924690368877,zaiqa-restaurant-takeaway,1,59.435949,24.746879,ChIJSbUe7JWTkkYRbflE7QiWlQI
,,,Burger&kebab Good Time,4.5,165,$,,Fast Food Restaurant,restaurant; cheap-eats,,"Aia 7a, 10111 Tallinn",10111,Mon 12:00-02:00; Tue 12:00-02:00; Wed 12:00-02:00; Thu 12:00-02:00; Fri 12:00-02:00; Sat 12:00-02:00; Sun 12:00-02:00,+372 5355 5706,,https://maps.google.com/?cid=17206846279716795341,burger-kebab-good-time,1,59.438588,24.750950,ChIJY8FtCACTkkYRzXNFj4b_yu4
,,,Gourmet Club,4.5,165,$$,Pizza,Cafeteria,coffee,,"Erika tn 14, 10416 Tallinn",10416,Mon 10:00-20:00; Tue 10:00-20:00; Wed 10:00-20:00; Thu 10:00-20:00; Fri 10:00-20:00; Sat 10:00-20:00; Sun 11:00-18:00,+372 5344 2472,https://www.gourmetclub.ee/,https://maps.google.com/?cid=2431079874663097761,gourmet-club,2,59.451684,24.717658,ChIJw4KBYYOTkkYRoSXl_UPuvCE
,,,Mõigu Bistroo,4.5,165,$,,Bistro,restaurant; cheap-eats,,"Kaabli tn 7-9, 10112 Tallinn",10112,Mon 10:00-15:00; Tue 10:00-15:00; Wed 10:00-15:00; Thu 10:00-15:00; Fri 10:00-15:00; Sat closed; Sun closed,+372 5458 4835,,https://maps.google.com/?cid=14938463183765233141,moigu-bistroo,1,59.408167,24.811377,ChIJC9oobEPrkkYR9d2TRh4VUM8
,,,Poké Bowl Ülemiste Keskus,4.5,159,$,Hawaiian,Fast Food Restaurant,restaurant; cheap-eats,,"Suur-Sõjamäe tn 4, 11415 Tallinn",11415,Mon 10:30-21:00; Tue 10:30-21:00; Wed 10:30-21:00; Thu 10:30-21:00; Fri 10:30-21:00; Sat 10:30-21:00; Sun 10:30-19:00,+372 5685 6444,https://pokebowl.ee/,https://maps.google.com/?cid=14558184236689378045,poke-bowl-ulemiste-keskus,1,59.421907,24.794422,ChIJjTigq8LrkkYR_cqPQm4PCco
,,,Al Mare Bistroo,4.5,154,$,,Bistro,restaurant; cheap-eats,,"Hallivanamehe tn 4, 11317 Tallinn",11317,Mon 09:00-17:00; Tue 09:00-17:00; Wed 09:00-17:00; Thu 09:00-17:00; Fri 09:00-17:00; Sat closed; Sun closed,+372 639 1809,http://www.almarefood.ee/hallivanamehe/,https://maps.google.com/?cid=17586431051855076562,al-mare-bistroo,1,59.409246,24.734357,ChIJEUgIo8GUkkYR0py4YN2ND_Q
,,,Shaurma Fusion Lasnamäe,4.5,138,$,,Fast Food Restaurant,restaurant; cheap-eats,,"Punane tn 50-2, 13619 Tallinn",13619,Mon 11:00-22:00; Tue 11:00-22:00; Wed 11:00-22:00; Thu 11:00-22:00; Fri 11:00-22:00; Sat 11:00-22:00; Sun 11:00-22:00,+372 5353 7175,http://www.shaurmafusion.ee/,https://maps.google.com/?cid=7483277953926285729,shaurma-fusion-lasnamae,1,59.435599,24.844212,ChIJDWMIB2vtkkYRoclJp6bx2Wc
,,,Gala Sushi,4.5,134,$$,Japanese,Sushi Restaurant,restaurant; asian,,"Johannes Käis Building, Ülemiste City, Lõõtsa tn 4, 11415 Tallinn",11415,Mon 10:00-21:00; Tue 10:00-21:00; Wed 10:00-21:00; Thu 10:00-21:00; Fri 10:00-21:00; Sat 12:00-21:00; Sun 12:00-21:00,+372 646 4558,https://gala.ee/?utm_source=google&utm_medium=organic&utm_campaign=gbp,https://maps.google.com/?cid=10262483784788629838,gala-sushi,2,59.422063,24.801787,ChIJjdSHeamUkkYRTlmIGaGqa44
,,,Healthy Sweets by Polina,4.5,133,$,,Cafe,coffee; cheap-eats,,"Vana-Kalamaja tn 6, 10412 Tallinn",10412,Mon closed; Tue 09:00-19:00; Wed 09:00-19:00; Thu 09:00-19:00; Fri 09:00-19:00; Sat 10:00-19:00; Sun 10:00-19:00,+372 5561 6966,https://healthysweets.ee/,https://maps.google.com/?cid=12386125398556545932,healthy-sweets-by-polina,1,59.441832,24.738532,ChIJW7X_xcCTkkYRjBNo7Gxb5Ks
,,,Desire Bar,4.5,126,$$,,Bar,pub,,"Sauna tn 10, 10140 Tallinn",10140,Mon closed; Tue closed; Wed closed; Thu 19:00-01:00; Fri 19:00-03:00; Sat 19:00-03:00; Sun closed,+372 5300 4248,http://www.desirebar.ee/,https://maps.google.com/?cid=14991935601414886349,desire-bar,2,59.436255,24.748240,ChIJUWSUoLmTkkYRzdPdsf8NDtA
,,,Chefsfood Grill Kohvik,4.5,125,$,,Cafe,coffee; cheap-eats,,"Osmussaare tn 10, 13811 Tallinn",13811,Mon 10:00-02:00; Tue 10:00-02:00; Wed 10:00-02:00; Thu 10:00-02:00; Fri 10:00-02:00; Sat 10:00-02:00; Sun 10:00-02:00,+372 5690 0344,,https://maps.google.com/?cid=10533235349732864265,chefsfood-grill-kohvik,1,59.436543,24.872113,ChIJ2YZMY7LtkkYRCTFqPL6RLZI
,,,Maarjamäe Resto,4.5,123,$$,,Restaurant,restaurant,,"Pirita tee 56, 12011 Tallinn",12011,Mon closed; Tue 11:00-18:00; Wed 11:00-18:00; Thu 11:00-18:00; Fri 11:00-18:00; Sat 11:00-18:00; Sun 11:00-18:00,+372 522 2986,https://lossikohvikud.ee/,https://maps.google.com/?cid=8739042937642159603,maarjamae-resto,2,59.452462,24.810039,ChIJmcIDXX2TkkYR8w0MF0BRR3k
,,,Aamen Restoran,4.5,117,$$,Asian,Restaurant,restaurant; asian,,"Vana-Viru tn 15, 10148 Tallinn",10148,Mon closed; Tue 12:00-23:00; Wed 12:00-23:00; Thu 12:00-23:00; Fri 12:00-03:00; Sat 12:00-03:00; Sun 12:00-23:00,+372 517 3233,http://www.aamen.ee/,https://maps.google.com/?cid=8658511930992812485,aamen-restoran,2,59.437384,24.752481,ChIJHW4fi0iTkkYRxeFO-rk2KXg
,,,Vistamare Pizzeria,4.5,113,$$,Pizza,Pizza Restaurant,restaurant,,"Kalaranna tn 8-5, 10415 Tallinn",10415,Mon 12:00-22:00; Tue 12:00-22:00; Wed 12:00-22:00; Thu 12:00-22:00; Fri 12:00-22:00; Sat 12:00-22:00; Sun 12:00-21:00,+372 5422 0026,https://www.vistamare.ee/,https://maps.google.com/?cid=3787641807507916010,vistamare-pizzeria,2,59.447634,24.747602,ChIJhcUmweSTkkYR6oTt-CdokDQ
,,,Chefsfood Grill,4.5,105,$$,,Takeout Restaurant,restaurant,,"Kivila tn 30, 13917 Tallinn",13917,Mon 09:00-01:00; Tue 09:00-01:00; Wed 09:00-01:00; Thu 09:00-01:00; Fri 09:00-01:00; Sat 09:00-01:00; Sun 09:00-01:00,+372 5698 1250,https://lm.facebook.com/l.php?u=https://instagram.com/chefsfood.grill?igshid=ZWIzMWE5ZmU3Zg%3D%3D&h=AT3rWEedBoe5aH-RxDBii2PeM2kBFODKzXB-gb67Jhk8MThKWUupNAMqtKj49fx3Fzj72qXWl__AOmIvqedOuIoQGG1Mn-U_UNl3m3SSjh0zOlIUSizu9BuDdOkL_pJ7TKsFFrmzj6fkassv,https://maps.google.com/?cid=10569108127527614563,chefsfood-grill,2,59.443772,24.873793,ChIJsTbHSz7tkkYRYzj6LdgDrZI
,,,KUUMA Grill & Hot Pot,4.5,103,,Asian,Asian Restaurant,restaurant; asian,,"Pikk tn 1, 10123 Tallinn",10123,Mon closed; Tue closed; Wed 17:00-23:00; Thu 17:00-23:00; Fri 17:00-23:00; Sat 17:00-23:00; Sun closed,+372 5880 5888,http://www.kuuma.ee/,https://maps.google.com/?cid=12729482323194868430,kuuma-grill-hot-pot,,59.437824,24.743280,ChIJXx-8FACTkkYRzvKksLo0qLA
,,,Restoran ROOF,4.5,102,$$$,,Restaurant,restaurant,,"Lembitu tn 12, 10114 Tallinn",10114,"Mon 12:00-15:00, 17:30-22:00; Tue 12:00-15:00, 17:30-22:00; Wed 12:00-15:00, 17:30-22:00; Thu 12:00-15:00, 17:30-22:00; Fri 12:00-15:00, 17:30-23:00; Sat 17:30-23:00; Sun closed",+372 699 4390,https://movenpicktallinn.ee/restoran-roof/,https://maps.google.com/?cid=11335615263252073655,restoran-roof,3,59.430501,24.755329,ChIJNbGbmViVkkYRt8yi9AUyUJ0
,,,Vesipiip Tallinn OU - Cosmosepiibud Lounge,4.5,91,$$,,Hookah Bar,pub,,"Tartu mnt 42, 10115 Tallinn",10115,Mon 12:00-00:00; Tue 12:00-00:00; Wed 12:00-00:00; Thu 12:00-00:00; Fri 12:00-02:00; Sat 12:00-02:00; Sun 12:00-00:00,+372 5633 6414,http://www.cosmosepiibudlounge.ee/,https://maps.google.com/?cid=4832563683637055817,vesipiip-tallinn-ou-cosmosepiibud-lounge,2,59.430860,24.769560,ChIJ_yb1XriVkkYRSdGj9RC3EEM
,,,SADU resto,4.5,89,$$,Asian,Asian Restaurant,restaurant; asian,,"Kopli tn 68a, 10412 Tallinn",10412,Mon closed; Tue 17:00-22:00; Wed 17:00-22:00; Thu 17:00-22:00; Fri 17:00-23:00; Sat 17:00-23:00; Sun 13:00-19:00,+372 5887 3324,http://www.saduresto.ee/,https://maps.google.com/?cid=11004303926393600945,sadu-resto,2,59.445533,24.721586,ChIJf409FQCTkkYRsXsgJR4kt5g
,,,Schöller,4.5,87,,,Ice Cream Shop,restaurant,,"Mündi tn 4, 10123 Tallinn",10123,Mon 11:00-22:00; Tue 11:00-22:00; Wed 11:00-22:00; Thu 11:00-22:00; Fri 11:00-22:00; Sat 11:00-22:00; Sun 11:00-22:00,+372 5742 7639,,https://maps.google.com/?cid=12740370699313026711,scholler,,59.437988,24.745169,ChIJo3G753OTkkYRlxZZT6bjzrA
,,,Kohvik Ait,4.5,86,$,,Cafe,coffee; cheap-eats,,"Vene tn 14, 10123 Tallinn",10123,Mon 09:00-18:00; Tue 09:00-18:00; Wed 09:00-18:00; Thu 09:00-18:00; Fri 09:00-18:00; Sat closed; Sun closed,+372 644 6889,http://theatrum.ee/,https://maps.google.com/?cid=12216042596460011544,kohvik-ait,1,59.437951,24.747863,ChIJa8KjKWKTkkYRGCAKowQaiKk
,,,BIG's Gastro,4.5,81,$$,American,Hamburger Restaurant,restaurant,,"Valukoja tn 22, 11415 Tallinn",11415,Mon 11:00-18:00; Tue 11:00-18:00; Wed 11:00-18:00; Thu 11:00-18:00; Fri 11:00-18:00; Sat closed; Sun closed,+372 5301 2177,https://www.facebook.com/BigsGastro/,https://maps.google.com/?cid=6124248218094122460,big-s-gastro,2,59.420356,24.810236,ChIJp9OisOKTkkYR3LXRg06z_VQ
,,,Supchik cafe,4.5,80,$,,Restaurant,restaurant; cheap-eats,,"Mustakivi tee 3a, 13912 Tallinn",13912,Mon 09:00-19:00; Tue 09:00-19:00; Wed 09:00-19:00; Thu 09:00-19:00; Fri 09:00-19:00; Sat 11:00-16:00; Sun 11:00-16:00,+372 5836 3578,https://www.facebook.com/supchikkohvik/,https://maps.google.com/?cid=1341897857140198347,supchik-cafe,1,59.437713,24.870621,ChIJc84cA3jtkkYRywuzy_1gnxI
,,,Kaukaasia Grill,4.5,79,$$,,Restaurant,restaurant,,"Ristiku tn 59, 10320 Tallinn",10320,Mon 10:00-22:00; Tue 10:00-22:00; Wed 10:00-22:00; Thu 10:00-22:00; Fri 10:00-22:00; Sat 10:00-22:00; Sun 10:00-22:00,+372 5191 9372,https://m.facebook.com/_apetiit_-104793857894233/,https://maps.google.com/?cid=7867670832065052112,kaukaasia-grill,2,59.441197,24.713590,ChIJMQWjSTOVkkYR0H3w4u-UL20
,,,Sileri Söök,4.5,78,$,,Restaurant,restaurant; cheap-eats,,"Peterburi tee 66, 13816 Tallinn",13816,Mon 10:00-15:00; Tue 10:00-15:00; Wed 10:00-15:00; Thu 10:00-15:00; Fri 10:00-15:00; Sat closed; Sun closed,+372 5669 9176,http://www.lounad.ee/,https://maps.google.com/?cid=3757495769836634185,sileri-sook,1,59.429619,24.843178,ChIJR5ZaUr-UkkYRSUAlnn5OJTQ
,,,Shang Shi Restaurant,4.5,77,$$$$,,Restaurant,restaurant; fine-dining,,"Rataskaevu tn 5, 10123 Tallinn",10123,Mon closed; Tue closed; Wed 17:00-23:00; Thu 17:00-23:00; Fri 17:00-23:00; Sat 17:00-23:00; Sun closed,+372 618 8840,https://shangshi.bombayclub.com/,https://maps.google.com/?cid=3393295530552100504,shang-shi-restaurant,4,59.437141,24.742999,ChIJ7bXux0iTkkYRmIZ6fE5oFy8
,,,Urban Buns,4.5,76,$$,,Takeout Restaurant,restaurant,,"Välja 20, 10616 Tallinn",10616,Mon closed; Tue 12:00-21:00; Wed 12:00-21:00; Thu 12:00-21:00; Fri 12:00-21:00; Sat 12:00-21:00; Sun closed,+372 8126 6336,https://urbanbuns.choiceqr.com/,https://maps.google.com/?cid=11809899316729267346,urban-buns,2,59.424601,24.704813,ChIJaWnBkoWVkkYRksTGZtsw5aM
,,,Sushi Vibes Central Station,4.5,69,$$,Japanese,Sushi Restaurant,restaurant; asian,,"Toompuiestee 37, 10149 Tallinn",10149,Mon 10:00-21:00; Tue 10:00-21:00; Wed 10:00-21:00; Thu 10:00-21:00; Fri 10:00-22:00; Sat 11:00-22:00; Sun 11:00-22:00,+372 5887 4066,https://sushivibes.ee/,https://maps.google.com/?cid=10285528779384797401,sushi-vibes-central-station,2,59.439866,24.736610,ChIJ4TI9wwGTkkYR2bhJBu6JvY4
,,,Double Sushi,4.5,65,$$,Japanese,Sushi Restaurant,restaurant; asian,,"Läänemere tee 28, 13913 Tallinn",13913,Mon closed; Tue 11:00-21:00; Wed 11:00-21:00; Thu 11:00-21:00; Fri 11:00-21:00; Sat 11:00-21:00; Sun 11:00-21:00,+372 5850 0073,https://www.doublesushi.ee/,https://maps.google.com/?cid=11309462448589001173,double-sushi,2,59.453077,24.874464,ChIJZ_52QWntkkYR1VHESC1I85w
,,,Einela,4.5,63,$,,Restaurant,restaurant; cheap-eats,,"Suur-Sõjamäe tn 30, 11415 Tallinn",11415,Mon 10:00-15:00; Tue 10:00-15:00; Wed 10:00-15:00; Thu 10:00-15:00; Fri 10:00-15:00; Sat closed; Sun closed,+372 5461 9390,https://päevapakkumised.ee/tallinn/einela,https://maps.google.com/?cid=2881884062082076394,einela,1,59.421046,24.824191,ChIJ46uad2ztkkYR6g5DHEmC_ic
,,,"Restaurant ""100""",4.5,62,,,Restaurant,restaurant,,"Endla tn 15, 10122 Tallinn",10122,Mon 07:00-10:00; Tue 07:00-10:00; Wed 07:00-10:00; Thu 07:00-10:00; Fri 07:00-10:00; Sat 08:00-11:00; Sun 08:00-11:00,+372 647 4733,http://www.resto100.ee/,https://maps.google.com/?cid=17519529433157337697,restaurant-100,,59.429512,24.735027,ChIJGxSnupuUkkYRYQJYbzLfIfM
,,,Barbossa restoran,4.5,60,$$,,Fast Food Restaurant,restaurant,,"Peetri tn T5, 10415 Tallinn",10415,Mon 17:00-21:00; Tue 17:00-21:00; Wed 17:00-21:00; Thu 17:00-21:00; Fri 16:30-21:30; Sat 12:00-21:30; Sun 12:00-21:00,+372 520 8283,https://www.facebook.com/profile.php?id=100093100585126,https://maps.google.com/?cid=14069800833543807766,barbossa-restoran,2,59.453447,24.732457,ChIJA0XRX2GTkkYRFqPfJ1D5QcM
,,,Peppersack Restaurant,4.4,5991,$$,Eastern European,Eastern European Restaurant,restaurant,,"Vana turg 6, 10140 Tallinn",10140,Mon 12:00-23:00; Tue 12:00-23:00; Wed 12:00-23:00; Thu 12:00-23:00; Fri 12:00-23:00; Sat 12:00-23:00; Sun 12:00-23:00,+372 646 6996,http://peppersack.ee/,https://maps.google.com/?cid=6274202426281634259,peppersack-restaurant,2,59.436705,24.746682,ChIJS-uRHWKTkkYR0ylpU91xElc
,,,The Dubliner,4.4,4409,$$,European,Irish Pub,pub,,"Suur-Karja tn 18, 10140 Tallinn",10140,Mon 12:00-23:00; Tue 12:00-00:00; Wed 12:00-00:00; Thu 12:00-00:00; Fri 12:00-01:00; Sat 12:00-01:00; Sun 12:00-23:00,+372 644 4694,http://www.villemipubid.ee/dubliner/,https://maps.google.com/?cid=5938184619249731754,the-dubliner,2,59.434605,24.746186,ChIJ8dOxBZ6UkkYRqogRCXOraFI
,,,Old Estonia Restaurant,4.4,3955,$$,,Restaurant,restaurant,,"Raekoja plats 8, 10146 Tallinn",10146,Mon 10:00-23:00; Tue 10:00-23:00; Wed 10:00-23:00; Thu 10:00-23:00; Fri 10:00-00:00; Sat 10:00-00:00; Sun 10:00-23:00,+372 5198 0735,http://www.oldestonia.com/,https://maps.google.com/?cid=1915113149370851757,old-estonia-restaurant,2,59.437649,24.744863,ChIJN21AQGKTkkYRreHtPEPZkxo
,,,Lido Ülemiste,4.4,3779,$$,,Buffet Restaurant,restaurant,,"Suur-Sõjamäe tn 4, 11415 Tallinn",11415,Mon 10:00-21:00; Tue 10:00-21:00; Wed 10:00-21:00; Thu 10:00-21:00; Fri 10:00-21:00; Sat 10:00-21:00; Sun 11:00-20:00,+372 5554 9071,http://www.lido.ee/,https://maps.google.com/?cid=10487462286688781684,lido-ulemiste,2,59.421013,24.793386,ChIJCWLGYlTrkkYRdAVkgWLzipE
,,,Chicago 1933,4.4,3107,$$,,Restaurant,restaurant,,"Prooviveski, Roseni tn 8, 10111 Tallinn",10111,Mon 11:00-23:00; Tue 11:00-23:00; Wed 11:00-00:00; Thu 11:00-01:00; Fri 11:00-02:00; Sat 11:00-02:00; Sun 11:00-23:00,+372 627 1266,http://www.chicago.ee/,https://maps.google.com/?cid=11732260244678972857,chicago-1933,2,59.438987,24.755867,ChIJ5YSSpGGTkkYRuRWHSIhc0aI
,,,Räägupesa,4.4,2722,$,,Fast Food Restaurant,restaurant; cheap-eats,,"Nõmme tee 53, 11311 Tallinn",11311,Mon 09:00-21:00; Tue 09:00-21:00; Wed 09:00-21:00; Thu 09:00-21:00; Fri 09:00-22:00; Sat 12:00-22:00; Sun 12:00-21:00,+372 655 7161,https://facebook.com/raagupesa/,https://maps.google.com/?cid=12494953779361543656,raagupesa,1,59.414994,24.718915,ChIJ2SFd5-yUkkYR6PXE30L-Zq0
,,,Armudu,4.4,2658,$$,Middle Eastern,Restaurant,restaurant,,"Nõmme tee 101a, 13418 Tallinn",13418,Mon 11:00-23:00; Tue 11:00-23:00; Wed 11:00-23:00; Thu 11:00-23:00; Fri 11:00-02:00; Sat 11:00-02:00; Sun 11:00-23:00,+372 677 3903,https://www.restoranarmudu.ee/et,https://maps.google.com/?cid=15123062311076473595,armudu,2,59.405600,24.710367,ChIJa6PZjuWUkkYR-6rP5wvp39E
,,,RUKIS Kohvik ja Pagarikoda,4.4,2610,$$,,Cafe,coffee,,"Viru 11, 10140 Tallinn",10140,Mon 08:00-18:00; Tue 08:00-18:00; Wed 08:00-18:00; Thu 08:00-18:00; Fri 08:00-20:00; Sat 08:00-20:00; Sun 08:00-18:00,+372 5482 0333,http://rukis.ee/,https://maps.google.com/?cid=12100114767747058323,rukis-kohvik-ja-pagarikoda,2,59.436791,24.748719,ChIJITVrk2GTkkYRk4oFqUU-7Kc
,,,Must Puudel,4.4,2161,$$,,Cafe,coffee,,"Kuninga tn 4, 10146 Tallinn",10146,Mon 09:00-23:00; Tue 09:00-00:00; Wed 09:00-00:30; Thu 09:00-00:30; Fri 09:00-01:30; Sat 09:00-01:30; Sun 09:00-23:00,+372 5332 5072,https://mustpuudel.ee/,https://maps.google.com/?cid=8149677756071693893,must-puudel,2,59.436513,24.745356,ChIJITHkHJ6UkkYRRU6OhL14GXE
,,,Lendav Taldrik,4.4,2066,$$,Asian,Asian Restaurant,restaurant; asian,,"Telliskivi tn 60a-6, 10412 Tallinn",10412,Mon 12:00-22:00; Tue 12:00-22:00; Wed 12:00-22:00; Thu 12:00-22:00; Fri 12:00-23:00; Sat 12:00-23:00; Sun 12:00-22:00,+372 621 4222,https://lendavtaldrik.com/,https://maps.google.com/?cid=16594918061280053907,lendav-taldrik,2,59.438915,24.727941,ChIJfelVD4KUkkYRk8pPlw3-TOY
,,,Dodo Pizza,4.4,1923,$$,Pizza,Pizza Restaurant,restaurant,,"Gonsiori tn 10, 10117 Tallinn",10117,Mon 09:00-00:00; Tue 09:00-00:00; Wed 09:00-00:00; Thu 09:00-00:00; Fri 09:00-02:00; Sat 10:00-02:00; Sun 10:00-00:00,+372 629 9209,http://www.dodopizza.ee/,https://maps.google.com/?cid=12867407508190739946,dodo-pizza-3,2,59.435071,24.760876,ChIJc36xJ2CTkkYR6j3nSfQ2krI
,,,Pizza Americana,4.4,1792,$$,Pizza,Pizza Restaurant,restaurant,,"Kaarli pst 2, 10130 Tallinn",10130,Mon 11:30-21:30; Tue 11:30-21:30; Wed 11:30-21:30; Thu 11:30-21:30; Fri 11:30-22:30; Sat 13:00-22:30; Sun 13:00-21:30,+372 644 8837,https://americana.ee/,https://maps.google.com/?cid=11653023864846262056,pizza-americana,2,59.433184,24.741895,ChIJEa2h552UkkYRKJ9P93bbt6E
,,,Hiiu Pubi,4.4,1763,$$,,Gastropub,pub,,"Pärnu mnt. 325, 11620 Tallinn",11620,Mon 11:00-23:00; Tue 11:00-23:00; Wed 11:00-23:00; Thu 11:00-00:00; Fri 11:00-00:00; Sat 12:00-00:00; Sun 12:00-23:00,+372 5911 5500,https://hiiupubi.eu/,https://maps.google.com/?cid=9988242798915726887,hiiu-pubi,2,59.383974,24.672234,ChIJsZ3Qlg6VkkYRJ6651-ddnYo
,,,Boheem,4.4,1690,$$,Pizza,Restaurant,restaurant,,"Kopli tn 18, 10412 Tallinn",10412,Mon 09:00-22:00; Tue 09:00-22:00; Wed 09:00-22:00; Thu 09:00-22:00; Fri 09:00-23:00; Sat 10:00-23:00; Sun 10:00-22:00,+372 631 1928,http://www.boheem.ee/,https://maps.google.com/?cid=5072590393783639125,boheem,2,59.441803,24.732362,ChIJqyiDV3yTkkYRVVyIYBZ2ZUY
,,,Tommi Grill,4.4,1627,$$,,Restaurant,restaurant,,"Viru väljak 2, 10111 Tallinn",10111,Mon 11:30-23:00; Tue 11:30-23:00; Wed 11:30-23:00; Thu 11:30-23:00; Fri 11:30-23:00; Sat 11:30-23:00; Sun 11:30-21:00,+372 662 2099,http://tommigrill.com/,https://maps.google.com/?cid=13616635060137735345,tommi-grill,2,59.437657,24.753928,ChIJv5hb_WCTkkYRsbSjc3EB-Lw
,,,Suveterrass,4.4,1440,$$,,Restaurant,restaurant,,"Kai tn 5, 10111 Tallinn",10111,Mon 12:00-23:00; Tue 12:00-23:00; Wed 12:00-23:00; Thu 12:00-23:00; Fri 12:00-01:00; Sat 12:00-01:00; Sun 12:00-23:00,+372 5557 0006,https://www.suveterrass.ee/,https://maps.google.com/?cid=18314577131560153440,suveterrass,2,59.443602,24.757339,ChIJSYiKQmaTkkYRYLEiyt1yKv4
,,,Sushi Plaza SUSHI & SASHIMI (Maakri),4.4,1413,$$,Japanese,Sushi Restaurant,restaurant; asian,,"Maakri tn 23a, 10145 Tallinn",10145,Mon 11:00-22:00; Tue 11:00-22:00; Wed 11:00-22:00; Thu 11:00-23:00; Fri 11:00-23:00; Sat 11:00-23:00; Sun 11:00-22:00,+372 5333 2699,http://www.sushiplaza.ee/,https://maps.google.com/?cid=5766793910869056252,sushi-plaza-sushi-sashimi-maakri,2,59.432437,24.760252,ChIJneR4QF6TkkYR_Fo8FoLEB1A
,,,Suliko Restaurant,4.4,1367,$$,Eastern European,Eastern European Restaurant,restaurant,,"Nõmme tee 51, 11311 Tallinn",11311,Mon 11:00-22:30; Tue 11:00-22:30; Wed 11:00-22:30; Thu 11:00-22:30; Fri 11:00-22:30; Sat 11:00-22:30; Sun 11:00-22:00,+372 655 7368,http://suliko.ee/,https://maps.google.com/?cid=11439173727111038535,suliko-restaurant,2,59.415196,24.719059,ChIJCX243uyUkkYRR0ZvwOUbwJ4
,,,Peatus,4.4,1323,$$,,Restaurant,restaurant,,"Reisijate tn, 10412 Tallinn",10412,Mon 12:00-23:00; Tue 12:00-23:00; Wed 12:00-23:00; Thu 12:00-23:00; Fri 11:00-00:00; Sat 11:00-00:00; Sun 11:00-00:00,+372 5887 7727,https://www.facebook.com/kohvikpeatus,https://maps.google.com/?cid=13609163106778125928,peatus,2,59.440618,24.731232,ChIJeWFVwX2TkkYRaJbcvb113bw
,,,Tokumaru Solaris,4.4,1304,$$,Japanese,Japanese Restaurant,restaurant; asian,,"Estonia pst 9, 10143 Tallinn",10143,Mon 11:00-21:00; Tue 11:00-21:00; Wed 11:00-21:00; Thu 11:00-21:00; Fri 11:00-22:00; Sat 11:00-22:00; Sun 11:00-21:00,+372 5770 2405,http://www.tokumaru.ee/,https://maps.google.com/?cid=9831069147521646174,tokumaru-solaris,2,59.433440,24.751635,ChIJAyCX6p-UkkYRXn5UbE35bog
,,,Ingver Restoran,4.4,1216,$$,Asian,Asian Restaurant,restaurant; asian,,"Mahtra tn 27, 13811 Tallinn",13811,Mon 11:30-22:00; Tue 11:30-22:00; Wed 11:30-22:00; Thu 11:30-22:00; Fri 11:30-22:00; Sat 11:30-22:00; Sun 11:30-22:00,+372 602 4621,http://gingercafe.ee/,https://maps.google.com/?cid=578300619807014453,ingver-restoran,2,59.441841,24.874915,ChIJiQvPQe7skkYRNT78iFmJBgg
,,,Highlander Scottish Pub,4.4,1090,$$,,Pub,pub,,"Kuninga tn 1, 10146 Tallinn",10146,Mon closed; Tue 17:00-03:00; Wed 17:00-03:00; Thu 17:00-03:00; Fri 17:00-05:00; Sat 17:00-05:00; Sun 17:00-03:00,+372 5883 6120,https://www.facebook.com/highlandertallinn/,https://maps.google.com/?cid=7342146689576035828,highlander-scottish-pub,2,59.436287,24.745768,ChIJq-VrBGKTkkYR9GX9iIOL5GU
,,,Levier Cafe Rotermann,4.4,1069,$$,,Cafe,coffee,,"Rotermanni tn 18-1, 10111 Tallinn",10111,Mon 08:00-18:00; Tue 08:00-18:00; Wed 08:00-18:00; Thu 08:00-18:00; Fri 08:00-18:00; Sat 08:00-18:00; Sun 08:00-17:00,+372 5394 6942,http://www.levier.ee/,https://maps.google.com/?cid=10401113730937590257,levier-cafe-rotermann,2,59.439421,24.757566,ChIJc8vWdE6TkkYR8RH5sNQtWJA
,,,Meistri Lyon Cafe & Boulangerie,4.4,946,$$,,Cafe,coffee,,"Meistri tn 22, 13517 Tallinn",13517,Mon 08:00-19:00; Tue 08:00-19:00; Wed 08:00-19:00; Thu 08:00-19:00; Fri 08:00-19:00; Sat 09:00-19:00; Sun 09:00-18:00,+372 622 9218,http://cafelyon.ee/,https://maps.google.com/?cid=16265274314102062365,meistri-lyon-cafe-boulangerie,2,59.415440,24.658824,ChIJLYkhbU-UkkYRHb1Wws_cueE
,,,Drink Bar & Grill,4.4,926,$$,,Bar,pub,,"Väike-Karja tn 8, 10140 Tallinn",10140,Mon 12:00-23:00; Tue 12:00-23:00; Wed 12:00-23:00; Thu 12:00-23:00; Fri 12:00-02:00; Sat 12:00-02:00; Sun 14:00-23:00,+372 644 9433,http://fb.com/drinkbaarandgrill,https://maps.google.com/?cid=2478397923065793857,drink-bar-grill,2,59.435575,24.747593,ChIJX4fR4mGTkkYRQQ1nqMcJZSI
,,,Saiakangi kohvik,4.4,913,$,,Coffee Shop,coffee; cheap-eats,,"Saiakang 3, 10146 Tallinn",10146,Mon 09:00-19:00; Tue 09:00-19:00; Wed 09:00-21:00; Thu 09:00-21:00; Fri 09:00-21:30; Sat 10:00-21:30; Sun 10:00-19:30,+372 5690 4744,https://www.facebook.com/Saiakangikohvik/,https://maps.google.com/?cid=17723220890662785027,saiakangi-kohvik,1,59.437901,24.745447,ChIJJzWTR2KTkkYRA9C8l3-H9fU
,,,Alfredi Pub,4.4,883,$$,,Pub,pub,,"Rahumäe tee 25, 11614 Tallinn",11614,Mon 11:00-21:00; Tue 11:00-21:00; Wed 11:00-22:00; Thu 11:00-22:00; Fri 11:00-00:00; Sat 12:00-00:00; Sun 12:00-21:00,+372 672 2769,http://alfred.ee/,https://maps.google.com/?cid=12272140264367420867,alfredi-pub,2,59.389190,24.702450,ChIJSSLMKhmVkkYRw3Vjw4xmT6o
,,,Om house,4.4,833,$$,Japanese,Restaurant,restaurant; asian,,"Rotermanni tn 18-2, 10111 Tallinn",10111,Mon 12:00-23:00; Tue 12:00-23:00; Wed 12:00-23:00; Thu 12:00-23:00; Fri 12:00-02:00; Sat 12:00-02:00; Sun 14:00-22:00,+372 5550 5158,https://www.omhouse.ee/,https://maps.google.com/?cid=11863673035906479407,om-house,2,59.439345,24.757946,ChIJaViKhpmTkkYRL_WVDMU7pKQ
,,,VESKI KÕRTS,4.4,807,$,,Bistro,restaurant; cheap-eats,,"Tondi tn 17, 11313 Tallinn",11313,Mon 08:00-17:00; Tue 08:00-17:00; Wed 08:00-17:00; Thu 08:00-17:00; Fri 08:00-17:00; Sat closed; Sun closed,+372 650 3299,http://veskikorts.ee/,https://maps.google.com/?cid=1129939309194725591,veski-korts,1,59.412339,24.735554,ChIJkT3Gm1mUkkYR10hNptBZrg8
,,,BACIO Restoran & Kohvik,4.4,765,,Italian,Italian Restaurant,restaurant,,"Narva mnt 63-4, 10120 Tallinn",10120,Mon closed; Tue closed; Wed closed; Thu closed; Fri 18:00-23:00; Sat 18:00-23:00; Sun closed,+372 5302 0902,http://www.bacio.ee/,https://maps.google.com/?cid=17919553745316593570,bacio-restoran-kohvik,,59.440278,24.781539,ChIJi73ezlqTkkYRor8dgzALr_g
,,,The Able Butcher,4.4,759,,Steakhouse,Steak House,restaurant,,"F. R. Kreutzwaldi 23, Level 2, 10147 Tallinn",10147,Mon 12:00-23:00; Tue 12:00-23:00; Wed 12:00-23:00; Thu 12:00-23:00; Fri 12:00-23:00; Sat 12:30-23:00; Sun 12:30-23:00,+372 630 5462,https://theablebutcher.ee/,https://maps.google.com/?cid=1354435692746386596,the-able-butcher,,59.433881,24.768795,ChIJXSNu2liTkkYRpCxCIRbsyxI
,,,Tasca Portuguesa,4.4,706,$$,Portuguese,Portuguese Restaurant,restaurant,,"Kullassepa tn 13, 10146 Tallinn",10146,Mon 10:00-00:00; Tue 10:00-00:00; Wed 10:00-00:00; Thu 10:00-00:00; Fri 10:00-00:00; Sat 10:00-00:00; Sun 10:00-22:00,+372 5613 8551,http://www.tasca.ee/,https://maps.google.com/?cid=15323590921095599135,tasca-portuguesa,2,59.436502,24.744725,ChIJnb7jP32TkkYRH9RNP8FUqNQ
,,,Restoran Armudu Haabersti,4.4,679,$$,Middle Eastern,Restaurant,restaurant,,"Meistri tn 22, 13517 Tallinn",13517,Mon 11:00-23:00; Tue 11:00-23:00; Wed 11:00-23:00; Thu 11:00-23:00; Fri 11:00-00:00; Sat 11:00-00:00; Sun 11:00-23:00,+372 5555 9308,https://www.restoranarmudu.ee/et,https://maps.google.com/?cid=12607434479370380687,restoran-armudu-haabersti,2,59.415663,24.658529,ChIJ4x0Uh-6VkkYRjyXip9ya9q4
,,,Restaurant Frank,4.4,622,$$,,Cocktail Bar,pub,,"Sauna tn 2, 10140 Tallinn",10140,Mon closed; Tue closed; Wed 18:00-02:00; Thu 18:00-02:00; Fri 18:00-03:00; Sat 18:00-03:00; Sun 18:00-00:00,+372 5638 9167,http://www.frankbistro.ee/,https://maps.google.com/?cid=18287481383007730553,restaurant-frank,2,59.435945,24.747781,ChIJxW9C42GTkkYRebu-Nm0vyv0
,,,Cafe Mmuah,4.4,605,$$,,Restaurant,restaurant,,"Gonsiori tn 2, 10143 Tallinn",10143,Mon 11:00-23:00; Tue 11:00-23:00; Wed 11:00-23:00; Thu 11:00-23:00; Fri 11:00-23:00; Sat 11:00-23:00; Sun 11:00-23:00,+372 683 1199,http://www.mmuah.ee/,https://maps.google.com/?cid=17159976379577216641,cafe-mmuah,2,59.434970,24.756209,ChIJ-VJ-B1-TkkYRgS7Lipl7JO4
,,,Caffeine EE,4.4,584,$,,Cafe,coffee; cheap-eats,,"Tatari tn 9, 10141 Tallinn",10141,Mon 07:00-21:00; Tue 07:00-21:00; Wed 07:00-21:00; Thu 07:00-21:00; Fri 07:00-21:00; Sat 09:00-20:00; Sun 09:00-20:00,+372 517 7052,http://caffeine.ee/,https://maps.google.com/?cid=1688802112477103197,caffeine-ee-2,1,59.431279,24.746837,ChIJr3uw456UkkYRXYQg2pLUbxc
,,,Cafe Troika,4.4,540,$$,,Cafe,coffee,,"Mere pst 5, 10111 Tallinn",10111,Mon 11:00-21:00; Tue 11:00-21:00; Wed 11:00-21:00; Thu 11:00-21:00; Fri 11:00-21:00; Sat 11:00-22:00; Sun 11:00-22:00,+372 631 3765,,https://maps.google.com/?cid=2919044939822503224,cafe-troika,2,59.438518,24.753358,ChIJ9eWaGWGTkkYROJWFMeiHgig
,,,Aasia toit Tallinn Asian Cafe,4.4,524,$$,Chinese,Asian Restaurant,restaurant; asian,,"Kopli tn 4, 10412 Tallinn",10412,Mon 10:00-22:00; Tue 10:00-22:00; Wed 10:00-22:00; Thu 10:00-22:00; Fri 10:00-22:00; Sat 10:00-22:00; Sun 10:00-22:00,+372 640 6011,http://asiancafe.ee/,https://maps.google.com/?cid=6398045545699597378,aasia-toit-tallinn-asian-cafe,2,59.441242,24.738079,ChIJX9KA53yTkkYRQtwxiIZsylg
,,,Restaurant Golden Dragon,4.4,522,$$,Chinese,Chinese Restaurant,restaurant; asian,,"Pühavaimu tn 7, 10133 Tallinn",10133,Mon 12:00-22:00; Tue 12:00-22:00; Wed 12:00-22:00; Thu 12:00-22:00; Fri 12:00-23:00; Sat 12:00-23:00; Sun 12:00-22:00,+372 631 3506,http://www.goldendragon.ee/,https://maps.google.com/?cid=5319017927055110761,restaurant-golden-dragon,2,59.438550,24.746960,ChIJ1Xurt2OTkkYRafINkJ_y0Ek
,,,Ginger Arsenal,4.4,520,$$,Indian,Indian Restaurant,restaurant; asian,,"Erika tn 14, 10416 Tallinn",10416,Mon 11:00-21:00; Tue 11:00-21:00; Wed 11:00-21:00; Thu 11:00-21:00; Fri 11:00-21:00; Sat 12:00-21:00; Sun 12:00-21:00,+372 660 8880,http://www.gingercafe.ee/,https://maps.google.com/?cid=13408008412960193698,ginger-arsenal,2,59.451646,24.716816,ChIJbWKUfISTkkYRovzw55zQEro
,,,Hutorok trahter,4.4,417,$$,,Restaurant,restaurant,,"Mustamäe tee 116, 12911 Tallinn",12911,Mon 12:00-22:00; Tue 12:00-22:00; Wed 12:00-22:00; Thu 12:00-22:00; Fri 12:00-23:00; Sat 12:00-23:00; Sun 12:00-22:00,+372 5594 9522,https://www.facebook.com/HutorokTallinn/,https://maps.google.com/?cid=4921374861820974635,hutorok-trahter,2,59.403759,24.679385,ChIJ2bf2lzSVkkYRK1ZgvVw8TEQ
,,,Peetri Pizza,4.4,392,$,Pizza,Pizza Restaurant,restaurant; cheap-eats,,"E. Vilde tee 128, 12614 Tallinn",12614,Mon 11:00-22:00; Tue 11:00-22:00; Wed 11:00-22:00; Thu 11:00-22:00; Fri 11:00-22:00; Sat 11:00-22:00; Sun 11:00-22:00,+372 654 3504,http://www.peetripizza.ee/en/pizzeriad/tallinn/vilde-tee-128/,https://maps.google.com/?cid=11169974963716257095,peetri-pizza-2,1,59.403211,24.663207,ChIJvddSNVOUkkYRR3VQZgy5A5s
,,,Hiiu BBQ Pub,4.4,381,$$,,Pub,pub,,"Pärnu mnt. 370, 11612 Tallinn",11612,Mon closed; Tue closed; Wed 15:00-23:00; Thu 15:00-23:00; Fri 15:00-01:00; Sat 12:00-01:00; Sun 12:00-20:00,+372 650 4074,http://www.olletuba.ee/,https://maps.google.com/?cid=210627164733852029,hiiu-bbq-pub,2,59.384739,24.673190,ChIJjyan7g6VkkYRfUkCVkpM7AI
,,,OA Coffeeshop,4.4,362,$,,Cafe,coffee; cheap-eats,,"Müürivahe 36, 10148 Tallinn",10148,Mon 09:00-19:00; Tue 09:00-19:00; Wed 09:00-19:00; Thu 09:00-19:00; Fri 09:00-19:00; Sat 10:00-20:00; Sun 10:00-20:00,+372 5665 8174,http://www.oa-coffee.com/,https://maps.google.com/?cid=311264587770982208,oa-coffeeshop,1,59.436277,24.749320,ChIJ47tWxfiTkkYRQG8_UX7VUQQ
,,,MyCake,4.4,337,$,,Cafe,coffee; cheap-eats,,"Mere pst 4, 10113 Tallinn",10113,Mon 12:00-18:00; Tue 09:00-18:00; Wed 09:00-18:00; Thu 09:00-18:00; Fri 09:00-18:00; Sat 10:00-18:00; Sun 10:00-18:00,+372 5305 9444,http://mycake.ee/,https://maps.google.com/?cid=17527083540312071729,mycake,1,59.438456,24.754295,ChIJ0ektymSTkkYRMZ7lEJ61PPM
,,,Pagaripoisid,4.4,329,$,,Cafe,coffee; cheap-eats,,"Ehitajate tee 29, 12612 Tallinn",12612,Mon 08:00-19:00; Tue 08:00-19:00; Wed 08:00-19:00; Thu 08:00-19:00; Fri 08:00-19:00; Sat 09:00-17:00; Sun 09:00-17:00,+372 5626 0417,http://www.pagaripoisid.ee/,https://maps.google.com/?cid=7251815149457140492,pagaripoisid,1,59.400749,24.669143,ChIJ74R836qVkkYRDGsw6HSfo2Q
,,,Sanga,4.4,301,$$,,Sandwich Shop,restaurant,,"Rotermanni tn 18-1, 10111 Tallinn",10111,Mon 11:00-20:00; Tue 11:00-20:00; Wed 11:00-20:00; Thu 11:00-20:00; Fri 11:00-20:00; Sat 11:00-20:00; Sun 11:00-20:00,+372 5757 0171,http://www.sanga.ee/,https://maps.google.com/?cid=571486347596849649,sanga,2,59.439477,24.756862,ChIJDwVGST2TkkYR8eF-Js5T7gc
,,,Peetri Pizza,4.4,290,$,Pizza,Pizza Restaurant,restaurant; cheap-eats,,"Roosikrantsi tn 23, 10119 Tallinn",10119,Mon 12:00-01:00; Tue 12:00-01:00; Wed 12:00-01:00; Thu 12:00-01:00; Fri 12:00-01:00; Sat 12:00-01:00; Sun 12:00-01:00,+372 660 2626,https://peetripizza.ee/pizzeria/roosikrantsi,https://maps.google.com/?cid=14720010482311052082,peetri-pizza-3,1,59.430202,24.744079,ChIJfXXzzZ6UkkYRMjstMIv7R8w
,,,Yama Karaoke Bar,4.4,290,$$,,Bar,pub,,"Roosikrantsi tn 15, 10119 Tallinn",10119,Mon closed; Tue closed; Wed closed; Thu closed; Fri 21:00-04:00; Sat 21:00-04:00; Sun closed,+372 5808 8886,https://www.yama.ee/,https://maps.google.com/?cid=16887032564286556418,yama-karaoke-bar,2,59.430999,24.743863,ChIJi1Hzxp6UkkYRAgnBWKXKWuo
,,,Kukustuudio / KuKu klubi / Kinomaja kohvik-baar,4.4,289,$$,,Cafe,coffee,,"Uus tn 3, 10111 Tallinn",10111,Mon 12:00-23:00; Tue 12:00-23:00; Wed 12:00-23:00; Thu 12:00-23:00; Fri 12:00-03:00; Sat 12:00-03:00; Sun closed,+372 5690 7077,https://kukustuudio.ee/,https://maps.google.com/?cid=13781425370119131461,kukustuudio-kuku-klubi-kinomaja-kohvik-baar,2,59.437717,24.749883,ChIJ10BTc56UkkYRRdGBZFt1Qb8
,,,Pontšik,4.4,289,$,,Donut Shop,restaurant; cheap-eats,,"Narva mnt 2, 10117 Tallinn",10117,Mon 09:00-20:00; Tue 09:00-20:00; Wed 09:00-20:00; Thu 09:00-20:00; Fri 09:00-20:00; Sat 10:00-19:00; Sun 10:00-19:00,+372 553 6698,http://www.pontsik.ee/,https://maps.google.com/?cid=3230066066204115826,pontsik,1,59.437070,24.758999,ChIJFRC0J16TkkYRcsMjPfl_0yw
,,,Helios Kohvik,4.4,282,$,,Restaurant,restaurant; cheap-eats,,"Mäealuse tn 2-4, 12618 Tallinn",12618,Mon 09:00-17:00; Tue 09:00-17:00; Wed 09:00-17:00; Thu 09:00-17:00; Fri 09:00-17:00; Sat closed; Sun closed,+372 655 6200,http://helioskohvik.ee/,https://maps.google.com/?cid=4809726970156257798,helios-kohvik,1,59.396983,24.657719,ChIJiQk2nK6VkkYRBpLHQjKVv0I
,,,Ufo Pubi,4.4,262,$,,Bar,pub; cheap-eats,,"Kivisilla tänav 2, 10117 Tallinn",10117,Mon 11:00-20:00; Tue 11:00-20:00; Wed 11:00-20:00; Thu 11:00-20:00; Fri 11:00-20:00; Sat 11:00-19:00; Sun closed,+372 510 7134,http://www.facebook.com/ufopubi/,https://maps.google.com/?cid=3128072679338606206,ufo-pubi,1,59.435050,24.759928,ChIJextVuF-TkkYRfv6UU4claSs
,,,Ärkel katusebaar,4.4,261,$$,,Bar,pub,,"Viru 15, 10140 Tallinn",10140,Mon 12:00-01:00; Tue 12:00-01:00; Wed 12:00-01:00; Thu 12:00-01:00; Fri 12:00-03:00; Sat 12:00-03:00; Sun 12:00-01:00,+372 5810 4067,https://www.arkelbaar.ee/,https://maps.google.com/?cid=7459161477245464284,arkel-katusebaar,2,59.436835,24.749079,ChIJITqNO8eTkkYR3G5-3ddDhGc
,,,NuFace Ülemiste City,4.4,235,$$,Chinese,Chinese Restaurant,restaurant; asian,,"Ülemiste City, Sepise tn 8, 11415 Tallinn",11415,Mon 11:00-16:00; Tue 11:00-16:00; Wed 11:00-16:00; Thu 11:00-16:00; Fri 11:00-16:00; Sat closed; Sun closed,+372 5871 5066,http://www.nuface.ee/,https://maps.google.com/?cid=7663349058475944365,nuface-ulemiste-city,2,59.419201,24.805747,ChIJldFh9u_rkkYRrWlI1F2vWWo
,,,Haabersti Pizzakiosk,4.4,221,$$,,Takeout Restaurant,restaurant,,"Ehitajate tee 148, 13517 Tallinn",13517,Mon 11:00-21:00; Tue 11:00-21:00; Wed 11:00-21:00; Thu 11:00-21:00; Fri 11:00-21:00; Sat 12:00-21:00; Sun 12:00-20:00,+372 5342 7724,https://www.pizzakiosk.ee/,https://maps.google.com/?cid=1250482084965363679,haabersti-pizzakiosk,2,59.421203,24.650847,ChIJgSWijWmUkkYR369ZuNSaWhE
,,,Amijami Sushi Kadriorg,4.4,216,$$,Japanese,Sushi Restaurant,restaurant; asian,,"Vesivärava tn 50, 10147 Tallinn",10147,Mon 11:00-22:00; Tue 11:00-22:00; Wed 11:00-22:00; Thu 11:00-22:00; Fri 11:00-22:00; Sat 11:00-22:00; Sun 11:00-22:00,+372 5690 0010,https://tellimus.amijami.ee/amijami-sushi-kadriorg,https://maps.google.com/?cid=10685464133060089261,amijami-sushi-kadriorg,2,59.432666,24.779491,ChIJk9oxcmmTkkYRrVU51wNlSpQ
,,,Delta Cafe & Bistro,4.4,213,$,,Bistro,restaurant; cheap-eats,,"Pärnu mnt. 141, 11314 Tallinn",11314,Mon 08:30-15:00; Tue 08:30-15:00; Wed 08:30-15:00; Thu 08:30-15:00; Fri 08:30-15:00; Sat closed; Sun closed,+372 5332 5091,http://www.bistrood.ee/,https://maps.google.com/?cid=4705390277121250349,delta-cafe-bistro,1,59.402557,24.730616,ChIJ-9IeN8OUkkYRLZRj3YbnTEE
,,,Peetri Pizza,4.4,212,$,Pizza,Pizza Restaurant,restaurant; cheap-eats,,"Õismäe tee 1a, 13514 Tallinn",13514,Mon 12:00-21:00; Tue 12:00-21:00; Wed 12:00-21:00; Thu 12:00-21:00; Fri 12:00-21:00; Sat 12:00-21:00; Sun 12:00-21:00,+372 671 4067,http://www.peetripizza.ee/,https://maps.google.com/?cid=4837920816640504531,peetri-pizza-4,1,59.413897,24.654837,ChIJ9T031E6UkkYR0zJTr1m_I0M
,,,Airo Cafe,4.4,182,$,,Restaurant,restaurant; cheap-eats,,"Lennujaama tee 13, Kesk-Sõjamäe tn 26, 11101 Tallinn",11101,Mon 10:00-15:00; Tue 10:00-15:00; Wed 10:00-15:00; Thu 10:00-15:00; Fri 10:00-15:00; Sat closed; Sun closed,+372 605 8077,https://www.facebook.com/airocafe,https://maps.google.com/?cid=10411300887734438477,airo-cafe,1,59.418365,24.807505,ChIJKfn5XFfrkkYRTcoe9_5efJA
,,,Restoran Mets,4.4,172,$,,Restaurant,restaurant; cheap-eats,,"Mäealuse tn 2-1, 12618 Tallinn",12618,Mon 08:30-15:30; Tue 08:30-15:30; Wed 08:30-15:30; Thu 08:30-15:30; Fri 08:30-15:30; Sat closed; Sun closed,+372 673 1722,http://www.restoranmets.ee/,https://maps.google.com/?cid=1716007722576265709,restoran-mets,1,59.396220,24.659271,ChIJwRac3K6VkkYR7UH8j-570Bc
,,,Basiilik Pizza & Pasta,4.4,166,$$,Pizza,Pizza Restaurant,restaurant,,"Lootsi tn 10-2, 10151 Tallinn",10151,Mon 10:00-21:00; Tue 10:00-21:00; Wed 10:00-21:00; Thu 10:00-21:00; Fri 10:00-22:00; Sat 10:00-22:00; Sun 10:00-21:00,+372 5343 6688,https://basiilik.ee/,https://maps.google.com/?cid=2377560849433555502,basiilik-pizza-pasta,2,59.441747,24.765288,ChIJQ9SvEACTkkYRLvJc5v7K_iA
,,,Kooker Kadriorg,4.4,165,$,,Restaurant,restaurant; cheap-eats,,"L. Koidula tn 21c, 10127 Tallinn",10127,Mon 07:30-20:00; Tue 07:30-20:00; Wed 07:30-20:00; Thu 07:30-20:00; Fri 07:30-20:00; Sat 07:30-20:00; Sun 07:30-20:00,+372 5192 0149,https://kooker.ee/,https://maps.google.com/?cid=16631028593503484382,kooker-kadriorg,1,59.436627,24.789395,ChIJi7vMzByTkkYR3rkjDWRIzeY
,,,Mets II,4.4,163,$,,Restaurant,restaurant; cheap-eats,,"Eesti Energia peamaja, Lelle tn 22, 11318 Tallinn",11318,Mon 08:30-15:00; Tue 08:30-15:00; Wed 08:30-15:00; Thu 08:30-15:00; Fri 08:30-15:00; Sat closed; Sun closed,+372 5199 6677,http://www.restoranmets.ee/,https://maps.google.com/?cid=8808275472578965529,mets-ii,1,59.403936,24.732812,ChIJKz3scsOUkkYRGfDawt9HPXo
,,,Batumi,4.4,159,$$,,Restaurant,restaurant,,"Kopli tn 99b, 11712 Tallinn",11712,Mon 11:00-23:00; Tue 11:00-23:00; Wed 11:00-23:00; Thu 11:00-23:00; Fri 11:00-03:00; Sat 11:00-03:00; Sun 11:00-23:00,+372 660 9000,,https://maps.google.com/?cid=14153538116905262588,batumi,2,59.460951,24.667926,ChIJtUL8bACTkkYR_N0Wve13a8Q
,,,Sushi24h,4.4,159,$$,Japanese,Sushi Restaurant,restaurant; asian,,"Gonsiori tn 2, 10140 Tallinn",10140,Mon 15:00-03:00; Tue 15:00-03:00; Wed 18:00-06:00; Thu 18:00-06:00; Fri 12:00-06:00; Sat 12:00-06:00; Sun 12:00-03:00,+372 5885 7772,http://www.sushi24h.ee/,https://maps.google.com/?cid=4313433246637264154,sushi24h,2,59.434990,24.756201,ChIJJfKpwsqTkkYRGo0sLK9k3Ds
,,,LoveCoffee,4.4,152,$,,Coffee Shop,coffee; cheap-eats,,"Kai tn 4, 10111 Tallinn",10111,Mon 09:00-20:00; Tue 09:00-20:00; Wed 09:00-20:00; Thu 09:00-20:00; Fri 09:00-20:00; Sat 09:00-20:00; Sun 09:00-20:00,+372 525 7528,https://www.facebook.com/share/17tgUMhuQv/?mibextid=wwXIfr,https://maps.google.com/?cid=15841693692489298042,lovecoffee,1,59.442801,24.754617,ChIJZenpcsiTkkYRevBe_XoA2ds
,,,Loco Rolls,4.4,147,$,,Restaurant,restaurant; cheap-eats,,"Viru väljak 4, 10111 Tallinn",10111,Mon 09:00-21:00; Tue 09:00-21:00; Wed 09:00-21:00; Thu 09:00-21:00; Fri 09:00-22:00; Sat 09:00-22:00; Sun 09:00-20:00,+372 5594 4421,https://locorolls.ee/,https://maps.google.com/?cid=4575623467297165748,loco-rolls-2,1,59.436515,24.755934,ChIJzztLO4OTkkYRtFEwAk3hfz8
,,,Viru Toidutänav / Viru Foodhall,4.4,135,$$,Japanese,Restaurant,restaurant; asian,,"Viru väljak 4, 10111 Tallinn",10111,Mon 11:00-21:00; Tue 11:00-21:00; Wed 11:00-21:00; Thu 11:00-21:00; Fri 11:00-23:00; Sat 11:00-23:00; Sun 11:00-21:00,+372 610 1444,http://www.virukeskus.com/toitlustus,https://maps.google.com/?cid=15537978077069675950,viru-toidutanav-viru-foodhall,2,59.436485,24.754911,ChIJHeipiDCTkkYRro2Lw7z8odc
,,,Döner Kebab,4.4,127,$,Turkish,Turkish Restaurant,restaurant; cheap-eats,,"Aia tn 7, 10111 Tallinn",10111,Mon closed; Tue 10:00-23:30; Wed 10:00-23:30; Thu 10:00-23:30; Fri 00:00-24:00; Sat 00:00-24:00; Sun 10:00-23:30,,,https://maps.google.com/?cid=12605111308983194287,doner-kebab,1,59.438099,24.751030,ChIJ59jB77iTkkYRr9IzZvNZ7q4
,,,NewYork Pizza Ülemiste,4.4,127,$$,Pizza,Pizza Restaurant,restaurant,,"Suur-Sõjamäe tn 4, 11316 Tallinn",11316,Mon 10:00-22:00; Tue 10:00-22:00; Wed 10:00-22:00; Thu 10:00-22:00; Fri 10:00-22:00; Sat 10:00-22:00; Sun 10:00-22:00,+372 601 0221,http://www.newyorkpizza.ee/,https://maps.google.com/?cid=9489305643808180023,newyork-pizza-ulemiste,2,59.422580,24.793819,ChIJLWRfwl3rkkYRN8dL4DTJsIM
,,,ORU Bistro,4.4,123,$$,Seafood,Restaurant,restaurant,,"Narva mnt 120, 10127 Tallinn",10127,Mon 12:00-22:00; Tue 12:00-22:00; Wed 12:00-22:00; Thu 12:00-22:00; Fri 12:00-22:00; Sat 12:00-22:00; Sun 14:00-20:00,+372 603 3300,http://oruhotel.ee/,https://maps.google.com/?cid=13680007498560124693,oru-bistro,2,59.443159,24.804749,ChIJa4RwgUuTkkYRFTdbFFcm2b0
,,,Hawaii Davai,4.4,112,$$,,Restaurant,restaurant,,"Tartu mnt 87, 11412 Tallinn",11412,Mon 11:00-20:00; Tue 11:00-20:00; Wed 11:00-20:00; Thu 11:00-20:00; Fri 11:00-20:00; Sat 12:00-20:00; Sun 12:00-20:00,+372 5360 0184,https://hawaiidavai.ee/,https://maps.google.com/?cid=10355472397823688470,hawaii-davai,2,59.426401,24.783663,ChIJdTJUEaKVkkYRFr-kuUcHto8
,,,Pappa Pizza Tallinn (Mere pst),4.4,98,$$,Pizza,Pizza Restaurant,restaurant,,"Mere pst 6, 10111 Tallinn",10111,Mon 11:00-21:00; Tue 11:00-21:00; Wed 11:00-21:00; Thu 11:00-21:00; Fri 11:00-21:30; Sat 11:00-21:30; Sun 11:00-21:00,+372 5196 9446,https://www.pappapizza.ee/pizzeria/mere-pst,https://maps.google.com/?cid=16261181793172175349,pappa-pizza-tallinn-mere-pst,2,59.439332,24.755013,ChIJF11JUgCTkkYR9bkTeq9Sq-E
,,,Brezza Sushi,4.4,96,$$,Japanese,Sushi Restaurant,restaurant; asian,,"Põhja pst 17, 10414 Tallinn",10414,Mon 11:00-22:30; Tue 11:00-22:30; Wed 11:00-22:30; Thu 11:00-22:30; Fri 11:00-22:30; Sat 11:00-22:30; Sun 11:00-22:30,+372 5819 1492,https://brezzasushi.ee/,https://maps.google.com/?cid=4953503951427404777,brezza-sushi,2,59.444303,24.742951,ChIJ952VNXuTkkYR6QNTWplhvkQ
,,,STADI Karaoke Bar.,4.4,83,$,,Bar,pub; cheap-eats,,"Väike-Karja tn 1, 10140 Tallinn",10140,Mon 21:00-02:00; Tue 21:00-02:00; Wed 21:00-02:00; Thu 21:00-02:00; Fri 18:00-04:00; Sat 18:00-04:00; Sun 21:00-02:00,+372 5649 9673,https://www.facebook.com/stadikaraoke,https://maps.google.com/?cid=13998292634678277012,stadi-karaoke-bar,1,59.435980,24.746721,ChIJf55yPISTkkYRlDP3L_zsQ8I
,,,Soloha Juures,4.4,82,$,Ukrainian,Ukrainian Restaurant,restaurant; cheap-eats,,"Kopli tn 1-10149, 10149 Tallinn",10149,Mon 09:00-19:00; Tue 09:00-19:00; Wed 09:00-19:00; Thu 09:00-19:00; Fri 09:00-19:00; Sat 09:00-19:00; Sun 09:00-17:00,,,https://maps.google.com/?cid=2529980704256460713,soloha-juures,1,59.441160,24.736286,ChIJaX2uJoOTkkYRqYfMzQtMHCM
,,,CERVO Bar,4.4,73,$$,,Restaurant,restaurant,,"Toompuiestee 16, 10137 Tallinn",10137,Mon 16:00-23:00; Tue 16:00-23:00; Wed 16:00-23:00; Thu 16:00-23:00; Fri 16:00-23:00; Sat 14:00-23:00; Sun closed,+372 5687 8707,,https://maps.google.com/?cid=7326956614893767786,cervo-bar,2,59.434659,24.733438,ChIJhaA2n9OVkkYRagxxqziUrmU
,,,Europagar OÜ,4.4,72,,,Pastry Shop,restaurant,,"Trummi tn 16b, 12617 Tallinn",12617,Mon 08:00-18:00; Tue 08:00-18:00; Wed 08:00-18:00; Thu 08:00-18:00; Fri 08:00-18:00; Sat closed; Sun closed,+372 652 2366,http://europagar.ee/,https://maps.google.com/?cid=11823119398023985536,europagar-ou,,59.391676,24.654994,ChIJEeFID6aVkkYRgPk_cHMoFKQ
,,,Beer House,4.3,3596,$$,,Pub,pub,,"Dunkri tn 5, 10123 Tallinn",10123,Mon 12:00-23:00; Tue 12:00-23:00; Wed 12:00-23:00; Thu 12:00-23:00; Fri 12:00-23:30; Sat 12:00-23:30; Sun 12:00-23:00,+372 644 2222,https://www.beerhouse.ee/,https://maps.google.com/?cid=15942798089451646641,beer-house,2,59.436917,24.743681,ChIJSUYScmKTkkYRsa6Kz2QyQN0
,,,Scotland Yard Pub,4.3,3396,$$,,Gastropub,pub,,"Mere pst 6, 10111 Tallinn",10111,Mon 12:00-23:00; Tue 12:00-23:00; Wed 12:00-23:00; Thu 12:00-00:00; Fri 12:00-02:00; Sat 12:00-02:00; Sun 12:00-23:00,+372 653 5190,http://www.scotlandyard.ee/,https://maps.google.com/?cid=16083045074801200898,scotland-yard-pub,2,59.439176,24.754290,ChIJQ6ReJGGTkkYRAg8frkh0Mt8
,,,Mere Resto,4.3,2567,$$,Japanese,Restaurant,restaurant; asian,,"Mere pst 4, 10111 Tallinn",10111,Mon 12:00-23:00; Tue 13:00-23:00; Wed 13:00-00:00; Thu 12:00-00:00; Fri 12:00-02:00; Sat 13:00-02:00; Sun 13:00-23:00,+372 889 8888,https://www.mereresto.ee/,https://maps.google.com/?cid=15466044859720121948,mere-resto,2,59.438235,24.754248,ChIJQ_3V4mCTkkYRXL7fd9ttotY
,,,Beer Garden,4.3,2350,$$,,Pub,pub,,"Inseneri tn 1, 10111 Tallinn",10111,Mon 12:00-23:00; Tue 12:00-23:00; Wed 12:00-23:00; Thu 12:00-23:00; Fri 12:00-02:00; Sat 12:00-02:00; Sun 12:00-23:00,+372 688 0013,http://www.beergarden.ee/,https://maps.google.com/?cid=3993277293288422072,beer-garden,2,59.438226,24.751933,ChIJzVJGDGGTkkYRuPoWfIr4ajc
,,,Goodwin The Steak House,4.3,2089,$$$,Steakhouse,Steak House,restaurant,,"Viru 22, 10140 Tallinn",10140,Mon 12:00-23:00; Tue 12:00-23:00; Wed 12:00-23:00; Thu 12:00-23:00; Fri 12:00-23:00; Sat 12:00-23:00; Sun 12:00-23:00,+372 661 5518,http://www.steak.ee/,https://maps.google.com/?cid=1775681935726889674,goodwin-the-steak-house,3,59.436540,24.749178,ChIJ33bQlGGTkkYRykoUBVB9pBg
,,,Restoran Armudu Lasnamäe,4.3,1836,$$,Middle Eastern,Restaurant,restaurant,,"Mustakivi tee 17, 13912 Tallinn",13912,Mon 11:00-23:00; Tue 11:00-23:00; Wed 11:00-23:00; Thu 11:00-23:00; Fri 11:00-00:00; Sat 11:00-00:00; Sun 11:00-23:00,+372 5552 3555,https://www.restoranarmudu.ee/et,https://maps.google.com/?cid=3103624807599310866,restoran-armudu-lasnamae,2,59.442091,24.860964,ChIJe2_SA3jtkkYREggMnVFKEis
,,,Café Narva,4.3,1758,$,,Cafe,coffee; cheap-eats,,"Narva mnt 10, 10124 Tallinn",10124,Mon 08:30-20:00; Tue 08:30-20:00; Wed 08:30-20:00; Thu 08:30-20:00; Fri 08:30-20:00; Sat 09:30-20:00; Sun 10:00-18:00,+372 660 1786,http://www.kohviknarva.ee/,https://maps.google.com/?cid=9670327356478703120,cafe-narva,1,59.437080,24.763258,ChIJYTg2Zl6TkkYREManwH7nM4Y
,,,Meat&Wine Steak House Tallinn,4.3,1659,$$,Steakhouse,Steak House,restaurant,,"Väike-Karja tn 1, 10140 Tallinn",10140,Mon 12:00-23:00; Tue 12:00-23:00; Wed 12:00-23:00; Thu 12:00-23:00; Fri 12:00-00:00; Sat 12:00-00:00; Sun 12:00-23:00,+372 5650 7212,http://www.meatwine.ee/,https://maps.google.com/?cid=15096085043681263371,meat-wine-steak-house-tallinn,2,59.436058,24.746654,ChIJ93om-WGTkkYRC3-1X10RgNE
,,,Platz Restoran,4.3,1557,$$,,Restaurant,restaurant,,"Laudsepatöökoda, Roseni tn 7, 10111 Tallinn",10111,Mon 11:30-22:00; Tue 11:30-22:00; Wed 11:30-22:00; Thu 11:30-22:00; Fri 11:30-23:00; Sat 11:30-23:00; Sun 12:00-21:00,+372 664 5086,https://www.platz.ee/,https://maps.google.com/?cid=4871058541630774314,platz-restoran,2,59.438571,24.755465,ChIJwdXT3WCTkkYRKtwIhu95mUM
,,,Katharinenthal,4.3,1422,$,,Cafe,coffee; cheap-eats,,"A. Weizenbergi tn 22, 10150 Tallinn",10150,Mon 08:30-20:00; Tue 08:30-20:00; Wed 08:30-20:00; Thu 08:30-20:30; Fri 08:30-20:30; Sat 08:30-20:30; Sun 08:30-20:30,+372 601 1055,http://www.katharinenthal.ee/,https://maps.google.com/?cid=4417569815749615609,katharinenthal,1,59.438555,24.785695,ChIJH2E4XGCTkkYR-V8-lldcTj0
,,,Caffeine EE,4.3,1325,$,,Cafe,coffee; cheap-eats,,"Harju tn 3, 10146 Tallinn",10146,Mon 08:00-21:00; Tue 08:00-21:00; Wed 08:00-21:00; Thu 08:00-21:00; Fri 08:00-21:00; Sat 08:00-21:00; Sun 08:00-21:00,+372 5343 8788,http://caffeine.ee/,https://maps.google.com/?cid=10907590865377552001,caffeine-ee-3,1,59.435742,24.744186,ChIJdYM0952UkkYRgeYf5hmMX5c
,,,Sõpruse kohvik,4.3,1325,$$,,Restaurant,restaurant,,"Sõpruse pst 195, 13415 Tallinn",13415,Mon 11:00-23:00; Tue 11:00-23:00; Wed 11:00-23:00; Thu 11:00-23:00; Fri 11:00-00:00; Sat 11:00-00:00; Sun 11:00-23:00,+372 672 0990,https://sopruskohvik.ee/,https://maps.google.com/?cid=4803386886823125167,sopruse-kohvik,2,59.402401,24.698803,ChIJfcHTVfuUkkYRr6Dck-wOqUI
,,,Al Mare Grill,4.3,1259,$$,Barbecue,Barbecue Restaurant,restaurant,,"Mõisa tn 4, 13522 Tallinn",13522,Mon 11:00-22:00; Tue 11:00-22:00; Wed 11:00-22:00; Thu 11:00-22:00; Fri 11:00-23:00; Sat 11:00-23:00; Sun 11:00-22:00,+372 615 4107,http://www.almarefood.ee/grill/,https://maps.google.com/?cid=1745403257815753870,al-mare-grill,2,59.427160,24.655612,ChIJdZlDjz-UkkYRjuTq8wPrOBg
,,,Sardiinia Resto & Lounge,4.3,1246,$$,Mediterranean,Restaurant,restaurant,,"Masti tn 17-Hoone 2, 11911 Tallinn",11911,Mon closed; Tue 16:00-21:00; Wed 16:00-21:00; Thu 16:00-22:00; Fri 16:00-22:00; Sat 12:00-22:00; Sun 12:00-21:00,+372 660 6960,https://sardiinia.ee/,https://maps.google.com/?cid=3082724326033049932,sardiinia-resto-lounge,2,59.467044,24.826976,ChIJC6KCFiqTkkYRTMmnCXEJyCo
,,,Reval Cafe Pärnu mnt,4.3,1208,$$,,Cafe,coffee,,"Pärnu mnt. 27, 10141 Tallinn",10141,Mon 07:30-21:00; Tue 07:30-21:00; Wed 07:30-21:00; Thu 07:30-21:00; Fri 07:30-21:00; Sat 08:30-20:00; Sun 08:30-20:00,+372 646 1656,https://revalcafe.ee/kohvik/parnu-mnt/,https://maps.google.com/?cid=10959044555758671083,reval-cafe-parnu-mnt,2,59.430699,24.745541,ChIJpbE22p6UkkYR65Ssv_VYFpg
,,,Reval Cafe Rävala,4.3,977,$$,,Cafe,coffee,,"Rävala pst 3, 10143 Tallinn",10143,Mon 07:30-19:00; Tue 07:30-19:00; Wed 07:30-19:00; Thu 07:30-19:00; Fri 07:30-19:00; Sat 09:00-17:00; Sun 09:00-17:00,+372 655 6006,https://revalcafe.ee/kohvik/ravala/,https://maps.google.com/?cid=9302694298647809546,reval-cafe-ravala,2,59.433582,24.758524,ChIJnT9MiV-TkkYRCk70RC3PGYE
,,,Restaurant Kaerajaan,4.3,959,$$,,Restaurant,restaurant,,"Raekoja plats 17, 10146 Tallinn",10146,Mon 12:00-23:00; Tue 12:00-23:00; Wed 12:00-23:00; Thu 12:00-23:00; Fri 12:00-00:00; Sat 12:00-00:00; Sun 12:00-23:00,+372 615 5400,https://www.kaerajaan.ee/,https://maps.google.com/?cid=15451470974605703138,restaurant-kaerajaan,2,59.437163,24.745797,ChIJHaa7F2KTkkYR4rehavymbtY
,,,Boba Koda,4.3,742,,,Tea House,coffee,,"Müürivahe 21, 10140 Tallinn",10140,Mon 12:00-19:00; Tue 12:00-19:00; Wed 12:00-19:00; Thu 12:00-19:00; Fri 12:00-19:00; Sat 12:00-19:00; Sun 12:00-19:00,+372 5911 8878,https://www.instagram.com/bobakoda/,https://maps.google.com/?cid=16976035156130786625,boba-koda,,59.435902,24.748620,ChIJ2X6C5XeTkkYRQe23Fwj-lus
,,,Kennedy’s Tallinn,4.3,734,$$,European,Restaurant,restaurant,,"Pikk tn 13, 10123 Tallinn",10123,Mon 12:00-00:00; Tue 12:00-00:00; Wed 12:00-00:00; Thu 12:00-01:00; Fri 12:00-02:00; Sat 11:00-02:00; Sun 11:00-00:00,+372 512 1903,,https://maps.google.com/?cid=17294113850480986847,kennedys-tallinn,2,59.438111,24.744780,ChIJt_r024KTkkYR3woVO-sIAfA
,,,Loulou,4.3,729,$$,,Breakfast Restaurant,restaurant,,"Laeva tn 1, 10111 Tallinn",10111,Mon 07:30-16:00; Tue 07:30-16:00; Wed 07:30-16:00; Thu 07:30-16:00; Fri 07:30-16:00; Sat 08:00-16:00; Sun 08:00-16:00,+372 552 7799,https://www.loulou.ee/,https://maps.google.com/?cid=10521969032425355056,loulou,2,59.441481,24.756779,ChIJ94ZuP-2TkkYRMLdfUxaLBZI
,,,AMPS Järve,4.3,698,$,Pizza,Bistro,restaurant; cheap-eats,,"Pärnu maantee, Järve Keskus 238, 11624 Tallinn",11624,Mon 08:30-21:00; Tue 08:30-21:00; Wed 08:30-21:00; Thu 08:30-21:00; Fri 08:30-21:00; Sat 09:00-21:00; Sun 09:00-20:00,+372 667 3682,https://amps.ee/jarve/,https://maps.google.com/?cid=17787579944197357425,amps-jarve,1,59.393391,24.720241,ChIJo24XX9-UkkYRcf--c7ct2vY
,,,Shaurma Kebab Telliskivi,4.3,606,$,Middle Eastern,Turkish Restaurant,restaurant; cheap-eats,,"Telliskivi tn 60, 10149 Tallinn",10149,Mon 10:30-22:30; Tue 10:30-22:30; Wed 10:30-22:30; Thu 10:30-00:30; Fri 10:30-06:00; Sat 10:30-06:00; Sun 10:30-22:30,+372 5846 0030,https://shaurmakebab.ee/et,https://maps.google.com/?cid=6473453126543929673,shaurma-kebab-telliskivi,1,59.440530,24.730218,ChIJZS0Pwn2TkkYRSfHKHVJT1lk
,,,Peetri Pizza,4.3,600,$$,,Takeout Restaurant,restaurant,,"Pirita tee 26, 12011 Tallinn",12011,Mon 10:00-23:00; Tue 10:00-23:00; Wed 10:00-23:00; Thu 10:00-23:00; Fri 10:00-01:00; Sat 10:00-01:00; Sun 10:00-23:00,+372 639 3285,http://www.peetripizza.ee/,https://maps.google.com/?cid=16184764569185499326,peetri-pizza-6,2,59.448494,24.804989,ChIJI8M9ADaTkkYRvjihB6DVm-A
,,,5Senses Tallinn,4.3,590,$$,,Cafe,coffee,,"Pikk tn 47, 10133 Tallinn",10133,Mon 09:00-17:00; Tue 09:00-15:00; Wed 09:00-15:00; Thu 09:00-15:00; Fri 09:00-15:00; Sat 09:00-15:00; Sun 09:00-15:00,+372 514 6401,,https://maps.google.com/?cid=7404329625443044447,5senses-tallinn,2,59.439909,24.747084,ChIJF80kR-qTkkYRXwxvhJB2wWY
,,,Münchner Bierstube Pub,4.3,573,$$,,Pub,pub,,"Suur-Karja tn 18, 10146 Tallinn",10146,Mon 11:00-23:00; Tue 11:00-23:00; Wed 11:00-23:00; Thu 11:00-00:00; Fri 11:00-00:00; Sat 11:00-00:00; Sun 11:00-23:00,+372 644 4733,https://www.villemipubid.ee/bayern,https://maps.google.com/?cid=14998574120268833932,munchner-bierstube-pub,2,59.434546,24.746166,ChIJnyuzVwCVkkYRjKT9T7KjJdA
,,,Kinza,4.3,551,$$,,Bar & Grill,pub,,"Peterburi tee 81A, 11415 Tallinn",11415,Mon 10:00-21:00; Tue 10:00-21:00; Wed 10:00-21:00; Thu 10:00-21:00; Fri 10:00-21:00; Sat 10:00-21:00; Sun 10:00-21:00,+372 5565 0222,,https://maps.google.com/?cid=3233100287804696221,kinza,2,59.432958,24.855530,ChIJyRIOnZbskkYRnebPAZVH3iw
,,,Peetri Pizza,4.3,514,$$,Pizza,Pizza Restaurant,restaurant,,"Liivalaia tn 17, 10118 Tallinn",10118,Mon 11:00-23:00; Tue 11:00-23:00; Wed 11:00-23:00; Thu 11:00-23:00; Fri 11:00-02:00; Sat 11:00-02:00; Sun 16:00-22:00,+372 551 8254,http://www.peetripizza.ee/,https://maps.google.com/?cid=10288910509579726201,peetri-pizza-7,2,59.428623,24.750559,ChIJyWfPA6KUkkYReW1IcZiNyY4
,,,Nuudel Telliskivi,4.3,504,$$,Thai,Asian Restaurant,restaurant; asian,,"Telliskivi tn 15, 10611 Tallinn",10611,Mon 11:00-22:00; Tue 11:00-22:00; Wed 11:00-22:00; Thu 11:00-22:00; Fri 11:00-23:00; Sat 11:00-23:00; Sun 11:00-20:00,+372 655 5059,,https://maps.google.com/?cid=13046173810326679543,nuudel-telliskivi,2,59.435027,24.718993,ChIJy1ZzUHOVkkYR96-GevVRDbU
,,,Kalev Marzipan Museum Room,4.3,466,$$,,Cafe,coffee,,"Pikk tn 16, 10123 Tallinn",10123,Mon 10:00-21:00; Tue 10:00-21:00; Wed 10:00-21:00; Thu 10:00-21:00; Fri 10:00-21:00; Sat 10:00-21:00; Sun 10:00-21:00,+372 646 4192,http://kohvikmaiasmokk.ee/,https://maps.google.com/?cid=16498357036958764840,kalev-marzipan-museum-room,2,59.438245,24.745521,ChIJ72PJSWKTkkYRKE9-JVDw9eQ
,,,Hop&Hen,4.3,458,$$,,Bar,pub,,"Viru Keskus Food Hall, Viru väljak 4-6, 10111 Tallinn",10111,Mon 11:00-21:00; Tue 11:00-21:00; Wed 11:00-21:00; Thu 11:00-21:00; Fri 11:00-23:00; Sat 11:00-23:00; Sun 11:00-21:00,+372 5858 8525,https://www.hopandhen.co/,https://maps.google.com/?cid=4641555388369663728,hop-hen,2,59.436254,24.754890,ChIJo9sxkvGTkkYR8PYSoQgeakA
,,,Levist Väljas,4.3,420,$,,Bar,pub; cheap-eats,,"Olevimägi 12, 10123 Tallinn",10123,Mon 17:00-02:00; Tue 17:00-02:00; Wed 17:00-02:00; Thu 17:00-02:00; Fri 17:00-03:00; Sat 17:00-03:00; Sun 17:00-02:00,+372 504 6048,https://www.facebook.com/levistvaljas,https://maps.google.com/?cid=9133594726591723654,levist-valjas,1,59.440083,24.748436,ChIJyxhl6mOTkkYRhnjhEAMMwX4
,,,Pizza Wabrik Tööstuse,4.3,393,$$,Pizza,Pizza Restaurant,restaurant,,"Tööstuse tn 47-a, 10416 Tallinn",10416,Mon 11:00-22:00; Tue 11:00-22:00; Wed 11:00-22:00; Thu 11:00-22:00; Fri 11:00-22:00; Sat 11:00-22:00; Sun 11:00-22:00,+372 5300 7272,http://www.pizzawabrik.ee/,https://maps.google.com/?cid=14923803234111592428,pizza-wabrik-toostuse,2,59.448108,24.727416,ChIJrf1q8niTkkYR7BcMw_j_G88
,,,La Cucina Restaurant and Pizzeria Napoletana,4.3,374,$$,Italian,Italian Restaurant,restaurant,,"Endla tn 23, 10122 Tallinn",10122,Mon 11:30-22:00; Tue 11:30-22:00; Wed 11:30-22:00; Thu 11:30-22:00; Fri 11:30-23:00; Sat 15:00-23:00; Sun 15:00-22:00,+372 666 4817,https://www.lacucina.ee/,https://maps.google.com/?cid=8075652163680817148,la-cucina-restaurant-and-pizzeria-napoletana,2,59.428883,24.732542,ChIJs2xXp3CVkkYR_E_PMdt6EnA
,,,Pagaripoisid,4.3,372,$,,Cafe,coffee; cheap-eats,,"Nunne tn 11, 10134 Tallinn",10134,Mon 09:00-19:00; Tue 09:00-19:00; Wed 09:00-19:00; Thu 09:00-19:00; Fri 09:00-19:00; Sat 09:00-19:00; Sun 10:00-18:00,+372 5626 0407,,https://maps.google.com/?cid=7270986678311045565,pagaripoisid-2,1,59.438625,24.742051,ChIJvbmOAa2TkkYRvclTT9y752Q
,,,Peetri Pizza,4.3,364,$,Pizza,Pizza Restaurant,restaurant; cheap-eats,,"Linnamäe tee 37a, 13912 Tallinn",13912,Mon 10:00-23:00; Tue 10:00-23:00; Wed 10:00-23:00; Thu 10:00-23:00; Fri 10:00-23:00; Sat 10:00-23:00; Sun 10:00-23:00,+372 5592 3222,http://www.peetripizza.ee/,https://maps.google.com/?cid=18040682931973737854,peetri-pizza-8,1,59.450052,24.875263,ChIJ-e9aiebskkYRfk2_AYthXfo
,,,Shaurma Kebab Viru,4.3,339,$,Middle Eastern,Turkish Restaurant,restaurant; cheap-eats,,"Viru väljak 6, 10153 Tallinn",10153,Mon 10:00-22:00; Tue 10:00-22:00; Wed 10:00-22:00; Thu 10:00-22:00; Fri 10:00-22:00; Sat 10:00-22:00; Sun 10:00-22:00,+372 5821 8888,https://shaurmakebab.ee/et,https://maps.google.com/?cid=16190658772761104778,shaurma-kebab-viru,1,59.436724,24.757100,ChIJr9hkhzeTkkYRitH8PV_GsOA
,,,Grillbaas OÜ,4.3,335,$,,Restaurant,restaurant; cheap-eats,,"Ehitajate tee 112, 13517 Tallinn",13517,Mon 10:00-20:00; Tue 10:00-20:00; Wed 10:00-20:00; Thu 10:00-20:00; Fri 10:00-20:00; Sat 11:00-20:00; Sun closed,+372 5757 0033,https://www.facebook.com/grillbaas/,https://maps.google.com/?cid=24452868450056404,grillbaas-ou,1,59.413041,24.662254,ChIJD4VVyk-UkkYR1Hi0GcHfVgA
,,,Ragu cafe,4.3,330,$$,,Cafe,coffee,,"Liivalaia tn 27, 10118 Tallinn",10118,Mon 08:00-22:00; Tue 08:00-22:00; Wed 08:00-22:00; Thu 08:00-22:00; Fri 08:00-22:00; Sat 09:00-22:00; Sun 09:00-22:00,+372 5858 9393,https://www.facebook.com/ragu.resto/,https://maps.google.com/?cid=15779613775077705616,ragu-cafe,2,59.429190,24.754566,ChIJh43mhi2VkkYRkAde3B9z_No
,,,Restaurant Da Rocco,4.3,292,$$$,,Restaurant,restaurant,,"Lai 6, 10133 Tallinn",10133,Mon closed; Tue 17:00-23:00; Wed 17:00-23:00; Thu 17:00-23:00; Fri 17:00-23:00; Sat 17:00-23:00; Sun 17:00-23:00,+372 5627 1177,https://www.darocco.ee/,https://maps.google.com/?cid=5783180073900482958,restaurant-da-rocco,3,59.438203,24.743733,ChIJTxiVW2KTkkYRjqH0-KL7QVA
,,,La Cucina di Orm Oja,4.3,278,$$$$,,Restaurant,restaurant; fine-dining,,"Vene tn 4, 10140 Tallinn",10140,Mon 17:00-00:00; Tue 17:00-00:00; Wed 17:00-00:00; Thu 17:00-00:00; Fri 17:00-00:00; Sat 15:00-00:00; Sun closed,+372 524 4119,http://www.lacucinadiorm.ee/,https://maps.google.com/?cid=6336162578678526343,la-cucina-di-orm-oja,4,59.437155,24.746814,ChIJqRwW3nyTkkYRh7FBfUuS7lc
,,,Wine Library Tallinn,4.3,272,$$,,Restaurant,restaurant,,"Raekoja plats 8, 10146 Tallinn",10146,Mon 10:00-23:00; Tue 10:00-23:00; Wed 10:00-23:00; Thu 10:00-23:00; Fri 10:00-23:00; Sat 10:00-23:00; Sun 10:00-23:00,+372 5919 7202,http://www.winelibrary.ee/,https://maps.google.com/?cid=10170648300236709836,wine-library-tallinn,2,59.437712,24.744930,ChIJRcalQWKTkkYRzB8KH75mJY0
,,,Restoran Senso,4.3,265,$$,,Restaurant,restaurant,,"Radisson Blu Hotel Olumpia, Liivalaia tn 33, 10118 Tallinn",10118,"Mon 06:30-10:30, 12:00-23:00; Tue 06:30-10:30, 12:00-23:00; Wed 06:30-10:30, 12:00-23:00; Thu 06:30-10:30, 12:00-23:00; Fri 06:30-10:30, 12:00-01:00; Sat 07:00-11:00, 12:00-01:00; Sun 07:00-01:00",+372 631 5870,http://www.restoransenso.ee/,https://maps.google.com/?cid=432211625000551763,restoran-senso,2,59.429926,24.757353,ChIJP4EnAKGUkkYRU8Xz1y6G_wU
,,,Unibet Sports Bar Tallinn,4.3,264,$$,,Sports Bar,pub,,"Vana-Viru tn 13, 10148 Tallinn",10148,Mon closed; Tue 14:00-01:00; Wed 14:00-01:00; Thu 14:00-01:00; Fri 14:00-01:00; Sat 12:00-01:00; Sun 12:00-01:00,+372 5917 6767,https://www.unibetsportsbar.com/,https://maps.google.com/?cid=15833684469471997004,unibet-sports-bar-tallinn,2,59.437506,24.751926,ChIJOTAgEaSTkkYRTGx_cCKMvNs
,,,Pavlova,4.3,209,$$,,Coffee Shop,coffee,,"Viru Keskus, Viru väljak 4-6, 10148 Tallinn",10148,Mon 11:00-21:00; Tue 11:00-21:00; Wed 11:00-21:00; Thu 11:00-21:00; Fri 11:00-22:00; Sat 11:00-22:00; Sun 11:00-21:00,,http://www.pavlova.ee/,https://maps.google.com/?cid=10785821873195199754,pavlova,2,59.436229,24.754636,ChIJPUA8r-eTkkYRCi1wEtnvrpU
,,,Söögiplats,4.3,208,$,,Cafe,coffee; cheap-eats,,"Punane tn 48, 13619 Tallinn",13619,Mon 10:00-18:45; Tue 10:00-18:45; Wed 10:00-18:45; Thu 10:00-18:45; Fri 10:00-18:45; Sat 11:00-17:45; Sun 11:00-18:00,+372 5800 4563,,https://maps.google.com/?cid=16090615154033209373,soogiplats,1,59.435175,24.842865,ChIJW5qYfb7skkYRHbCqGTtZTd8
,,,HELLo! Bar,4.3,203,$$,,Bar,pub,,"Väike-Karja tn 1-1st Floor, 10140 Tallinn",10140,Mon 20:00-02:00; Tue 20:00-02:00; Wed 20:00-02:00; Thu 20:00-02:00; Fri 21:00-04:00; Sat 21:00-04:00; Sun 20:00-02:00,,http://instagram.com/hellobartln,https://maps.google.com/?cid=2384418646000177957,hello-bar,2,59.435869,24.747036,ChIJySCIF92TkkYRJZOoFiAoFyE
,,,Allee Restoran,4.3,196,$$,,Restaurant,restaurant,,"Kanuti tn 2, 10111 Tallinn",10111,Mon 12:00-22:00; Tue 12:00-22:00; Wed 12:00-22:00; Thu 12:00-22:00; Fri 12:00-23:00; Sat 12:00-23:00; Sun 12:00-22:00,+372 649 3333,https://www.alleerestoran.ee/,https://maps.google.com/?cid=15041160664206528531,allee-restoran,2,59.440049,24.751544,ChIJoxGiW2GTkkYRE9Cbv-7vvNA
,,,Lido Rotermanni,4.3,184,$$,,Restaurant,restaurant,,"Rotermanni tn 3, 10151 Tallinn",10151,Mon 11:00-21:00; Tue 11:00-21:00; Wed 11:00-21:00; Thu 11:00-21:00; Fri 11:00-21:00; Sat 11:00-21:00; Sun 11:00-21:00,+372 5300 7167,https://lido.ee/,https://maps.google.com/?cid=13976646201769379406,lido-rotermanni,2,59.438419,24.755998,ChIJMXhyKACTkkYRTsbGR6sF98E
,,,Kohvik-pagariäri Köök ja Kook,4.3,183,$,,Coffee Shop,coffee; cheap-eats,,"Raudtee tn 33, 11621 Tallinn",11621,Mon 08:00-19:00; Tue 08:00-19:00; Wed 08:00-19:00; Thu 08:00-19:00; Fri 08:00-19:00; Sat 09:00-19:00; Sun 09:00-19:00,+372 672 3444,https://kookjakook.ee/,https://maps.google.com/?cid=14297532386623504748,kohvik-pagariari-kook-ja-kook,1,59.385261,24.682911,ChIJ6xzZPBCVkkYRbEFWPfQJa8Y
,,,Poké Bowl Mustamäe Keskus,4.3,183,$$,Hawaiian,Fast Food Restaurant,restaurant,,"A. H. Tammsaare tee 104a, 12918 Tallinn",12918,Mon 11:00-22:00; Tue 11:00-22:00; Wed 11:00-22:00; Thu 11:00-22:00; Fri 11:00-22:00; Sat 11:00-22:00; Sun 11:00-22:00,+372 5624 9111,https://pokebowl.ee/,https://maps.google.com/?cid=15500530812985907220,poke-bowl-mustamae-keskus,2,59.408598,24.688860,ChIJc9JaEEOVkkYRFJgFKqbyHNc
,,,Ruddy Baar,4.3,176,$$,,Bar,pub,,"Sauna tn 1, 10140 Tallinn",10140,Mon 20:00-06:00; Tue 20:00-02:00; Wed 19:00-02:00; Thu 19:00-02:00; Fri 19:00-05:00; Sat 19:00-05:00; Sun 20:00-06:00,+372 5829 2238,https://ruddybaar.ee/,https://maps.google.com/?cid=14713472038528280461,ruddy-baar,2,59.435947,24.747659,ChIJQUDH-PuTkkYRjeceHd3AMMw
,,,O'Sushi,4.3,172,$$,Japanese,Takeout Restaurant,restaurant; asian,,"Punane tn 56, 13619 Tallinn",13619,Mon 10:00-22:00; Tue 10:00-22:00; Wed 10:00-22:00; Thu 10:00-22:00; Fri 10:00-22:00; Sat 10:00-22:00; Sun 10:00-22:00,+372 5855 6778,http://osushi.ee/,https://maps.google.com/?cid=4098042878972812998,o-sushi,2,59.436022,24.847197,ChIJ3xbdOb7skkYRxl5-O0ks3zg
,,,LAVAZ,4.3,164,$,,Fast Food Restaurant,restaurant; cheap-eats,,"Pae tn 68, 13620 Tallinn",13620,Mon 12:00-22:00; Tue 12:00-22:00; Wed 12:00-22:00; Thu 12:00-22:00; Fri 12:00-22:00; Sat 12:00-22:00; Sun 12:00-22:00,+372 5191 6464,https://lavaz.ee/ru/menu,https://maps.google.com/?cid=11239710911769486126,lavaz,1,59.435502,24.820800,ChIJr9It24jtkkYRLiMaEoZ5-5s
,,,LaMemme Pizza&Pasta,4.3,162,$$,Italian,Italian Restaurant,restaurant,,"Ehitajate tee 114a, 13517 Tallinn",13517,Mon 11:30-22:00; Tue 11:30-22:00; Wed 11:30-22:00; Thu 11:30-22:00; Fri 11:30-22:00; Sat 11:30-22:00; Sun 11:30-22:00,,https://lamemme.eu/,https://maps.google.com/?cid=4228103206729994965,lamemme-pizza-pasta,2,59.414148,24.660453,ChIJRSOhPgCVkkYR1dLUDnc9rTo
,,,Nomade Restaurant,4.3,122,$$,,Brunch Restaurant,restaurant,,"Ahtri, 10151 Tallinn",10151,Mon 08:30-22:00; Tue 08:30-22:00; Wed 08:30-22:00; Thu 08:30-22:00; Fri 08:30-23:00; Sat 10:00-23:00; Sun 10:00-20:00,+372 510 6530,https://nomade.ee/en/,https://maps.google.com/?cid=8418516619298856462,nomade-restaurant,2,59.440073,24.757188,ChIJ67n7HwCTkkYRDt4HFUOU1HQ
,,,KALVE Golden Gate,4.3,103,$,,Coffee Shop,coffee; cheap-eats,,"Ahtri tn 6, 10151 Tallinn",10151,Mon 08:00-18:00; Tue 08:00-18:00; Wed 08:00-18:00; Thu 08:00-18:00; Fri 08:00-18:00; Sat 09:00-17:00; Sun 09:00-17:00,+372 5814 6862,http://kalvecoffee.com/?utm_source=google&utm_medium=gbp&utm_campaign=locations,https://maps.google.com/?cid=1548985622443167362,kalve-golden-gate,1,59.439844,24.758017,ChIJhwvI3l6TkkYRgo7pezcafxU
,,,Burger Kitchen Sikupilli,4.3,92,$$,,Restaurant,restaurant,,"Tartu mnt 87, 11412 Tallinn",11412,Mon 11:00-20:00; Tue 11:00-20:00; Wed 11:00-20:00; Thu 11:00-20:00; Fri 11:00-20:00; Sat 12:00-20:00; Sun 12:00-20:00,+372 520 9380,https://burgerkitchen.ee/,https://maps.google.com/?cid=4714416693530173384,burger-kitchen-sikupilli,2,59.426489,24.783195,ChIJaf1GQ6CVkkYRyJ8JNQH5bEE
,,,Fredo Öpik,4.3,90,$,,Restaurant,restaurant; cheap-eats,,"Öpiku maja, Ülemiste City, Valukoja tn 8, 11415 Tallinn",11415,Mon 07:30-16:00; Tue 07:30-16:00; Wed 07:30-16:00; Thu 07:30-16:00; Fri 07:30-16:00; Sat closed; Sun closed,+372 5354 1564,https://fredo.ee/opik,https://maps.google.com/?cid=13708929959950887966,fredo-opik,1,59.420083,24.804786,ChIJq6orjgXrkkYRHiyVYSrnP74
,,,Stars,4.3,80,$$,,Bar,pub,,"Kai tn 5, 10111 Tallinn",10111,Mon 11:00-03:00; Tue 11:00-03:00; Wed 11:00-03:00; Thu 11:00-03:00; Fri 11:00-04:00; Sat 11:00-04:00; Sun 11:00-03:00,+372 515 2066,http://www.starstage.ee/,https://maps.google.com/?cid=3769035106081958949,stars,2,59.443470,24.757055,ChIJUY7IIH-TkkYRJez9s3VNTjQ
,,,"Chin Chin veinibaar, lounge",4.3,76,$$,,Wine Bar,pub,,"Kalaranna tn 8, 10415 Tallinn",10415,Mon 11:00-22:00; Tue 11:00-22:00; Wed 11:00-00:00; Thu 11:00-00:00; Fri 11:00-00:00; Sat 11:00-00:00; Sun 11:00-22:00,+372 5420 0172,http://www.chinchin.ee/,https://maps.google.com/?cid=7212946221542515073,chin-chin-veinibaar-lounge,2,59.447122,24.747529,ChIJhaWeOXCTkkYRgaEJZ1-IGWQ
,,,Café Opera,4.3,74,,,Restaurant,restaurant,,"Pärnu mnt. 3, 10148 Tallinn",10148,Mon 12:00-22:00; Tue 12:00-22:00; Wed 12:00-22:00; Thu 12:00-22:00; Fri 12:00-22:00; Sat 12:00-22:00; Sun 12:00-22:00,+372 602 2122,https://www.facebook.com/cafeoperatallinn,https://maps.google.com/?cid=8587656645332464976,cafe-opera,,59.435680,24.751252,ChIJ593rBUSTkkYRUHUQNjh8LXc
,,,Cafe Kompass,4.3,72,$,,Cafe,coffee; cheap-eats,,"Narva mnt 7c, 10117 Tallinn",10117,Mon 06:30-14:00; Tue 06:30-14:00; Wed 06:30-14:00; Thu 06:30-14:00; Fri 06:30-14:00; Sat 07:00-11:00; Sun 07:00-11:00,+372 633 9811,http://www.facebook.com/restorankompass,https://maps.google.com/?cid=12721315760927558606,cafe-kompass,1,59.437977,24.761375,ChIJnfGbFl6TkkYRzkuqvUgxi7A
,,,Puente Tallinn,4.3,64,$$,,Restaurant,restaurant,,"Vesilennuki tn 80, 10415 Tallinn",10415,Mon 12:00-23:00; Tue 12:00-23:00; Wed 12:00-23:00; Thu 12:00-23:00; Fri 12:00-00:00; Sat 12:00-00:00; Sun 12:00-23:00,+372 554 5532,,https://maps.google.com/?cid=3775031625905495660,puente-tallinn,2,59.452491,24.731794,ChIJPV7Vwm6TkkYRbF72RUObYzQ
,,,Vapiano Hobujaama,4.2,4836,$$,Italian,Italian Restaurant,restaurant,,"Hobujaama tn 10, 10151 Tallinn",10151,Mon 11:00-22:00; Tue 11:00-22:00; Wed 11:00-22:00; Thu 11:00-22:00; Fri 11:00-23:00; Sat 11:00-23:00; Sun 11:00-22:00,+372 5881 7525,https://vapiano.ee/,https://maps.google.com/?cid=6201838916080298954,vapiano-hobujaama,2,59.438686,24.758865,ChIJO4xKt2CTkkYRyusoq6JbEVY
,,,McDonald's Ülemiste,4.2,3636,$,American,Fast Food Restaurant,restaurant; cheap-eats,,"Suur-Sõjamäe tn 4, 11415 Tallinn",11415,Mon 08:00-22:00; Tue 08:00-22:00; Wed 08:00-22:00; Thu 08:00-22:00; Fri 08:00-22:00; Sat 08:00-22:00; Sun 08:00-22:00,+372 5561 7417,https://www.mcdonalds.ee/,https://maps.google.com/?cid=144505797978601011,mcdonald-s-ulemiste,1,59.422682,24.794008,ChIJGXot9lTrkkYRM7Z_9EFjAQI
,,,Vapiano Solaris,4.2,2560,$$,Italian,Italian Restaurant,restaurant,,"Estonia pst 9, 10143 Tallinn",10143,Mon 11:00-22:00; Tue 11:00-22:00; Wed 11:00-22:00; Thu 11:00-23:00; Fri 11:00-23:00; Sat 11:00-23:00; Sun 11:00-22:00,+372 5193 0993,https://vapiano.ee/,https://maps.google.com/?cid=3452848880701285978,vapiano-solaris,2,59.433742,24.751126,ChIJAyCX6p-UkkYRWiZOVcP76i8
,,,St. Patrick's Birgitta Supluse pst,4.2,2292,$$,,Restaurant,restaurant,,"Supluse pst 1, 11911 Tallinn",11911,Mon 11:00-23:00; Tue 11:00-23:00; Wed 11:00-23:00; Thu 11:00-23:00; Fri 11:00-00:00; Sat 11:00-00:00; Sun 11:00-23:00,+372 699 8077,http://patricks.ee/,https://maps.google.com/?cid=12725457482916926072,st-patrick-s-birgitta-supluse-pst,2,59.471926,24.831570,ChIJ25m_nSqTkkYReJKZiSjombA
,,,Irish Pub Mad Murphy's,4.2,2267,$$,European,Irish Pub,pub,,"Mündi tn 2, 10146 Tallinn",10146,Mon 12:00-02:00; Tue 12:00-02:00; Wed 12:00-02:00; Thu 12:00-02:00; Fri 12:00-03:00; Sat 12:00-03:00; Sun 12:00-03:00,+372 601 1070,https://facebook.com/MadMurphysIrishBar/,https://maps.google.com/?cid=10184543997148565251,irish-pub-mad-murphy-s,2,59.437712,24.745230,ChIJBVdeP2KTkkYRA49gLc7EVo0
,,,"St. Patrick's, Foorum",4.2,2028,$$,,Restaurant,restaurant,,"Narva mnt 5, 10117 Tallinn",10117,Mon 10:00-23:30; Tue 10:00-23:30; Wed 10:00-23:30; Thu 10:00-23:30; Fri 10:00-02:00; Sat 10:00-02:00; Sun 10:00-23:30,+372 664 0443,http://www.patricks.ee/,https://maps.google.com/?cid=9738706165984538957,st-patrick-s-foorum,2,59.437471,24.758571,ChIJQxu-pGCTkkYRTTFq-6jVJoc
,,,Pulcinella Itaalia Restoran Pizzeria,4.2,1739,$$,Italian,Italian Restaurant,restaurant,,"Suur-Karja tn 2, 10140 Tallinn",10140,Mon 13:00-21:30; Tue 13:00-21:30; Wed 13:00-21:30; Thu 13:00-21:30; Fri 13:00-22:00; Sat 13:00-22:00; Sun 13:00-21:30,+372 5622 9691,http://www.pulcinella.ee/,https://maps.google.com/?cid=8358998147614534595,pulcinella-itaalia-restoran-pizzeria,2,59.436346,24.745988,ChIJX9r_AmKTkkYRw2u2AocgAXQ
,,,Restaurant Troika,4.2,1678,$$,,Restaurant,restaurant,,"Raekoja plats 15, 10146 Tallinn",10146,Mon 12:00-23:00; Tue 12:00-23:00; Wed 12:00-23:00; Thu 12:00-23:00; Fri 12:00-23:00; Sat 12:00-23:00; Sun 12:00-23:00,+372 5333 8555,https://troika.ee/,https://maps.google.com/?cid=1991557865045286634,restaurant-troika,2,59.437362,24.745924,ChIJ2cprPWKTkkYR6t6ol1Nvoxs
,,,Staap,4.2,1651,$,,Fast Food Restaurant,restaurant; cheap-eats,,"Nõmme tee 34, 13425 Tallinn",13425,Mon 00:00-24:00; Tue 00:00-24:00; Wed 00:00-24:00; Thu 00:00-24:00; Fri 00:00-24:00; Sat 00:00-24:00; Sun 00:00-24:00,+372 655 2516,http://www.staabiburger.ee/,https://maps.google.com/?cid=5405041216196186984,staap,1,59.417494,24.720439,ChIJUcSI25KUkkYRaBO4V1mQAks
,,,Lounge Deja Vu,4.2,1287,$$,,Cocktail Bar,pub,,"Vana-Viru tn 14, 10110 Tallinn",10110,Mon 17:00-00:00; Tue 17:00-00:00; Wed 17:00-00:00; Thu 17:00-03:00; Fri 17:00-06:00; Sat 17:00-06:00; Sun 17:00-00:00,+372 5688 4455,http://www.dejavu.ee/,https://maps.google.com/?cid=16693041254384970936,lounge-deja-vu,2,59.437182,24.752233,ChIJL-XGomGTkkYRuKyOzJOYqec
,,,LaBocca - Itaalia restoran Tallinnas,4.2,1029,$$,Italian,Italian Restaurant,restaurant,,"Ahtri tn 6, 10151 Tallinn",10151,Mon 11:00-23:00; Tue 11:00-23:00; Wed 11:00-23:00; Thu 11:00-23:00; Fri 11:00-00:00; Sat 11:00-00:00; Sun 11:00-23:00,+372 5460 0015,https://labocca.ee/,https://maps.google.com/?cid=6982240158353209775,labocca-itaalia-restoran-tallinnas,2,59.439750,24.758561,ChIJ67xX-02TkkYRrzkcN27m5WA
,,,Vana Toomas Restaurant-bistro,4.2,999,$$,,Restaurant,restaurant,,"Raekoja plats 8, 10146 Tallinn",10146,Mon 10:00-23:00; Tue 10:00-23:00; Wed 10:00-23:00; Thu 10:00-23:00; Fri 10:00-23:30; Sat 10:00-23:30; Sun 10:00-23:00,+372 5668 6518,http://www.vanatoomas.eu/,https://maps.google.com/?cid=2927008042365733183,vana-toomas-restaurant-bistro,2,59.437678,24.745057,ChIJN21AQGKTkkYRP8nre07Snig
,,,Damak Döner & Kebab,4.2,998,$,Indian,Halal Restaurant,restaurant; asian; cheap-eats,,"Kaubamaja tn 6, 10143 Tallinn",10143,Mon 11:30-23:55; Tue 11:30-23:55; Wed 11:30-23:55; Thu 11:30-01:30; Fri closed; Sat 11:30-01:55; Sun 11:30-23:55,+372 5607 1227,https://damakrestoran.com/,https://maps.google.com/?cid=11085135997403141743,damak-doner-kebab,1,59.434599,24.755461,ChIJsy9WD2CTkkYRbxYcRHVQ1pk
,,,Drumsticks restoran,4.2,693,$$,Asian,Asian Restaurant,restaurant; asian,,"Kadaka tee 177A, 12615 Tallinn",12615,Mon 11:00-22:00; Tue 11:00-22:00; Wed 11:00-22:00; Thu 11:00-22:00; Fri 11:00-22:00; Sat 12:00-22:00; Sun 12:00-22:00,+372 677 5662,http://www.drumsticks.ee/?y_source=1_ODc5Mzk4NS03MTUtbG9jYXRpb24ud2Vic2l0ZQ==,https://maps.google.com/?cid=17905283082637629108,drumsticks-restoran,2,59.404801,24.657267,ChIJv3WeAQXtkkYRtFZt7xhYfPg
,,,Reval Café Telliskivi,4.2,618,$$,,Cafe,coffee,,"Telliskivi tn 51i, 10611 Tallinn",10611,Mon 08:00-19:00; Tue 08:00-19:00; Wed 08:00-19:00; Thu 08:00-19:00; Fri 08:00-20:00; Sat 08:30-20:00; Sun 08:30-18:00,+372 600 1215,https://revalcafe.ee/kohvikud/telliskivi/,https://maps.google.com/?cid=4063537505678304369,reval-cafe-telliskivi,2,59.438939,24.726232,ChIJS4pp8H2TkkYRcaRu9dSVZDg
,,,Pika Jala restoran,4.2,574,$$,European,European Restaurant,restaurant,,"Pikk jalg 16, 10130 Tallinn",10130,Mon 09:00-23:00; Tue 09:00-23:00; Wed 09:00-23:00; Thu 09:00-23:00; Fri 09:00-23:00; Sat 09:00-23:00; Sun 09:00-23:00,+372 648 1428,http://www.pikajalaresto.ee/,https://maps.google.com/?cid=9784302166646444716,pika-jala-restoran,2,59.436240,24.740731,ChIJSfmAeJ2UkkYRrNILKvvSyIc
,,,Orangerie,4.2,471,$$,,Restaurant,restaurant,,"Oranž maja, Rotermanni tn 5, 10111 Tallinn",10111,Mon 10:00-21:00; Tue 10:00-21:00; Wed 10:00-21:00; Thu 10:00-21:00; Fri 10:00-22:00; Sat 10:00-22:00; Sun 10:00-19:00,+372 554 0350,http://www.orangerie.ee/,https://maps.google.com/?cid=11365246557724874920,orangerie,2,59.438867,24.756201,ChIJh1BnX62TkkYRqBjsUYd3uZ0
,,,Asian Aroma,4.2,466,$$,Chinese,Indian Restaurant,restaurant; asian,,"P. Süda tn 1, 10118 Tallinn",10118,Mon 12:00-22:00; Tue 12:00-22:00; Wed 12:00-22:00; Thu 12:00-22:00; Fri 12:00-22:00; Sat 12:00-22:00; Sun 12:00-22:00,+372 5331 1563,http://asianaroma.ee/,https://maps.google.com/?cid=51084996976230336,asian-aroma,2,59.430144,24.746127,ChIJaT0t1p6UkkYRwL8euoh9tQA
,,,Crazy Bubble Tallinn,4.2,452,,,Tea House,coffee,,"Estonia pst 1, 10143 Tallinn",10143,Mon 12:00-20:00; Tue 12:00-20:00; Wed 12:00-20:00; Thu 12:00-20:00; Fri 12:00-20:00; Sat 12:00-20:00; Sun 12:00-20:00,+372 5664 8668,https://www.instagram.com/crazy_bubble_tallinn/,https://maps.google.com/?cid=4992837780238477766,crazy-bubble-tallinn,,59.435223,24.754326,ChIJo-s9sjiTkkYRxqlDCIIfSkU
,,,Loft ja Ürdid,4.2,444,$$,,Restaurant,restaurant,,"Vesivärava tn 50, 10152 Tallinn",10152,Mon 11:00-15:00; Tue 11:00-15:00; Wed 11:00-21:00; Thu 11:00-21:00; Fri 11:00-22:00; Sat 15:00-22:00; Sun closed,+372 666 0807,http://www.loftjaurdid.ee/,https://maps.google.com/?cid=8280635396299069358,loft-ja-urdid,2,59.432829,24.779071,ChIJ_fTnVVSTkkYRrpfuLgW66nI
,,,Peetri Pizza,4.2,425,$,Pizza,Pizza Restaurant,restaurant; cheap-eats,,"Odra tn 16, 10144 Tallinn",10144,Mon 11:00-23:00; Tue 11:00-23:00; Wed 11:00-23:00; Thu 11:00-23:00; Fri 11:00-00:00; Sat 11:00-00:00; Sun 11:00-23:00,+372 601 2616,http://www.peetripizza.ee/,https://maps.google.com/?cid=16346792042923549632,peetri-pizza-10,1,59.427453,24.771861,ChIJF1Pef6iUkkYRwOOjB8F42-I
,,,Gruuv,4.2,372,$,,Bar,pub; cheap-eats,,"Suur-Karja tn 4, 10140 Tallinn",10140,Mon 19:00-04:00; Tue 19:00-02:00; Wed 19:00-03:00; Thu 19:00-04:00; Fri 19:00-06:00; Sat 19:00-06:00; Sun closed,,https://instagram.com/gruuvlounge,https://maps.google.com/?cid=15426994138460367374,gruuv,1,59.436035,24.746172,ChIJxYdX-oeVkkYRDqr25m6xF9Y
,,,Gustav Cafe Solaris,4.2,359,$,,Cafe,coffee; cheap-eats,,"Estonia pst 9, 10143 Tallinn",10143,Mon 09:00-21:00; Tue 09:00-21:00; Wed 09:00-21:00; Thu 09:00-21:00; Fri 09:00-21:00; Sat 09:00-21:00; Sun 10:00-19:00,+372 672 2722,https://gustav.ee/kohvik/gustav-cafe-solaris/,https://maps.google.com/?cid=4683536786532856104,gustav-cafe-solaris,1,59.433761,24.751040,ChIJAyCX6p-UkkYRKPHDleRD_0A
,,,Snack Point,4.2,354,$,,Fast Food Restaurant,restaurant; cheap-eats,,"Rummu tee 3, 11911 Tallinn",11911,Mon 10:00-21:00; Tue 10:00-21:00; Wed 10:00-21:00; Thu 10:00-21:00; Fri 10:00-21:00; Sat 10:00-21:00; Sun 10:00-21:00,+372 552 7627,,https://maps.google.com/?cid=12509038344275556216,snack-point,1,59.462818,24.829686,ChIJIfikytTskkYRePdIMBkIma0
,,,Café Mademoiselle,4.2,328,$,,Coffee Shop,coffee; cheap-eats,,"Paldiski mnt 4, 10149 Tallinn",10149,Mon 08:00-22:00; Tue 08:00-22:00; Wed 08:00-22:00; Thu 08:00-22:00; Fri 08:00-22:00; Sat 08:00-22:00; Sun 08:00-22:00,+372 628 8155,https://cafemademoiselle.ee/,https://maps.google.com/?cid=16392629932458031035,cafe-mademoiselle,1,59.435310,24.731176,ChIJnRW9J4OUkkYRu7eYWhJSfuM
,,,NaiChai Bubble Tea Bar,4.2,302,,,Tea House,coffee,,"Suur-Karja tn 11, 10140 Tallinn",10140,Mon 12:00-21:00; Tue 12:00-21:00; Wed 12:00-21:00; Thu 12:00-21:00; Fri 12:00-02:00; Sat 12:00-02:00; Sun 12:00-21:00,,https://naichai.ee/,https://maps.google.com/?cid=15361076462714881247,naichai-bubble-tea-bar,,59.435641,24.746391,ChIJX1ns3fKTkkYR3wS8B6iBLdU
,,,Peetri Pizza Magistrali,4.2,290,$,Pizza,Pizza Restaurant,restaurant; cheap-eats,,"Sõpruse pst 201-203, 13419 Tallinn",13419,Mon 10:00-22:00; Tue 10:00-22:00; Wed 10:00-22:00; Thu 10:00-22:00; Fri 10:00-22:00; Sat 10:00-22:00; Sun 10:00-22:00,+372 507 8121,http://www.peetripizza.ee/,https://maps.google.com/?cid=13540713357356479789,peetri-pizza-magistrali,1,59.400840,24.696772,ChIJ76LHsfyUkkYRLbWehg5H6rs
,,,Tallinn Airport Lounge,4.2,280,,,Restaurant,restaurant,,"Passenger Terminal, Lennujaama tee 12, 11101 Tallinn",11101,Mon 04:30-22:00; Tue 04:30-22:00; Wed 04:30-22:00; Thu 04:30-22:00; Fri 04:30-22:00; Sat 04:30-22:00; Sun 04:30-22:00,+372 605 8550,https://airport.ee/services/lennujaama-lhv-lounge/,https://maps.google.com/?cid=6510577910659950570,tallinn-airport-lounge,,59.416517,24.799367,ChIJoxIUClrrkkYR6idkfx04Wlo
,,,OTTO's Restaurant,4.2,206,$$,,Restaurant,restaurant,,"Toompuiestee 23, 10137 Tallinn",10137,"Mon 12:00-14:00, 15:00-23:00; Tue 12:00-14:00, 15:00-23:00; Wed 12:00-14:00, 15:00-23:00; Thu 12:00-14:00, 15:00-23:00; Fri 12:00-14:00, 15:00-23:00; Sat 15:00-23:00; Sun 15:00-23:00",+372 660 0711,https://www.ottoresto.ee/,https://maps.google.com/?cid=6987837974007973470,otto-s-restaurant,2,59.434598,24.732899,ChIJmeuoLYOUkkYRXga7PJ3J-WA
,,,Ventura Cafe,4.2,194,$,,Restaurant,restaurant; cheap-eats,,"K. Kärberi tn 18, 13919 Tallinn",13919,Mon 12:00-17:00; Tue 12:00-17:00; Wed 12:00-17:00; Thu 12:00-17:00; Fri 12:00-17:00; Sat closed; Sun closed,+372 554 9446,http://cafe-ventura.eu/pronze_rus/kontakt.php,https://maps.google.com/?cid=1071009455243508974,ventura-cafe,1,59.445077,24.881222,ChIJl9oZ--_skkYR7rzf0mz93A4
,,,Taberna,4.2,185,$$,Mediterranean,Bar,pub,,"Suur-Karja tn 3, 10140 Tallinn",10140,Mon 17:00-22:00; Tue 17:00-22:00; Wed 17:00-22:00; Thu 17:00-22:00; Fri 16:00-23:00; Sat 12:00-23:00; Sun 12:00-22:00,+372 5613 8551,http://www.taberna.ee/,https://maps.google.com/?cid=14796323944403496932,taberna,2,59.436288,24.746374,ChIJleKjOxSTkkYR5O_GrzsaV80
,,,Krati Söögitoad,4.2,163,$,,Restaurant,restaurant; cheap-eats,,"Forelli tn 10, 10621 Tallinn",10621,Mon 11:00-15:00; Tue 11:00-15:00; Wed 11:00-15:00; Thu 11:00-15:00; Fri 11:00-15:00; Sat closed; Sun closed,+372 656 2949,,https://maps.google.com/?cid=16420468897768948359,krati-soogitoad,1,59.419763,24.688922,ChIJsyMnVV6UkkYRh0LekHY54eM
,,,Papa Joe Sadama,4.2,152,$,Middle Eastern,Lebanese Restaurant,restaurant; cheap-eats,,"Sadama tn 25-4, 10111 Tallinn",10111,Mon closed; Tue 11:00-15:00; Wed 11:00-15:00; Thu closed; Fri 11:30-15:00; Sat 11:00-17:30; Sun 11:30-17:30,+372 5685 4660,http://www.kebabking.ee/,https://maps.google.com/?cid=13157082057775350805,papa-joe-sadama,1,59.443395,24.759484,ChIJlSDQtGeTkkYRFYRdHmxYl7Y
,,,Lost Bar,4.2,134,$$,,Bar,pub,,"Pärnu mnt. 41a, 10119 Tallinn",10119,Mon closed; Tue closed; Wed closed; Thu closed; Fri 21:00-07:00; Sat 21:00-07:00; Sun closed,,,https://maps.google.com/?cid=11357698649925342226,lost-bar,2,59.428849,24.743970,ChIJEfmUUtmVkkYREtS7Fr-mnp0
,,,Harjumäe Kõlakoda,4.2,128,$,,Cafe,coffee; cheap-eats,,"Komandandi tee 1, 10130 Tallinn",10130,Mon closed; Tue 11:00-18:00; Wed 11:00-18:00; Thu 11:00-18:00; Fri 11:00-18:00; Sat 11:00-18:00; Sun 11:00-18:00,+372 5630 4046,,https://maps.google.com/?cid=12024871411669316276,harjumae-kolakoda,1,59.434121,24.740680,ChIJ29zAyZ2UkkYRtLJMotbs4KY
,,,Kadrioru Lossikohvik,4.2,125,$,,Restaurant,restaurant; cheap-eats,,"A. Weizenbergi tn 37, 10127 Tallinn",10127,Mon closed; Tue 10:00-18:00; Wed 10:00-20:00; Thu 10:00-18:00; Fri 10:00-18:00; Sat 10:00-18:00; Sun 10:00-18:00,+372 522 2986,http://www.lossikohvikud.ee/,https://maps.google.com/?cid=4093028087179316230,kadrioru-lossikohvik,1,59.438394,24.790796,ChIJDZzj2lGTkkYRBgwFCFxbzTg
,,,Herne Bakery,4.2,121,$,,Cafe,coffee; cheap-eats,,"Herne tn 18, 10135 Tallinn",10135,Mon 08:30-19:00; Tue 08:30-19:00; Wed 08:30-19:00; Thu 08:30-19:00; Fri 08:30-19:00; Sat 10:00-18:00; Sun 10:00-18:00,+372 644 0250,,https://maps.google.com/?cid=4477539186252811252,herne-bakery,1,59.424728,24.753342,ChIJjZXeCKOUkkYR9It9uCpqIz4
,,,Lezzet Döner&Shaurma,4.2,110,$,Turkish,Turkish Restaurant,restaurant; cheap-eats,,"Õismäe tee 46c, 13512 Tallinn",13512,Mon 11:15-22:00; Tue 11:15-22:00; Wed 11:15-22:00; Thu 11:15-22:00; Fri 11:15-22:30; Sat 11:15-22:30; Sun 11:15-21:30,+372 5851 5426,,https://maps.google.com/?cid=1560209197182874846,lezzet-doner-shaurma,1,59.411294,24.646910,ChIJ8UWxFtmVkkYR3vRhnf_5phU
,,,Vaateplatvormi Kohvik Viewpoint Cafe,4.2,105,$,,Coffee Shop,coffee; cheap-eats,,"Kohtu tn 3a, 10130 Tallinn",10130,Mon 09:00-19:00; Tue 09:00-19:00; Wed 09:00-19:00; Thu 09:00-19:00; Fri 09:00-19:00; Sat 09:00-19:00; Sun 09:00-19:00,,,https://maps.google.com/?cid=8525405768572293872,vaateplatvormi-kohvik-viewpoint-cafe,1,59.437483,24.741291,ChIJMaS0WNmTkkYR8FLRgWBTUHY
,,,Restoran Mona,4.2,79,$$,,Restaurant,restaurant,,"Ülemiste City, Valukoja tn 10, 11415 Tallinn",11415,Mon 08:00-14:00; Tue 08:00-14:00; Wed 08:00-14:00; Thu 08:00-14:00; Fri 08:00-14:00; Sat closed; Sun closed,+372 600 3344,http://www.restoranmona.ee/,https://maps.google.com/?cid=1898630665474163030,restoran-mona,2,59.419911,24.805757,ChIJsQwT5abrkkYRVkFA54dKWRo
,,,X-Baar,4.2,77,$$,,Bar,pub,,"Komandandi tee 2, 10130 Tallinn",10130,Mon 16:00-01:00; Tue 16:00-01:00; Wed 16:00-01:00; Thu 16:00-01:00; Fri 16:00-05:00; Sat 16:00-05:00; Sun 16:00-01:00,+372 5565 5107,https://m.facebook.com/xbaar/,https://maps.google.com/?cid=2631313863803735778,x-baar,2,59.434349,24.742474,ChIJY1OcxjuVkkYR4g6VkAROhCQ
,,,Mom Bakery,4.2,63,$,,Bakery,bakery; cheap-eats,,"Läänemere tee 28, 13913 Tallinn",13913,Mon 10:00-19:00; Tue 10:00-19:00; Wed 10:00-19:00; Thu 10:00-19:00; Fri 10:00-19:00; Sat 10:00-16:00; Sun 10:00-16:00,+372 5808 8638,http://momsbakery.ee/,https://maps.google.com/?cid=13045207815032550803,mom-bakery,1,59.453076,24.874815,ChIJGddZ4k3tkkYRkzUqLGTjCbU
,,,Retrokas,4.2,62,$$,,Bar,pub,,"Estonia pst 1, 10143 Tallinn",10143,Mon 19:00-03:00; Tue 19:00-03:00; Wed 19:00-03:00; Thu 19:00-03:00; Fri 20:00-04:00; Sat 20:00-04:00; Sun 19:00-03:00,,https://www.facebook.com/retrokas,https://maps.google.com/?cid=12941041688791384921,retrokas,2,59.435249,24.755419,ChIJ70sfZACTkkYRWYPu89nQl7M
,,,LaBocca Telliskivi,4.2,60,$$,Italian,Italian Restaurant,restaurant,,"Telliskivi tn 60/2 Building I4, 10412 Tallinn",10412,Mon 11:00-23:00; Tue 11:00-23:00; Wed 11:00-23:00; Thu 11:00-23:00; Fri 11:00-00:00; Sat 11:00-00:00; Sun 11:00-23:00,+372 5882 5200,https://labocca.ee/en/,https://maps.google.com/?cid=1406196634766823225,labocca-telliskivi,2,59.440201,24.732444,ChIJezUa_SCTkkYROU-gk2PQgxM
,,,McDonald's Mustamäe,4.1,5451,$,American,Fast Food Restaurant,restaurant; cheap-eats,,"A. H. Tammsaare tee 76, Sõpruse pst 200b, 13423 Tallinn",13423,Mon 07:00-00:00; Tue 07:00-00:00; Wed 07:00-00:00; Thu 07:00-00:00; Fri 07:00-00:00; Sat 07:00-00:00; Sun 07:00-00:00,+372 5561 7012,https://www.mcdonalds.ee/,https://maps.google.com/?cid=15192539046795046316,mcdonald-s-mustamae,1,59.405971,24.700520,ChIJI0FmwvqUkkYRrG14AMW91tI
,,,III Draakon,4.1,4935,$$,,Restaurant,restaurant,,"Tallinna raekoda, Raekoja plats, 10146 Tallinn",10146,Mon 11:00-22:00; Tue 11:00-22:00; Wed 11:00-22:00; Thu 11:00-22:00; Fri 11:00-23:00; Sat 11:00-23:00; Sun 11:00-22:00,,https://www.instagram.com/kolmasdraakon/,https://maps.google.com/?cid=7366952942002837132,iii-draakon,2,59.437011,24.745578,ChIJoy8bFGKTkkYRjBYZQausPGY
,,,McDonald's,4.1,4523,$,American,Fast Food Restaurant,restaurant; cheap-eats,,"Mahtra tn 29, 13811 Tallinn",13811,Mon 07:00-00:00; Tue 07:00-00:00; Wed 07:00-00:00; Thu 07:00-00:00; Fri 07:00-00:00; Sat 07:00-00:00; Sun 07:00-00:00,+372 5561 7014,https://www.mcdonalds.ee/,https://maps.google.com/?cid=7102432614898074749,mcdonald-s,1,59.442320,24.874703,ChIJgXJCRO7skkYRfQQmPNXokGI
,,,McDonald's Sõle,4.1,4514,$,American,Fast Food Restaurant,restaurant; cheap-eats,,"Paldiski mnt 44, 10614 Tallinn",10614,Mon 07:00-23:00; Tue 07:00-23:00; Wed 07:00-23:00; Thu 07:00-23:00; Fri 07:00-23:00; Sat 07:00-23:00; Sun 07:00-23:00,+372 5561 7013,https://mcdonalds.ee/,https://maps.google.com/?cid=12639732758829401292,mcdonald-s-sole,1,59.432456,24.713643,ChIJV4Z1VYaUkkYRzATl2flZaa8
,,,Hesburger Tallinn Lasnamäe Smuuli,4.1,2545,$,American,Hamburger Restaurant,restaurant; cheap-eats,,"J. Smuuli tee 23, 13628 Tallinn",13628,Mon 00:00-24:00; Tue 00:00-24:00; Wed 00:00-24:00; Thu 00:00-24:00; Fri 00:00-24:00; Sat 00:00-24:00; Sun 00:00-24:00,+372 5850 1210,https://www.hesburger.ee/restoranid?tid=231,https://maps.google.com/?cid=6903519908947821683,hesburger-tallinn-lasnamae-smuuli,1,59.434977,24.831526,ChIJCUl_sLvskkYRcwSs4Mc6zl8
,,,Hesburger Tallinn Mustamäe,4.1,2316,,American,Hamburger Restaurant,restaurant,,"Mustamäe tee 90A, 12916 Tallinn",12916,Mon 08:00-00:00; Tue 08:00-00:00; Wed 08:00-00:00; Thu 08:00-00:00; Fri 08:00-00:00; Sat 08:00-00:00; Sun 08:00-00:00,+372 5850 1211,https://www.hesburger.ee/restoranid?tid=232,https://maps.google.com/?cid=1687125106035210427,hesburger-tallinn-mustamae,,59.409325,24.685083,ChIJ-UhEcviUkkYRuzjfXFjfaRc
,,,Cat Cafe Nurri,4.1,1707,$$,,Cafe,coffee,,"Tartu mnt 24, 10115 Tallinn",10115,Mon closed; Tue closed; Wed closed; Thu 11:00-20:00; Fri 11:00-20:00; Sat 11:00-20:00; Sun 11:00-20:00,+372 687 8505,https://nurri.ee/,https://maps.google.com/?cid=902154310121226536,cat-cafe-nurri,2,59.432393,24.763788,ChIJe5JaX1-TkkYRKAFds5AYhQw
,,,Tallinn Pizza & Kebab,4.1,1576,$,Turkish,Turkish Restaurant,restaurant; cheap-eats,,"Aia tn 10, 10111 Tallinn",10111,Mon 00:00-24:00; Tue 00:00-24:00; Wed 00:00-24:00; Thu 00:00-24:00; Fri 00:00-24:00; Sat 00:00-24:00; Sun 00:00-24:00,+372 5435 0545,,https://maps.google.com/?cid=6257411643561154432,tallinn-pizza-kebab,1,59.438216,24.751352,ChIJsbdfomGTkkYRgBfbk7zK1lY
,,,Hesburger Tallinn Järve,4.1,1124,$,American,Hamburger Restaurant,restaurant; cheap-eats,,"Tallinn-Pärnu-Ikla 141a, 11314 Tallinn",11314,Mon 08:00-23:00; Tue 08:00-23:00; Wed 08:00-23:00; Thu 08:00-23:00; Fri 08:00-23:00; Sat 08:00-23:00; Sun 08:00-23:00,+372 5553 2646,https://www.hesburger.ee/restoranid?tid=439,https://maps.google.com/?cid=15048456288288264821,hesburger-tallinn-jarve,1,59.402159,24.730487,ChIJeWkPNcOUkkYRdVJqmUPb1tA
,,,Vapiano Ülemiste,4.1,885,$$,Italian,Italian Restaurant,restaurant,,"Suur-Sõjamäe tn 4, 11415 Tallinn",11415,Mon 11:00-21:00; Tue 11:00-21:00; Wed 11:00-21:00; Thu 11:00-21:00; Fri 11:00-21:00; Sat 11:00-21:00; Sun 11:00-20:00,+372 5554 5311,https://vapiano.ee/,https://maps.google.com/?cid=718383603564172594,vapiano-ulemiste,2,59.421907,24.794422,ChIJOQ47uvPrkkYRMlXozhQ2-Ak
,,,Kehrwieder Saiakang Chocolaterie,4.1,882,$$,,Cafe,coffee,,"Raekoja plats 10, 10146 Tallinn",10146,Mon 09:00-21:00; Tue 09:00-21:00; Wed 09:00-21:00; Thu 09:00-21:00; Fri 09:00-01:00; Sat 09:00-01:00; Sun 09:00-21:00,,http://www.kohvik.ee/,https://maps.google.com/?cid=6721114912696924496,kehrwieder-saiakang-chocolaterie,2,59.437719,24.745470,ChIJZYYzOWKTkkYRUHnhMWcyRl0
,,,Taverna del Gallo Nero,4.1,719,$$,Italian,Italian Restaurant,restaurant,,"J. Poska tn 45, 10150 Tallinn",10150,Mon 12:00-22:00; Tue 12:00-22:00; Wed 12:00-22:00; Thu 12:00-22:00; Fri 12:00-22:00; Sat 12:00-22:00; Sun 12:00-22:00,+372 601 3344,http://www.tavernagallonero.com/kontakt,https://maps.google.com/?cid=14835114447386998023,taverna-del-gallo-nero,2,59.437797,24.784180,ChIJC_7GZFCTkkYRB3XEdv3p4M0
,,,Restoran Merlot,4.1,660,$$,,Restaurant,restaurant,,"E. Vilde tee 122, 12914 Tallinn",12914,Mon 12:00-01:00; Tue 12:00-01:00; Wed 12:00-01:00; Thu 12:00-01:00; Fri 12:00-03:00; Sat 12:00-03:00; Sun 12:00-01:00,+372 5650 5733,http://www.restoranmerlot.ee/,https://maps.google.com/?cid=16669491068031749428,restoran-merlot,2,59.403858,24.665122,ChIJlc02Ja2VkkYRNE2UwM7tVec
,,,Seitse Merd Pub,4.1,580,$$,Pizza,Pub,pub,,"Kai 5, 1korrus Sadamarketi Ärihoone, 10111 Tallinn",10111,Mon 09:00-19:00; Tue 09:00-19:00; Wed 09:00-19:00; Thu 09:00-19:00; Fri 09:00-19:00; Sat 09:00-19:00; Sun 09:00-19:00,+372 661 4601,https://www.seitsemerd.ee/,https://maps.google.com/?cid=10894430345694211087,seitse-merd-pub,2,59.443699,24.757982,ChIJVzt-QWaTkkYRD-xWoa3KMJc
,,,Hookah Palace,4.1,552,$$,,Hookah Bar,pub,,"Roosikrantsi tn 3, 10119 Tallinn",10119,Mon 13:00-02:00; Tue 13:00-02:00; Wed 13:00-02:00; Thu 13:00-02:00; Fri 14:00-04:00; Sat 14:00-04:00; Sun 15:00-01:00,+372 631 1911,http://www.hookahpalace.ee/,https://maps.google.com/?cid=2682493644781401970,hookah-palace,2,59.432355,24.743633,ChIJcywhm56UkkYRcjdw6cEhOiU
,,,Restaurant Maikrahv,4.1,510,$$,,Restaurant,restaurant,,"Raekoja plats 8, 10146 Tallinn",10146,Mon closed; Tue closed; Wed closed; Thu closed; Fri closed; Sat 18:00-22:00; Sun closed,+372 5664 1360,http://www.maikrahv.ee/,https://maps.google.com/?cid=10501598355865735847,restaurant-maikrahv,2,59.437643,24.744598,ChIJrRJAQGKTkkYRpxI0lxAsvZE
,,,GrillStop Vilde,4.1,471,$,American,Fast Food Restaurant,restaurant; cheap-eats,,"E. Vilde tee 84a, 12917 Tallinn",12917,Mon 00:00-24:00; Tue 00:00-24:00; Wed 00:00-24:00; Thu 00:00-24:00; Fri 00:00-24:00; Sat 00:00-24:00; Sun 00:00-24:00,+372 5836 6756,http://www.grillstop.ee/,https://maps.google.com/?cid=1164706139044962909,grillstop-vilde,1,59.405108,24.677069,ChIJ39s361WUkkYRXeJ9BRDeKRA
,,,Restaurant Rae,4.1,462,$$,,Restaurant,restaurant,,"Raekoja plats 10, 10146 Tallinn",10146,Mon 11:00-21:00; Tue 11:00-21:00; Wed 11:00-21:00; Thu 11:00-21:00; Fri 11:00-22:00; Sat 11:00-22:00; Sun 11:00-21:00,+372 5332 5088,https://www.meritonhotels.com/en/meriton-hotels/restaurant-rae-kelder/,https://maps.google.com/?cid=819090382462963461,restaurant-rae,2,59.437784,24.745363,ChIJ20BUOWKTkkYRBc-k9Vz-XQs
,,,Old Irish,4.1,430,$$,,Bar,pub,,"Mahtra tn 1, 10321 Tallinn",10321,Mon 12:00-22:00; Tue 12:00-22:00; Wed 12:00-22:00; Thu 12:00-22:00; Fri 12:00-05:00; Sat 12:00-05:00; Sun 14:00-22:00,+372 5333 5777,http://oldirish.ee/,https://maps.google.com/?cid=11321114653566879798,old-irish,2,59.442022,24.872975,ChIJbR7URtHtkkYRNshSq8utHJ0
,,,Kolobok,4.1,379,$$,,Bakery,bakery,,"Mahtra 17, Kolobok, 13811 Tallinn",13811,Mon 08:00-22:00; Tue 08:00-22:00; Wed 08:00-22:00; Thu 08:00-22:00; Fri 08:00-22:00; Sat 08:00-22:00; Sun 09:00-21:00,+372 5822 5995,https://kolobok.ee/,https://maps.google.com/?cid=590523310380787508,kolobok,2,59.439704,24.875114,ChIJtcA05e3skkYRNKfVctL1MQg
,,,Kolm Lõvi,4.1,328,$$,,Bar,pub,,"Kopli tn 14, 10411 Tallinn",10411,Mon 18:00-02:00; Tue 18:00-02:00; Wed 18:00-02:00; Thu 18:00-02:00; Fri 18:00-03:00; Sat 18:00-03:00; Sun 18:00-02:00,,http://www.facebook.com/kolmlovi,https://maps.google.com/?cid=4140489144776900219,kolm-lovi,2,59.441836,24.734276,ChIJ9Z-RUHyTkkYRe77JnvD4dTk
,,,OlyBet Bar & Grill,4.1,328,$$,,Bar,pub,,"Harju tn 6, 10130 Tallinn",10130,Mon 14:00-22:00; Tue 14:00-22:00; Wed 14:00-22:00; Thu 14:00-22:00; Fri 14:00-00:00; Sat 12:00-00:00; Sun 12:00-21:00,+372 5865 1777,https://olybetbarandgrill.ee/,https://maps.google.com/?cid=12149819221424605612,olybet-bar-grill,2,59.434508,24.743125,ChIJp1IlaNSVkkYRrAk6mjXUnKg
,,,Poké Bowl Viru Keskus Food Hall,4.1,285,$$,Hawaiian,Fast Food Restaurant,restaurant,,"Viru väljak 4-5, 10111 Tallinn",10111,Mon 11:00-21:00; Tue 11:00-21:00; Wed 11:00-21:00; Thu 11:00-21:00; Fri 11:00-22:00; Sat 11:00-22:00; Sun 11:00-20:00,+372 5611 1650,https://www.pokebowl.ee/,https://maps.google.com/?cid=7870742997085492719,poke-bowl-viru-keskus-food-hall,2,59.435868,24.754660,ChIJ1WObDaSVkkYR75WsCw5_Om0
,,,Samsa family bakers,4.1,284,$$,,Restaurant,restaurant,,"Viru väljak 4, 10111 Tallinn",10111,Mon 09:00-20:00; Tue 09:00-20:00; Wed 09:00-20:00; Thu 09:00-20:00; Fri 09:00-20:00; Sat 09:00-20:00; Sun 09:00-18:00,+372 5851 5187,https://samsafamilybakers.ee/,https://maps.google.com/?cid=851708969902180333,samsa-family-bakers-2,2,59.435990,24.755222,ChIJIUOR6YaTkkYR7YcIq8vg0Qs
,,,Kebaboom Viru,4.1,245,$,Middle Eastern,Turkish Restaurant,restaurant; cheap-eats,,"Viru väljak 4, 10111 Tallinn",10111,Mon 11:00-21:00; Tue 11:00-21:00; Wed 11:00-21:00; Thu 11:00-21:00; Fri 11:00-23:00; Sat 11:00-23:00; Sun 11:00-21:00,+372 5822 8725,http://kebaboom.ee/,https://maps.google.com/?cid=13646060721648714115,kebaboom-viru,1,59.435726,24.755026,ChIJY6QrSVmTkkYRg0FIKe2LYL0
,,,Sillburger Linnamäe - Burgers & Wrappers,4.1,236,$$,American,Fast Food Restaurant,restaurant,,"Linnamäe tee 17, 13912 Tallinn",13912,Mon 11:00-23:00; Tue 11:00-23:00; Wed 11:00-23:00; Thu 11:00-23:00; Fri 11:00-00:00; Sat 11:00-00:00; Sun 11:00-23:00,+372 5800 2734,http://www.sillburger.ee/,https://maps.google.com/?cid=16190190379123194573,sillburger-linnamae-burgers-wrappers,2,59.449808,24.868133,ChIJbzxvXuvtkkYRzbqV2V4cr-A
,,,Caffeine EE,4.1,222,$,,Coffee Shop,coffee; cheap-eats,,"Rävala pst 4, 10143 Tallinn",10143,Mon 08:00-19:00; Tue 08:00-19:00; Wed 08:00-19:00; Thu 08:00-19:00; Fri 08:00-19:00; Sat 10:00-18:00; Sun 10:00-18:00,+372 5887 9338,http://www.caffeine.ee/,https://maps.google.com/?cid=8727463254367150741,caffeine-ee-4,1,59.434228,24.758178,ChIJK8TMSuyTkkYRlSLU-pYtHnk
,,,Sushi Set,4.1,219,$$,Japanese,Sushi Restaurant,restaurant; asian,,"Koidu tn 11, 10137 Tallinn",10137,Mon 12:00-22:00; Tue 12:00-22:00; Wed 12:00-22:00; Thu 12:00-22:00; Fri 12:00-22:00; Sat 12:00-22:00; Sun 12:00-22:00,+372 5889 4887,https://www.sushiset.ee/,https://maps.google.com/?cid=14756286036948933744,sushi-set,2,59.433021,24.729608,ChIJbc8eX4OUkkYRcNxl7PfbyMw
,,,VÕIVÕI Arter,4.1,189,,,Restaurant,restaurant,,"Liivalaia tn 36, 10132 Tallinn",10132,Mon 17:00-00:00; Tue 17:00-00:00; Wed 17:00-00:00; Thu 17:00-00:00; Fri 17:00-00:00; Sat 17:00-00:00; Sun closed,+372 5809 0025,https://www.voivoi.ee/,https://maps.google.com/?cid=5953534923737824976,voivoi-arter,,59.429859,24.759286,ChIJTZt7IMCVkkYR0H5GT3g0n1I
,,,Kebabi Wabrik Arsenali Keskuses,4.1,162,$$,Middle Eastern,Kebab Shop,restaurant,,"Erika tn 14, 10416 Tallinn",10416,Mon 11:00-21:00; Tue 11:00-21:00; Wed 11:00-21:00; Thu 11:00-21:00; Fri 11:00-21:00; Sat 11:00-21:00; Sun 11:00-20:00,+372 5323 0077,https://www.facebook.com/kebabiwabrik,https://maps.google.com/?cid=10801529366448989828,kebabi-wabrik-arsenali-keskuses,2,59.451502,24.716557,ChIJiY6dZIOTkkYRhGYk1rq95pU
,,,Tokumaru Balti Jaama turg,4.1,153,$$,Japanese,Japanese Restaurant,restaurant; asian,,"Kopli tn 1 10149, 10412 Tallinn",10412,Mon 11:00-20:00; Tue 11:00-20:00; Wed 11:00-20:00; Thu 11:00-20:00; Fri 11:00-20:00; Sat 11:00-20:00; Sun 11:00-18:00,+372 5688 1999,https://www.tokumaru.ee/menyy/balti-jaama-turg,https://maps.google.com/?cid=13638041878967722699,tokumaru-balti-jaama-turg,2,59.440933,24.735946,ChIJnS-N4nyTkkYRy6LF29QORL0
,,,Robert's Coffee Noblessneris,4.1,126,$,,Cafe,coffee; cheap-eats,,"Staapli tn 3, 10415 Tallinn",10415,Mon 09:00-18:00; Tue 09:00-18:00; Wed 09:00-18:00; Thu 09:00-18:00; Fri 09:00-18:00; Sat 09:00-19:00; Sun 09:00-19:00,+372 5302 9393,http://robertscoffee.ee/,https://maps.google.com/?cid=13654177196685470635,robert-s-coffee-noblessneris,1,59.451647,24.728382,ChIJFwA71byTkkYRqyutRNFhfb0
,,,Charlie's Corner,4.1,123,$$,,Restaurant,restaurant,,"Juhkentali tn 28, 10132 Tallinn",10132,Mon 12:00-22:00; Tue 12:00-22:00; Wed 12:00-22:00; Thu 12:00-22:00; Fri 12:00-22:00; Sat 12:00-22:00; Sun 12:00-22:00,+372 699 4499,,https://maps.google.com/?cid=18443033605847433683,charlie-s-corner,2,59.427528,24.764781,ChIJF5bqH7qVkkYR08EgYVnR8v8
,,,Karge,4.1,119,,,Pastry Shop,restaurant,,"Müürivahe 28, 10140 Tallinn",10140,Mon closed; Tue closed; Wed 13:00-19:00; Thu 13:00-19:00; Fri 13:00-19:00; Sat 13:00-19:00; Sun 13:00-18:00,+372 5377 0155,,https://maps.google.com/?cid=11011504093082418698,karge,,59.435724,24.748670,ChIJg6SjzS6TkkYRCv7vlqG40Jg
,,,Irish Stroomi,4.1,115,$$,,Restaurant,restaurant,,"Tuulemaa tn 20, 10315 Tallinn",10315,Mon 11:00-21:00; Tue 11:00-21:00; Wed 11:00-21:00; Thu 11:00-21:00; Fri 11:00-22:00; Sat 11:00-22:00; Sun 11:00-21:00,+372 5333 5900,https://irishstroomi.ee/,https://maps.google.com/?cid=8759359894147962806,irish-stroomi,2,59.447054,24.692349,ChIJzTwYLUWTkkYRthd-Jmp_j3k
,,,Viru Burger x Mustamäe Keskus,4.1,106,$$,American,Hamburger Restaurant,restaurant,,"A. H. Tammsaare tee 104a, 12918 Tallinn",12918,Mon 11:30-21:00; Tue 11:30-21:00; Wed 11:30-21:00; Thu 11:30-21:00; Fri 11:30-22:00; Sat 11:30-22:00; Sun 11:30-20:00,+372 5333 1261,https://facebook.com/viruburger,https://maps.google.com/?cid=17778147840556858226,viru-burger-x-mustamae-keskus,2,59.408231,24.689600,ChIJmwXRmcyVkkYRcvvEsESruPY
,,,Baar S.O.S,4.1,96,$,,Bar,pub; cheap-eats,,"Marati tn 4, 11712 Tallinn",11712,Mon 07:00-17:00; Tue 07:00-17:00; Wed 07:00-17:00; Thu 07:00-17:00; Fri 07:00-17:00; Sat 07:00-17:00; Sun 07:00-17:00,,,https://maps.google.com/?cid=5621252842361085198,baar-s-o-s,1,59.457359,24.676013,ChIJm-4EXfGTkkYRDl2Wba2zAk4
,,,Shnelli Resto,4.1,88,$$,,Restaurant,restaurant,,"Toompuiestee 37-1, 10149 Tallinn",10149,Mon 07:00-22:00; Tue 07:00-22:00; Wed 07:00-22:00; Thu 07:00-22:00; Fri 07:00-23:00; Sat 07:00-23:00; Sun 08:00-22:00,+372 5441 0030,https://gohotels.ee/en/shnelli-resto/,https://maps.google.com/?cid=17074760516054188046,shnelli-resto,2,59.439425,24.736309,ChIJ2XlChSOTkkYRDoBGMDm89ew
,,,Trifle kondiitriäri,4.1,82,$,,Bakery,bakery; cheap-eats,,"Telliskivi tn 33, 10611 Tallinn",10611,Mon closed; Tue closed; Wed 17:00-21:00; Thu 17:00-21:00; Fri 17:00-21:00; Sat 14:00-20:00; Sun 14:00-20:00,+372 551 9907,https://trifle.ee/,https://maps.google.com/?cid=9195769730206660290,trifle-kondiitriari,1,59.437157,24.722411,ChIJJ5e-QSuTkkYRwvZBLdnvnX8
,,,Gläm Telliskivi,4.1,80,$$,,Restaurant,restaurant,,"Telliskivi tn 60-4, 10412 Tallinn",10412,Mon 12:00-22:00; Tue 12:00-23:00; Wed 12:00-23:00; Thu 12:00-23:00; Fri 12:00-03:00; Sat 12:00-03:00; Sun 12:00-22:00,+372 601 7770,https://www.glamtelliskivi.ee/,https://maps.google.com/?cid=6271953922724347262,glam-telliskivi,2,59.439987,24.731328,ChIJO-MupjeTkkYRfj2ay9x0Clc
,,,Karjase Sai,4.1,73,$,,Bakery,bakery; cheap-eats,,"Tallinn, 10412 Tallinn",10412,Mon 09:00-17:00; Tue 09:00-17:00; Wed 09:00-17:00; Thu 09:00-17:00; Fri 09:00-17:00; Sat 09:00-17:00; Sun 09:00-17:00,,https://karjasesai.ee/,https://maps.google.com/?cid=4825945978573514812,karjase-sai-2,1,59.441090,24.733303,ChIJBxcxVgCTkkYRPGgZbkw0-UI
,,,LIT Reidi tee,4.1,73,$,,Fast Food Restaurant,restaurant; cheap-eats,,"Pirita tee 1, 10127 Tallinn",10127,Mon 12:00-22:00; Tue 12:00-22:00; Wed 12:00-22:00; Thu 12:00-22:00; Fri 12:00-23:00; Sat 12:00-23:00; Sun 12:00-22:00,+372 755 5009,http://www.litwagon.ee/,https://maps.google.com/?cid=423004824082639697,lit-reidi-tee,1,59.445070,24.797185,ChIJZ4roV8iTkkYRUeu4daXQ3gU
,,,MySushi Sikupilli,4.1,70,$$,Japanese,Sushi Restaurant,restaurant; asian,,"2, Tartu mnt 87, 10112 Tallinn",10112,Mon 11:30-20:00; Tue 11:30-20:00; Wed 11:30-20:00; Thu 11:30-20:00; Fri 11:30-22:00; Sat 11:30-22:00; Sun 12:00-20:00,+372 551 5406,https://sikupilli.mysushi.ee/,https://maps.google.com/?cid=17323573450102347932,mysushi-sikupilli,2,59.426068,24.782766,ChIJJ1t0cC-VkkYRnBi9xUSyafA
,,,Caffeine EE,4.1,69,$,,Coffee Shop,coffee; cheap-eats,,"Nunne tn 17, 10133 Tallinn",10133,Mon 08:00-21:00; Tue 08:00-21:00; Wed 08:00-21:00; Thu 08:00-21:00; Fri 08:00-21:00; Sat 08:00-21:00; Sun 08:00-21:00,+372 5302 7968,https://caffeine.ee/,https://maps.google.com/?cid=10522290271427211624,caffeine-ee-5,1,59.439457,24.739400,ChIJC50eDQCTkkYRaLH3m0CvBpI
,,,McDonald's Rocca Al Mare,4.0,3294,$,American,Fast Food Restaurant,restaurant; cheap-eats,,"Paldiski mnt 102, 13522 Tallinn",13522,Mon 07:00-23:00; Tue 07:00-23:00; Wed 07:00-23:00; Thu 07:00-23:00; Fri 07:00-23:00; Sat 07:00-23:00; Sun 07:00-23:00,+372 5564 7017,https://www.mcdonalds.ee/,https://maps.google.com/?cid=12720117959729671989,mcdonald-s-rocca-al-mare,1,59.425809,24.654525,ChIJFRNcez-UkkYRNe_A6uPvhrA
,,,Pub With No Name,4.0,1630,$$,,Bar & Grill,pub,,"Suur-Karja tn 4, 10140 Tallinn",10140,Mon 12:00-03:30; Tue 12:00-03:30; Wed 12:00-04:00; Thu 12:00-04:00; Fri 12:00-04:30; Sat 12:00-04:30; Sun 15:00-03:30,,,https://maps.google.com/?cid=564859963347576706,pub-with-no-name,2,59.436066,24.746158,ChIJN_rcAWKTkkYRgics1yTJ1gc
,,,Route 33 Bar & Grill,4.0,1512,$$,,Bar & Grill,pub,,"Suur-Karja tn 13, 10140 Tallinn",10140,Mon 12:00-03:30; Tue 12:00-03:30; Wed 12:00-04:00; Thu 12:00-04:00; Fri 12:00-04:30; Sat 13:00-04:30; Sun 15:00-03:00,+372 602 1212,https://www.facebook.com/Route13BaarGrill/,https://maps.google.com/?cid=5962915320399491077,route-33-bar-grill,2,59.435530,24.746519,ChIJXVkrAp6UkkYRBXAlGuSHwFI
,,,Pizza Grande,4.0,1402,$$,Pizza,Pizza Restaurant,restaurant,,"Väike-Karja tn 6a, 10140 Tallinn",10140,Mon 11:00-23:00; Tue 11:00-23:00; Wed 11:00-23:00; Thu 11:00-23:00; Fri 11:00-23:00; Sat 11:00-23:00; Sun 11:00-23:00,+372 641 8718,https://pizzagrande.ee/,https://maps.google.com/?cid=203762518034818797,pizza-grande,2,59.435716,24.747106,ChIJp80g_WGTkkYR7SYBOu7o0wI
,,,F. M. Dostojevski pubi-restoran,4.0,1332,$$,,Pub,pub,,"Kopliranna tn 1, 11713 Tallinn",11713,Mon 12:00-22:00; Tue 12:00-22:00; Wed 12:00-22:00; Thu 12:00-22:00; Fri 12:00-22:00; Sat 12:00-22:00; Sun 12:00-22:00,+372 661 1166,http://dostojevski.ee/,https://maps.google.com/?cid=4012139345192704367,f-m-dostojevski-pubi-restoran,2,59.449858,24.683392,ChIJqQ62g-OTkkYRb1mUK3r7rTc
,,,Sushi Panda Kesklinn,4.0,1185,$$,Japanese,Sushi Restaurant,restaurant; asian,,"Rävala pst 2, 10145 Tallinn",10145,Mon 11:00-01:00; Tue 11:00-01:00; Wed 11:00-01:00; Thu 11:00-01:00; Fri 11:00-06:00; Sat 11:00-06:00; Sun 11:00-01:00,+372 5596 9996,http://www.sushipanda.ee/,https://maps.google.com/?cid=17941823583904658889,sushi-panda-kesklinn,2,59.434078,24.759144,ChIJz_WsmV-TkkYRyfVcXX0p_vg
,,,Hesburger Tallinn Sõpruse,4.0,850,$,American,Hamburger Restaurant,restaurant; cheap-eats,,"Sõpruse pst 157a, 13424 Tallinn",13424,Mon 00:00-24:00; Tue 00:00-24:00; Wed 00:00-24:00; Thu 00:00-24:00; Fri 00:00-24:00; Sat 00:00-24:00; Sun 00:00-24:00,+372 5551 2085,https://www.hesburger.ee/restoranid?tid=1243,https://maps.google.com/?cid=4921790056523275519,hesburger-tallinn-sopruse,1,59.411840,24.707333,ChIJ-YBi7vGUkkYR_5weyvq1TUQ
,,,Hesburger Tallinn Sikupilli,4.0,800,,American,Hamburger Restaurant,restaurant,,"Tartu mnt 87, 10112 Tallinn",10112,Mon 08:00-22:00; Tue 08:00-22:00; Wed 08:00-22:00; Thu 08:00-22:00; Fri 08:00-22:00; Sat 08:00-22:00; Sun 08:00-22:00,+372 5838 0272,https://www.hesburger.ee/restoranid?tid=237,https://maps.google.com/?cid=9737481355201080643,hesburger-tallinn-sikupilli,,59.425982,24.782759,ChIJYZEyi6mUkkYRQ-2_f7N7Ioc
,,,Kagerou Ramen Restaurant and Bar,4.0,789,$$,Japanese,Japanese Restaurant,restaurant; asian,,"Uus tn 33, 10111 Tallinn",10111,Mon 11:30-23:00; Tue 11:30-23:00; Wed 11:30-23:00; Thu 11:30-23:55; Fri 11:30-23:55; Sat 11:30-23:55; Sun 11:30-23:00,+372 5624 4302,https://www.kagerouramen.com/,https://maps.google.com/?cid=12990808691641123944,kagerou-ramen-restaurant-and-bar,2,59.441150,24.749570,ChIJR_GevaWTkkYRaIRTQq2fSLQ
,,,Burger King,4.0,702,$,,Fast Food Restaurant,restaurant; cheap-eats,,"Suur-Sõjamäe tn 4, 11415 Tallinn",11415,Mon 11:00-21:00; Tue 11:00-21:00; Wed 11:00-21:00; Thu 11:00-21:00; Fri 11:00-21:00; Sat 10:00-21:00; Sun 11:00-19:00,+372 5331 2454,https://www.burgerking.ee/,https://maps.google.com/?cid=7644891856671245191,burger-king,1,59.422661,24.794013,ChIJkwpDFbfrkkYRh4Mqp6McGGo
,,,China Inn Restaurant 四季美餐厅,4.0,603,$$,Chinese,Chinese Restaurant,restaurant; asian,,"Viru 9, 10145 Tallinn",10145,Mon 11:00-22:00; Tue 11:00-22:00; Wed 11:00-22:00; Thu 11:00-22:00; Fri 11:00-22:00; Sat 11:00-22:00; Sun 11:00-22:00,+372 648 4585,,https://maps.google.com/?cid=11316747937999609965,china-inn-restaurant,2,59.436805,24.748593,ChIJnyYnjWGTkkYRbeAZeUoqDZ0
,,,Stalker,4.0,555,$$,,Restaurant,restaurant,,"Rotermanni tn 6, 10111 Tallinn",10111,Mon 12:00-22:00; Tue 12:00-23:00; Wed 12:00-23:00; Thu 12:00-23:00; Fri 12:00-03:00; Sat 12:00-03:00; Sun 12:00-22:00,+372 677 7778,http://jalitaja.ee/,https://maps.google.com/?cid=9351086042513475894,stalker,2,59.438710,24.757980,ChIJ64f9FqyTkkYRNgkhJDa7xYE
,,,Helsinki Karaoke Baar - Tallinn,4.0,518,$$,,Bar,pub,,"Viru 18, 10140 Tallinn",10140,Mon 15:00-02:00; Tue 15:00-02:00; Wed 15:00-02:00; Thu 15:00-02:00; Fri 15:00-03:00; Sat 13:00-03:00; Sun 15:00-02:00,+372 5825 9771,https://helsinkikaraokebar.eu/,https://maps.google.com/?cid=5311259801421436161,helsinki-karaoke-baar-tallinn,2,59.436505,24.748922,ChIJeaSXt0iTkkYRAVWJLaZitUk
,,,Burger King,4.0,485,$,,Fast Food Restaurant,restaurant; cheap-eats,,"Paldiski mnt 102, 13522 Tallinn",13522,Mon 10:00-21:00; Tue 10:00-21:00; Wed 10:00-21:00; Thu 10:00-21:00; Fri 10:00-21:00; Sat 10:00-21:00; Sun 10:00-19:00,+372 525 8785,https://www.burgerking.ee/,https://maps.google.com/?cid=17488338857500844106,burger-king-2,1,59.426165,24.651875,ChIJDWMokQOVkkYRSqD_oIgPs_I
,,,Restoran Kishmish,4.0,437,$$,Middle Eastern,Middle Eastern Restaurant,restaurant,,"Pallasti tn 21, 11411 Tallinn",11411,Mon 10:00-23:45; Tue 10:00-23:45; Wed 10:00-23:45; Thu 10:00-23:45; Fri 11:00-02:00; Sat 11:00-02:00; Sun 11:00-23:45,+372 601 4118,http://www.kishmish.ee/,https://maps.google.com/?cid=3674590715289692070,restoran-kishmish,2,59.429367,24.790461,ChIJn7hi-FSTkkYRpmfKZ8nE_jI
,,,MySushi Pirita,4.0,397,$$,Japanese,Sushi Restaurant,restaurant; asian,,"Rummu tee 4, 11911 Tallinn",11911,Mon 11:30-20:00; Tue 11:30-20:00; Wed 11:30-20:00; Thu 11:30-20:00; Fri 11:30-22:00; Sat 12:00-22:00; Sun 12:00-20:00,+372 5777 7720,https://pirita.mysushi.ee/,https://maps.google.com/?cid=7526662025290545784,mysushi-pirita,2,59.462352,24.828800,ChIJmTUZK_eTkkYReHrd6TsTdGg
,,,Caffeine EE,4.0,367,$,,Coffee Shop,coffee; cheap-eats,,"Viru väljak 4-6, 10111 Tallinn",10111,Mon 09:00-21:00; Tue 09:00-21:00; Wed 09:00-21:00; Thu 09:00-21:00; Fri 09:00-21:00; Sat 09:00-21:00; Sun 09:00-19:00,+372 5668 6056,http://www.caffeine.ee/,https://maps.google.com/?cid=6569251725920212712,caffeine-ee-6,1,59.437023,24.756920,ChIJ_aCMZmCTkkYR6JaYq6OrKls
,,,GrillStop 24h,4.0,338,$,American,Fast Food Restaurant,restaurant; cheap-eats,,"Vabaduse väljak 2b, 10146 Tallinn",10146,Mon 00:00-24:00; Tue 00:00-24:00; Wed 00:00-24:00; Thu 00:00-24:00; Fri 00:00-24:00; Sat 00:00-24:00; Sun 00:00-24:00,,http://www.grillstop.ee/,https://maps.google.com/?cid=13636731212334224346,grillstop-24h,1,59.433925,24.746152,ChIJd2x_a56UkkYR2tOpgMlmP70
,,,Varblane Terrace,4.0,287,$$,,Cocktail Bar,pub,,"Harju tn 6, 10130 Tallinn",10130,Mon 12:00-22:00; Tue 12:00-23:00; Wed 12:00-23:00; Thu 12:00-23:00; Fri 12:00-03:00; Sat 12:00-03:00; Sun 12:00-22:00,+372 5333 5313,https://www.facebook.com/varblane.tallinn/,https://maps.google.com/?cid=4231522136428498858,varblane-terrace,2,59.434274,24.742953,ChIJmwg5w52UkkYRqs8FqfZiuTo
,,,Mandarin Restaurant,4.0,258,$,Asian,Asian Restaurant,restaurant; asian; cheap-eats,,"Endla tn 23a, 10122 Tallinn",10122,Mon 10:30-22:00; Tue 10:30-22:00; Wed 10:30-22:00; Thu 10:30-22:00; Fri 11:00-23:00; Sat 11:00-23:00; Sun 11:00-23:00,+372 646 0019,http://mandarin.ee/,https://maps.google.com/?cid=10706143733106696367,mandarin-restaurant,1,59.428620,24.731493,ChIJVT7bp_iVkkYRr2AZbgDdk5Q
,,,Bravo Pizzeria,4.0,229,$$,Pizza,Pizza Restaurant,restaurant,,"Punane tn 48 13619, 13619 Tallinn",13619,Mon 11:00-22:00; Tue 11:00-22:00; Wed 11:00-22:00; Thu 11:00-22:00; Fri 11:00-22:00; Sat 11:00-22:00; Sun 11:00-22:00,+372 515 1579,,https://maps.google.com/?cid=1862624859437691386,bravo-pizzeria,2,59.435313,24.842813,ChIJ_4grhr7skkYR-nGY6HBf2Rk
,,,Samurai Sushi,4.0,216,$$,Japanese,Sushi Restaurant,restaurant; asian,,"Punane tn 48, 13611 Tallinn",13611,Mon 10:00-22:00; Tue 10:00-22:00; Wed 10:00-22:00; Thu 10:00-22:00; Fri 10:00-00:00; Sat 10:00-00:00; Sun 10:00-22:00,+372 610 3103,http://samurai-sushi.ee/,https://maps.google.com/?cid=818456574764387928,samurai-sushi,2,59.435175,24.842865,ChIJTZqc_LrskkYRWA7qGuu9Wws
,,,Restoran Nero,4.0,202,$$,,Restaurant,restaurant,,"Tallink Express Hotel, Sadama tn 11a, 10111 Tallinn",10111,Mon 17:00-23:00; Tue 17:00-23:00; Wed 17:00-23:00; Thu 17:00-23:00; Fri 17:00-23:00; Sat 17:00-23:00; Sun 17:00-23:00,+372 630 1018,https://hotels.tallink.com/food-and-drinks/restaurants/nero,https://maps.google.com/?cid=8332044370676087326,restoran-nero,2,59.444521,24.756331,ChIJGT7OcmaTkkYRHvrwxjVeoXM
,,,Tondiraba LIT,4.0,158,$$,,Takeout Restaurant,restaurant,,"Tallinn, 13917 Tallinn",13917,Mon 12:00-22:00; Tue 12:00-22:00; Wed 12:00-22:00; Thu 12:00-22:00; Fri 12:00-23:00; Sat 11:00-23:00; Sun 11:00-22:00,+372 755 5008,http://www.litwagon.ee/,https://maps.google.com/?cid=10217068679573408958,tondiraba-lit,2,59.446155,24.847420,ChIJhQXF0K_tkkYRvgy-69RRyo0
,,,Da Vinci Ristorante & Cafeteria - Solaris,4.0,146,$$,,Restaurant,restaurant,,"Estonia pst 9, 11314 Tallinn",11314,Mon 10:00-21:00; Tue 10:00-23:30; Wed 10:00-23:30; Thu 10:00-23:30; Fri 10:00-23:30; Sat 10:00-23:30; Sun 10:00-20:00,+372 5199 3339,https://davinci.ee/cafeteria/,https://maps.google.com/?cid=15250420081846427306,da-vinci-ristorante-cafeteria-solaris,2,59.433174,24.751619,ChIJx57XAACVkkYRqp7wpUNgpNM
,,,SODITA,4.0,144,$$$,,Restaurant,restaurant,,"Telliskivi tn 51a, 10611 Tallinn",10611,Mon 17:00-00:00; Tue 17:00-00:00; Wed 17:00-00:00; Thu 17:00-00:00; Fri 17:00-02:00; Sat 17:00-02:00; Sun closed,+372 5192 9907,https://sodita.ee/,https://maps.google.com/?cid=17223061964416773877,sodita,3,59.439115,24.726435,ChIJ06VElcqVkkYR9W6a3ZqbBO8
,,,VOICE Karaoke - Karaoke Tallinn,4.0,134,$$,,Bar,pub,,"Harju tn 6, 10130 Tallinn",10130,Mon 21:00-06:00; Tue 21:00-06:00; Wed 21:00-06:00; Thu 21:00-06:00; Fri 21:00-06:00; Sat 21:00-06:00; Sun 21:00-06:00,+372 5889 9556,https://voicekaraoke.ee/,https://maps.google.com/?cid=17732986611798262937,voice-karaoke-karaoke-tallinn,2,59.434508,24.743125,ChIJFyNv0HiVkkYRmUT-ul45GPY
,,,Reval Cafe Postimaja,4.0,118,$,,Cafe,coffee; cheap-eats,,"Narva mnt 1, 10111 Tallinn",10111,Mon 08:00-20:00; Tue 08:00-20:00; Wed 08:00-20:00; Thu 08:00-20:00; Fri 08:00-20:00; Sat 08:00-20:00; Sun 08:00-20:00,+372 644 8077,https://revalcafe.ee/kohvik/postimaja/,https://maps.google.com/?cid=123140228618983852,reval-cafe-postimaja,1,59.437692,24.756235,ChIJF0Hb_WOTkkYRrBllsGJ7tQE
,,,Little India,4.0,99,,Indian,Indian Restaurant,restaurant; asian,,"Merivälja tee 24, 11911 Tallinn",11911,Mon 11:00-21:30; Tue 11:00-21:30; Wed 11:00-21:30; Thu 11:00-21:30; Fri 11:00-21:30; Sat 11:00-21:30; Sun closed,+372 671 5709,http://www.littleindia.ee/,https://maps.google.com/?cid=3843917684842897561,little-india,,59.468607,24.834851,ChIJhaA6tH6TkkYRmSDntsRWWDU
,,,PANNKOOGIMAJA,4.0,96,$$,,Restaurant,restaurant,,"Akadeemia tee 21-B127, 12618 Tallinn",12618,Mon 10:00-18:00; Tue 10:00-18:00; Wed 10:00-18:00; Thu 10:00-18:00; Fri 10:00-18:00; Sat 10:00-18:00; Sun 10:00-18:00,+372 684 4555,https://mymenuweb.com/int/restaurants/1762846/?utm_source=google_profile&utm_medium=google_profile&utm_campaign=admin,https://maps.google.com/?cid=12740114933510527649,pannkoogimaja-2,2,59.397729,24.660799,ChIJd8A90laVkkYRoVqLMQj7zbA
,,,Noho Restaurant & Bar,4.0,86,$$,,Restaurant,restaurant,,"Viru väljak 3, 10111 Tallinn",10111,Mon 11:30-23:00; Tue 11:30-23:00; Wed 11:30-23:00; Thu 11:30-23:00; Fri 11:30-23:00; Sat 11:30-23:00; Sun 11:30-23:00,+372 622 2980,https://www.nordichotels.eu/restoranid/noho/,https://maps.google.com/?cid=7700768029092730172,noho-restaurant-bar,2,59.437337,24.754739,ChIJwWO2pbuTkkYRPNXB17if3mo
,,,La Copa,4.0,81,$$,,Restaurant,restaurant,,"Telliskivi tn 62-1, 10412 Tallinn",10412,Mon 12:00-02:00; Tue 12:00-02:00; Wed 12:00-02:00; Thu 12:00-02:00; Fri 12:00-03:00; Sat 12:00-03:00; Sun 12:00-02:00,+372 5613 1454,https://www.instagram.com/lacopa.tallinn?igsh=MXFnZWI5aXJzamRrdA==,https://maps.google.com/?cid=8243860651079152848,la-copa,2,59.440789,24.732578,ChIJgTK5kbeTkkYR0LRklZUTaHI
,,,Kebaboom Järve Keskus,4.0,66,$$,Middle Eastern,Kebab Shop,restaurant,,"Pärnu mnt. 238, 11624 Tallinn",11624,Mon 11:00-21:00; Tue 11:00-21:00; Wed 11:00-21:00; Thu 11:00-21:00; Fri 11:00-21:00; Sat 11:00-21:00; Sun 11:00-19:00,+372 5837 8873,https://kebaboom.ee/,https://maps.google.com/?cid=12070671771349275444,kebaboom-jarve-keskus,2,59.393391,24.720241,ChIJbef6lD2VkkYRNNOb2wWkg6c
,,,Hesburger Tallinn Rocca Al Mare,3.9,1149,$,American,Hamburger Restaurant,restaurant; cheap-eats,,"Paldiski mnt 98A, 13522 Tallinn",13522,Mon 08:00-23:00; Tue 08:00-23:00; Wed 08:00-23:00; Thu 08:00-23:00; Fri 08:00-23:00; Sat 08:00-23:00; Sun 08:00-23:00,+372 5850 1214,https://www.hesburger.ee/restoranid?tid=235,https://maps.google.com/?cid=14564261941040598311,hesburger-tallinn-rocca-al-mare,1,59.427500,24.660000,ChIJUQCDPUCUkkYRJ013ExKnHso
,,,Shamrock,3.9,1081,$$,,Bar,pub,,"Valli tn 1, 10140 Tallinn",10140,Mon closed; Tue 17:00-02:00; Wed 17:00-02:00; Thu 17:00-02:00; Fri 17:00-04:00; Sat 12:00-04:00; Sun 17:00-02:00,+372 660 1120,,https://maps.google.com/?cid=16851661206988393724,shamrock,2,59.436319,24.750089,ChIJB5nTwGGTkkYR_AzGdZUg3ek
,,,Babyback Ribs & BBQ,3.9,1076,$$,American,American Restaurant,restaurant,,"Suur-Sõjamäe tn 4, 11415 Tallinn",11415,Mon 11:00-20:30; Tue 11:00-20:30; Wed 11:00-20:30; Thu 11:00-20:30; Fri 11:00-21:00; Sat 11:00-20:00; Sun 11:00-19:30,+372 607 7008,http://www.babyback.ee/,https://maps.google.com/?cid=11562192804409801252,babyback-ribs-bbq,2,59.421229,24.794340,ChIJq2nCYFTrkkYRJHpssxgpdaA
,,,Loca Food,3.9,899,$$,Pizza,Fast Food Restaurant,restaurant,,"Aia tn 7, 10111 Tallinn",10111,Mon 11:00-05:00; Tue 11:00-05:00; Wed 11:00-05:00; Thu 11:00-05:00; Fri 11:00-07:00; Sat 11:00-07:00; Sun 11:00-05:00,+372 5551 5235,http://www.loca.ee/,https://maps.google.com/?cid=471272856432064165,loca-food,2,59.438261,24.750802,ChIJHaZMX56UkkYRpbbqfypMigY
,,,Hesburger Tallinn Magistral,3.9,847,,American,Hamburger Restaurant,restaurant,,"Sõpruse pst 201, 13419 Tallinn",13419,Mon 08:00-23:00; Tue 08:00-23:00; Wed 08:00-23:00; Thu 08:00-23:00; Fri 08:00-23:00; Sat 08:00-23:00; Sun 08:00-23:00,+372 5558 3502,https://www.hesburger.ee/restoranid?tid=579,https://maps.google.com/?cid=13116206029474470809,hesburger-tallinn-magistral,,59.401465,24.697449,ChIJ8-BLyPyUkkYRmZupI-QfBrY
,,,Cinnamon Restoran,3.9,705,$$,,Restaurant,restaurant,,"Pikk tn 14, Mündi tn 4, 10123 Tallinn",10123,Mon 11:00-23:00; Tue 11:00-23:00; Wed 11:00-23:00; Thu 11:00-23:00; Fri 11:00-00:00; Sat 11:00-00:00; Sun 11:00-23:00,+372 5695 6092,https://www.cinnamonrestoran.com/,https://maps.google.com/?cid=14016806043941271576,cinnamon-restoran,2,59.437958,24.745279,ChIJMds32VGTkkYRGPiqLtWyhcI
,,,KFC Rocca Al Mare,3.9,488,$,,Fast Food Restaurant,restaurant; cheap-eats,,"Rocca Al Mare Mall, Paldiski mnt 102, 13522 Tallinn",13522,Mon 10:00-21:00; Tue 10:00-21:00; Wed 10:00-21:00; Thu 10:00-21:00; Fri 10:00-21:00; Sat 10:00-21:00; Sun 10:00-19:00,+372 5193 1499,https://kfc.ee/,https://maps.google.com/?cid=16413299288524569411,kfc-rocca-al-mare,1,59.426259,24.652306,ChIJ44QxJR2VkkYRQ7ut1L3Ax-M
,,,Hesburger Tallinn Arsenali keskus,3.9,406,,American,Hamburger Restaurant,restaurant,,"Erika tn 4, 10416 Tallinn",10416,Mon 08:00-22:00; Tue 08:00-22:00; Wed 08:00-22:00; Thu 08:00-22:00; Fri 08:00-22:00; Sat 08:00-22:00; Sun 08:00-22:00,+372 5556 7996,https://www.hesburger.ee/restoranid?tid=1287,https://maps.google.com/?cid=4006331844990629045,hesburger-tallinn-arsenali-keskus,,59.451613,24.718623,ChIJbWKUfISTkkYRtXQAKZZZmTc
,,,New York Pizza Mustamäe keskus,3.9,322,$$,Pizza,Pizza Restaurant,restaurant,,"A. H. Tammsaare tee 104a, 12918 Tallinn",12918,Mon 11:00-03:00; Tue 11:00-03:00; Wed 11:00-03:00; Thu 11:00-03:00; Fri 11:00-06:00; Sat 11:00-06:00; Sun 11:00-03:00,+372 601 0204,http://www.newyorkpizza.ee/,https://maps.google.com/?cid=12412332877985233093,new-york-pizza-mustamae-keskus,2,59.408280,24.689185,ChIJlSo5s_mUkkYRxTg2Ov12Qaw
,,,Chopsticks,3.9,269,$$,Chinese,Chinese Restaurant,restaurant; asian,,"Sõpruse pst 201/203, 13419 Tallinn",13419,Mon 10:00-21:00; Tue 10:00-21:00; Wed 10:00-21:00; Thu 10:00-21:00; Fri 10:00-21:00; Sat 10:00-21:00; Sun 10:00-21:00,+372 676 6471,http://chopsticks.ee/en/address/tallinn-magistrali/,https://maps.google.com/?cid=8179286935857967610,chopsticks,2,59.401472,24.697729,ChIJ76LHsfyUkkYR-rHO5yGqgnE
,,,Domberg Restaurant,3.9,258,$$,,Restaurant,restaurant,,"Piiskopi tn 1, 10130 Tallinn",10130,Mon 10:00-22:00; Tue 10:00-22:00; Wed 10:00-22:00; Thu 10:00-22:00; Fri 10:00-22:00; Sat 10:00-22:05; Sun 10:00-19:00,+372 644 6076,,https://maps.google.com/?cid=10133012056660429756,domberg-restaurant,2,59.436203,24.739504,ChIJHxVgcJ2UkkYRvMv-Tcewn4w
,,,Reval Café KUMU,3.9,229,$$,,Cafe,coffee,,"Weizenbergi 34/Valge 1, Valge tn 1, 10127 Tallinn",10127,Mon 10:00-15:00; Tue 10:00-19:00; Wed 10:00-19:00; Thu 10:00-20:00; Fri 10:00-19:00; Sat 10:00-19:00; Sun 10:00-19:00,+372 602 6164,https://revalcafe.ee/kohvik/kumu/,https://maps.google.com/?cid=14606411879642182537,reval-cafe-kumu,2,59.436562,24.795569,ChIJrcy15oOTkkYRiTMeaTdmtMo
,,,MySushi Mustamäe Keskus,3.9,217,$$,Japanese,Sushi Restaurant,restaurant; asian,,"A. H. Tammsaare tee 104a, 12918 Tallinn",12918,Mon 11:00-22:00; Tue 11:00-22:00; Wed 11:00-22:00; Thu 11:00-22:00; Fri 11:00-23:00; Sat 11:00-23:00; Sun 11:00-22:00,+372 882 8888,https://mustamae.mysushi.ee/,https://maps.google.com/?cid=15125957726559499833,mysushi-mustamae-keskus,2,59.408165,24.689811,ChIJF8MaJQWVkkYROXYnW2ky6tE
,,,Mangal Grill Sikupilli,3.9,198,$$,,Restaurant,restaurant,,"Tartu mnt 87, 10112 Tallinn",10112,Mon 12:00-21:00; Tue 12:00-21:00; Wed 12:00-21:00; Thu 12:00-21:00; Fri 12:00-21:00; Sat 12:00-21:00; Sun 12:00-21:00,+372 5833 3911,https://mangalgrill.ee/,https://maps.google.com/?cid=16473893663321811664,mangal-grill-sikupilli,2,59.426130,24.782551,ChIJr38Gu6uVkkYR0OraHQEHn-Q
,,,Arena 14 bar,3.9,186,$$,,Sports Bar,pub,,"Vana-Viru tn 14, 10148 Tallinn",10148,Mon 11:00-01:00; Tue 11:00-01:00; Wed 11:00-01:00; Thu 11:00-01:00; Fri 11:00-03:00; Sat 11:00-03:00; Sun 11:00-01:00,+372 642 2077,http://www.arena14.ee/,https://maps.google.com/?cid=17246335219508375965,arena-14-bar,2,59.436976,24.752587,ChIJie64MpiTkkYRnfEa1IFKV-8
,,,Plus Kohvik,3.9,186,$,,Cafe,coffee; cheap-eats,,"Lastekodu 46 Tallinna Bussijaam, 10113 Tallinn",10113,Mon 07:30-21:00; Tue 07:30-21:00; Wed 07:30-21:00; Thu 07:30-21:00; Fri 07:30-21:00; Sat 07:30-21:00; Sun 07:30-21:00,+372 5384 4383,http://pluskohvikud.ee/,https://maps.google.com/?cid=17952589021398186034,plus-kohvik,1,59.427294,24.773338,ChIJ-zTMZqiUkkYRMjgEG5loJPk
,,,Kägu Restoran-Garden,3.9,176,$$,,Restaurant,restaurant,,"Pikk tn 9, 10146 Tallinn",10146,Mon 09:00-22:00; Tue 09:00-22:00; Wed 11:00-22:00; Thu 11:00-22:00; Fri 11:00-23:00; Sat 11:00-23:00; Sun 11:00-21:00,+372 5621 8007,,https://maps.google.com/?cid=11543538772873250472,kagu-restoran-garden,2,59.436222,24.740672,ChIJ0XSfFNyTkkYRqAYPiFrjMqA
,,,Royal Asian Restoran,3.9,152,$$,Asian,Asian Restaurant,restaurant; asian,,"Kaarli pst 9, 10119 Tallinn",10119,Mon 12:00-00:00; Tue 12:00-00:00; Wed 12:00-00:00; Thu 12:00-00:00; Fri 12:00-00:00; Sat 12:00-00:00; Sun 12:00-00:00,+372 5636 3463,http://www.royalasianrestoran.com/,https://maps.google.com/?cid=16340700550474014697,royal-asian-restoran,2,59.431988,24.741183,ChIJqZBZLCSVkkYR6Z8I7JLUxeI
,,,Restoran Mangal Grill Tähesaju,3.9,129,$$,,Family Restaurant,restaurant,,"Tähesaju tee 1, 13917 Tallinn",13917,Mon 12:00-21:00; Tue 12:00-21:00; Wed 12:00-21:00; Thu 12:00-21:00; Fri 12:00-21:00; Sat 12:00-21:00; Sun 12:00-21:00,+372 5888 8911,https://mangalgrill.ee/,https://maps.google.com/?cid=6579609947170727520,restoran-mangal-grill-tahesaju,2,59.441645,24.849572,ChIJGyiHkHXtkkYRYOa8_WJ4T1s
,,,Virbi Peetri Pizza,3.9,104,$,,Restaurant,restaurant; cheap-eats,,"Virbi tn 8, 13629 Tallinn",13629,Mon 11:00-22:00; Tue 11:00-22:00; Wed 11:00-22:00; Thu 11:00-22:00; Fri 11:00-23:00; Sat 11:00-23:00; Sun 11:00-23:00,+372 5302 2278,http://peetripizza.ee/,https://maps.google.com/?cid=4231729948651385656,virbi-peetri-pizza,1,59.441094,24.843066,ChIJbWVHVMfskkYROHO_tvcfujo
,,,X Club,3.9,100,,,Restaurant,restaurant,,"Harju tn 6, 10130 Tallinn",10130,Mon 21:00-06:00; Tue 21:00-06:00; Wed 21:00-06:00; Thu 21:00-06:00; Fri 21:00-06:00; Sat 21:00-06:00; Sun 21:00-06:00,+372 631 0575,http://xclub.ee/,https://maps.google.com/?cid=15479206094977695471,x-club,,59.434508,24.743125,ChIJd3hx3Z2UkkYR7_40WO4v0dY
,,,Sushi House Kristiine,3.9,96,$$,,Takeout Restaurant,restaurant,,"Endla tn 53, 10615 Tallinn",10615,Mon 10:30-21:30; Tue 10:30-21:30; Wed 10:30-21:30; Thu 10:30-21:30; Fri 10:30-21:30; Sat 10:30-21:30; Sun 10:30-21:31,+372 5831 1412,http://sushihouse.ee/,https://maps.google.com/?cid=14743378001016724399,sushi-house-kristiine,2,59.427488,24.715696,ChIJpbBmdg-VkkYRrxvpmy0Am8w
,,,MEZE Viru Keskus Food Hall,3.9,77,$$,,Restaurant,restaurant,,"Viru väljak 4, 10111 Tallinn",10111,Mon 11:00-21:00; Tue 11:00-21:00; Wed 11:00-21:00; Thu 11:00-21:00; Fri 11:00-23:00; Sat 11:00-23:00; Sun 11:00-21:00,+372 5611 1650,http://www.meze.ee/,https://maps.google.com/?cid=335106005565953491,meze-viru-keskus-food-hall,2,59.436485,24.754911,ChIJX_5Cg_GTkkYR09Xb9yKJpgQ
,,,Hiiekivi OÜ,3.9,61,$,,Cafe,coffee; cheap-eats,,"Saiakang 1, 10146 Tallinn",10146,Mon 10:00-18:00; Tue 10:00-19:00; Wed 10:00-19:00; Thu 10:00-19:00; Fri 10:00-19:00; Sat 10:00-18:00; Sun 10:00-18:00,+372 505 6258,https://kohvik.ee/,https://maps.google.com/?cid=7703022024149620188,hiiekivi-ou,1,59.437720,24.745610,ChIJZYYzOWKTkkYR3NVy9reh5mo
,,,Tea & Coffee Centre - Viru Keskus,3.9,60,,,Tea Store,restaurant,,"1st floor, Viru väljak 4, 10153 Tallinn",10153,Mon 10:00-21:00; Tue 10:00-21:00; Wed 10:00-21:00; Thu 10:00-21:00; Fri 10:00-21:00; Sat 10:00-21:00; Sun 10:00-19:00,+372 502 5684,https://www.teacoffeecentre.ee/,https://maps.google.com/?cid=3658980845236079250,tea-coffee-centre-viru-keskus,,59.436521,24.756685,ChIJGQ3DYmCTkkYRkkpBULFPxzI
,,,McDonald's Viru,3.8,10389,$,American,Fast Food Restaurant,restaurant; cheap-eats,,"Viru 24, 10140 Tallinn",10140,Mon 07:00-01:00; Tue 07:00-01:00; Wed 07:00-01:00; Thu 07:00-04:00; Fri 07:00-05:00; Sat 07:00-05:00; Sun 07:00-01:00,+372 5561 7011,https://www.mcdonalds.ee/,https://maps.google.com/?cid=17321614607265636669,mcdonald-s-viru,1,59.436475,24.749878,ChIJ8QEOwGGTkkYRPSFJIra8YvA
,,,KFC,3.8,1843,$$,,Chicken Restaurant,restaurant,,"Endla tn 45, 10615 Tallinn",10615,Mon 09:00-00:00; Tue 09:00-00:00; Wed 09:00-00:00; Thu 09:00-00:00; Fri 09:00-04:00; Sat 09:00-04:00; Sun 09:00-00:00,+372 5345 9609,https://kfc.ee/,https://maps.google.com/?cid=10242591019047393748,kfc,2,59.427325,24.723099,ChIJr4ICHpuVkkYR1BntpUP-JI4
,,,KFC Ülemiste Centre,3.8,1698,$$,,Chicken Restaurant,restaurant,,"Suur-Sõjamäe tn 4, 11415 Tallinn",11415,Mon 09:00-22:00; Tue 09:00-22:00; Wed 09:00-22:00; Thu 09:00-22:00; Fri 09:00-22:00; Sat 09:00-22:00; Sun 09:00-22:00,+372 5303 3362,https://kfc.ee/,https://maps.google.com/?cid=6542904617675286663,kfc-ulemiste-centre,2,59.422498,24.793846,ChIJ6U8vlt3rkkYRh2jMfxURzVo
,,,Hesburger Tallinn Sõle,3.8,1009,,American,Hamburger Restaurant,restaurant,,"Sõle tn 25a-1, 10614 Tallinn",10614,Mon 08:00-23:00; Tue 08:00-23:00; Wed 08:00-23:00; Thu 08:00-23:00; Fri 08:00-23:00; Sat 08:00-23:00; Sun 08:00-23:00,+372 5553 7735,https://www.hesburger.ee/restoranid?tid=1290,https://maps.google.com/?cid=6285676588134630542,hesburger-tallinn-sole,,59.437802,24.708578,ChIJnVKjfH6UkkYRjgTB0I01O1c
,,,KFC Lasnamäe,3.8,1000,$$,,Chicken Restaurant,restaurant,,"Mustakivi tee 15A, 13912 Tallinn",13912,Mon 10:00-22:00; Tue 10:00-22:00; Wed 10:00-22:00; Thu 10:00-22:00; Fri 10:00-23:00; Sat 10:00-23:00; Sun 10:00-22:00,+372 5878 3300,https://kfc.ee/,https://maps.google.com/?cid=16488032463825185926,kfc-lasnamae,2,59.442785,24.865232,ChIJyYv6hYftkkYRhqxoIytC0eQ
,,,Domino's Pizza Mustamäe Keskus,3.8,809,$$,Pizza,Pizza Restaurant,restaurant,,"A. H. Tammsaare tee 104a, 12918 Tallinn",12918,Mon 10:00-22:00; Tue 10:00-22:00; Wed 10:00-22:00; Thu 10:00-22:00; Fri 10:00-23:00; Sat 10:00-23:00; Sun 10:00-22:00,+372 633 3303,https://dominospizza.ee/et/tallinn/,https://maps.google.com/?cid=16327794566733054257,domino-s-pizza-mustamae-keskus,2,59.408273,24.689706,ChIJ0z6sQaaVkkYRMUGta6b6l-I
,,,McDonald's,3.8,785,$,,Fast Food Restaurant,restaurant; cheap-eats,,"J. Smuuli tee 43-1, 11415 Tallinn",11415,Mon 07:00-00:00; Tue 07:00-00:00; Wed 07:00-00:00; Thu 07:00-00:00; Fri 07:00-00:00; Sat 07:00-00:00; Sun 07:00-00:00,+372 5394 3802,https://mcdonalds.ee/,https://maps.google.com/?cid=6006799600646548052,mcdonald-s-2,1,59.428882,24.838464,ChIJV8jphKftkkYRVOp-UWlwXFM
,,,KFC Tondi,3.8,670,$$,,Fast Food Restaurant,restaurant,,"A. H. Tammsaare tee 62, 11316 Tallinn",11316,Mon 09:00-23:00; Tue 09:00-23:00; Wed 09:00-23:00; Thu 09:00-23:00; Fri 09:00-23:00; Sat 09:00-23:00; Sun 09:00-23:00,+372 5323 9972,https://www.kfc.ee/,https://maps.google.com/?cid=11982857096460826400,kfc-tondi,2,59.402868,24.713620,ChIJV9fAIrCVkkYRIPfQlAqpS6Y
,,,Viru Kebab baar,3.8,549,$,Turkish,Turkish Restaurant,restaurant; cheap-eats,,"Viru 17, 10140 Tallinn",10140,Mon 10:00-06:00; Tue 10:00-06:00; Wed 10:00-06:00; Thu 10:00-06:00; Fri 10:00-06:00; Sat 10:00-06:00; Sun 10:00-06:00,,,https://maps.google.com/?cid=12604187826891792217,viru-kebab-baar,1,59.436626,24.749635,ChIJh_Wkd4eTkkYRWR8weAwS664
,,,MySushi Stockmann,3.8,490,$$,Japanese,Sushi Restaurant,restaurant; asian,,"Liivalaia tn 53, 10145 Tallinn",10145,Mon 11:30-20:00; Tue 11:30-21:00; Wed 11:30-21:00; Thu 11:30-21:00; Fri 11:30-21:00; Sat 12:00-21:00; Sun 12:00-19:00,+372 788 8887,https://stockmann.mysushi.ee/,https://maps.google.com/?cid=14779060550721962739,mysushi-stockmann,2,59.432655,24.762085,ChIJx4rzYV-TkkYR84LFn0TFGc0
,,,Chi Nautica,3.8,470,$$,Asian,Asian Restaurant,restaurant; asian,,"Lootsi tn 12a, 10151 Tallinn",10151,Mon 10:00-21:00; Tue 10:00-21:00; Wed 10:00-21:00; Thu 10:00-21:00; Fri 10:00-21:00; Sat 10:00-21:00; Sun 10:00-21:00,+372 631 1909,https://www.chirestoran.ee/,https://maps.google.com/?cid=11187460731744618185,chi-nautica,2,59.441109,24.761423,ChIJGyq-eWeTkkYRyQZFBkPYQZs
,,,F.Burger,3.8,351,$$,American,Hamburger Restaurant,restaurant,,"Viru väljak 4-6, 10111 Tallinn",10111,Mon 11:00-21:00; Tue 11:00-21:00; Wed 11:00-21:00; Thu 11:00-21:00; Fri 11:00-22:00; Sat 11:00-22:00; Sun 11:00-20:00,+372 5345 5542,http://fburger.ee/,https://maps.google.com/?cid=17437920684789092005,f-burger,2,59.436233,24.755768,ChIJUfYMCRDtkkYRpU5KBnnw__E
,,,"Laif Karaoke Club & Restoran ""Monroe""",3.8,310,$$,,Restaurant,restaurant,,"Lai 5, 10133 Tallinn",10133,Mon closed; Tue 12:00-21:00; Wed 12:00-21:00; Thu 12:00-23:00; Fri 12:00-05:00; Sat 12:00-05:00; Sun 09:00-21:00,+372 5341 1541,,https://maps.google.com/?cid=11717864111285126074,laif-karaoke-club-restoran-monroe,2,59.438588,24.743969,ChIJxehxV2KTkkYRusNyR1M3nqI
,,,Little India In Mustamäe Center,3.8,246,$$,Indian,Indian Restaurant,restaurant; asian,,"A. H. Tammsaare tee 104a, 12918 Tallinn",12918,Mon 10:00-21:00; Tue 10:00-21:00; Wed 10:00-21:00; Thu 10:00-21:00; Fri 10:00-21:00; Sat 10:00-21:00; Sun 10:00-21:00,+372 602 3346,http://www.littleindia.ee/,https://maps.google.com/?cid=16498145773843055155,little-india-in-mustamae-center,2,59.408477,24.688110,ChIJG0FstPmUkkYRMwKHnisw9eQ
,,,MySushi Magistrali,3.8,160,$$,Japanese,Sushi Restaurant,restaurant; asian,,"Sõpruse pst 201/203, 13419 Tallinn",13419,Mon 11:30-21:00; Tue 11:30-21:00; Wed 11:30-21:00; Thu 11:30-21:00; Fri 11:30-22:00; Sat 12:00-22:00; Sun 12:00-21:00,+372 711 8800,http://magistral.mysushi.ee/,https://maps.google.com/?cid=16968219148578888196,mysushi-magistrali,2,59.401601,24.697653,ChIJbb6eN-CVkkYRBJoGBmo5e-s
,,,Nuudel Kesklinn,3.8,94,$$,Thai,Asian Restaurant,restaurant; asian,,"Mardi tn 1, 10145 Tallinn",10145,Mon 11:00-22:00; Tue 11:00-22:00; Wed 11:00-22:00; Thu 11:00-22:00; Fri 11:00-23:00; Sat 11:00-23:00; Sun 11:00-20:00,+372 5676 4690,,https://maps.google.com/?cid=3108117300344202556,nuudel-kesklinn,2,59.430719,24.761913,ChIJY4eHw7yVkkYRPCVDlzdAIis
,,,MySushi Smuuli Maxima,3.8,84,$$,Japanese,Sushi Restaurant,restaurant; asian,,"J. Smuuli tee 9, 13628 Tallinn",13628,Mon 12:00-21:00; Tue 12:00-21:00; Wed 12:00-21:00; Thu 12:00-21:00; Fri 11:00-21:00; Sat 11:00-21:00; Sun 12:00-21:00,+372 788 8877,https://smuuli.mysushi.ee/,https://maps.google.com/?cid=11907600742377519582,mysushi-smuuli-maxima,2,59.443594,24.822901,ChIJbZ2ALj3tkkYR3vmWOMlLQKU
,,,BurX,3.8,68,$$,,Fast Food Restaurant,restaurant,,"Artelli tn 19, 10621 Tallinn",10621,Mon 11:00-03:00; Tue 11:00-03:00; Wed 11:00-03:00; Thu 11:00-03:00; Fri 11:00-03:00; Sat 11:00-03:00; Sun 11:00-03:00,,,https://maps.google.com/?cid=8385708588449939076,burx,2,59.416339,24.686040,ChIJ1ceHPYeVkkYRhD6AJIgFYHQ
,,,Sikupilli Pizzakiosk,3.8,60,$$,,Takeout Restaurant,restaurant,,"Tartu mnt 87, 10112 Tallinn",10112,Mon 10:00-21:00; Tue 10:00-21:00; Wed 10:00-21:00; Thu 10:00-21:00; Fri 10:00-21:00; Sat 10:00-21:00; Sun 10:00-21:00,+372 600 2009,https://www.pizzakiosk.ee/,https://maps.google.com/?cid=9662801709220640416,sikupilli-pizzakiosk,2,59.426343,24.783440,ChIJ8cG1PKqUkkYRoDYidfUqGYY
,,,Burger King,3.7,1397,$,,Fast Food Restaurant,restaurant; cheap-eats,,"Toompuiestee 37, 10149 Tallinn",10149,Mon 11:00-22:00; Tue 11:00-22:00; Wed 11:00-22:00; Thu 11:00-22:00; Fri 11:00-01:00; Sat 11:00-01:00; Sun 11:00-22:00,+372 5366 5977,http://www.burgerking.ee/,https://maps.google.com/?cid=5599585752807487535,burger-king-3,1,59.440594,24.738143,ChIJwfhV4H6TkkYRL7htBZO5tU0
,,,Musicbaar,3.7,349,$$,,Bar,pub,,"Vana-Viru tn 14, 10148 Tallinn",10148,Mon 10:00-18:00; Tue 10:00-18:00; Wed 10:00-18:00; Thu 10:00-18:00; Fri 10:00-18:00; Sat 10:00-18:00; Sun 10:00-18:00,+372 682 8112,http://www.musicbar.ee/,https://maps.google.com/?cid=17670347038734434683,musicbaar,2,59.436885,24.752600,ChIJuXehsmGTkkYRe0GknQKvOfU
,,,Hesburger Tallinn Lasnamäe Centrum,3.7,295,,American,Hamburger Restaurant,restaurant,,"Mustakivi tee 13, 13912 Tallinn",13912,Mon 09:00-21:00; Tue 09:00-21:00; Wed 09:00-21:00; Thu 09:00-21:00; Fri 09:00-21:00; Sat 09:00-21:00; Sun 09:00-21:00,+372 5850 1208,https://www.hesburger.ee/restoranid?tid=290,https://maps.google.com/?cid=14324408575917945702,hesburger-tallinn-lasnamae-centrum,,59.440907,24.863933,ChIJgVyBCuzskkYRZvMlsbSFysY
,,,Subway,3.7,260,$$,,Sandwich Shop,restaurant,,"Tartu Mtn 101, Gate 7, 10112 Tallinn",10112,Mon 06:00-20:00; Tue 06:00-20:00; Wed 06:00-20:00; Thu 06:00-20:00; Fri 06:00-21:00; Sat 06:00-21:00; Sun 06:00-21:00,+372 5304 5945,https://restaurants.subway.com/et/eesti/tallinn/tartu-mtn-101?utm_source=yxt-goog&utm_medium=local&utm_term=acq&utm_content=59862&utm_campaign=evergreen-2020&y_source=1_MTQ5MjM5NDYtNzE1LWxvY2F0aW9uLndlYnNpdGU%3D,https://maps.google.com/?cid=8338951087144269836,subway,2,59.416348,24.801325,ChIJ0SLd6FDrkkYRDHiXBNXnuXM
,,,Domino's Pizza Mustakivi,3.7,165,$$,Pizza,Pizza Restaurant,restaurant,,"Mustakivi tee 17, 13912 Tallinn",13912,Mon 10:00-22:00; Tue 10:00-22:00; Wed 10:00-22:00; Thu 10:00-22:00; Fri 10:00-23:00; Sat 10:00-23:00; Sun 10:00-22:00,+372 633 3317,https://dominospizza.ee/et/tallinn/,https://maps.google.com/?cid=13370721181278388350,domino-s-pizza-mustakivi,2,59.443138,24.863410,ChIJHYUTDQDtkkYRfsDjwBJYjrk
,,,LIT Magistrali,3.7,98,$,,Takeout Restaurant,restaurant; cheap-eats,,"Sõpruse pst 201/203, 13419 Tallinn",13419,Mon 12:00-22:00; Tue 12:00-22:00; Wed 12:00-22:00; Thu 12:00-22:00; Fri 12:00-01:00; Sat 12:00-01:00; Sun 12:00-22:00,+372 755 5004,http://www.litwagon.ee/,https://maps.google.com/?cid=6361151983498394930,lit-magistrali,1,59.401202,24.697261,ChIJwSZmCcmVkkYRMn2xsgZaR1g
,,,Literaat Café,3.7,97,$,,Cafe,coffee; cheap-eats,,"Viru väljak 4, 10111 Tallinn",10111,Mon 10:00-21:00; Tue 10:00-21:00; Wed 10:00-21:00; Thu 10:00-21:00; Fri 10:00-21:00; Sat 10:00-21:00; Sun 10:00-19:00,+372 666 1661,https://www.facebook.com/LiteraatCafeViruKeskus,https://maps.google.com/?cid=11734082914979668293,literaat-cafe,1,59.436515,24.755934,ChIJu_9jXdiTkkYRReFXyD3W16I
,,,Maama Pizza Kadaka,3.7,75,$$,Pizza,Pizza Restaurant,restaurant,,"Kadaka tee 177, 12615 Tallinn",12615,Mon 12:00-00:00; Tue 12:00-00:00; Wed 12:00-00:00; Thu 12:00-00:00; Fri 12:00-00:00; Sat 12:00-00:00; Sun 12:00-00:00,+372 677 5662,https://maamapizza.ee/,https://maps.google.com/?cid=16672222224284249126,maama-pizza-kadaka,2,59.404615,24.657013,ChIJPV-xsWaVkkYRJuzVnsehX-c
,,,Tin Bhai Kebab And Curry,3.7,63,$,,Restaurant,restaurant; cheap-eats,,"Akadeemia tee, 12616 Tallinn",12616,Mon 11:00-02:00; Tue 11:00-02:00; Wed 11:00-02:00; Thu closed; Fri closed; Sat 11:00-04:00; Sun 11:00-02:00,+372 5564 3944,,https://maps.google.com/?cid=14821873867356129664,tin-bhai-kebab-and-curry,1,59.396964,24.668578,ChIJyRYVcdiVkkYRgEloscDfsc0
,,,Hesburger Tallinn Viru tn.,3.6,3420,,American,Hamburger Restaurant,restaurant,,"Viru 27A, 10148 Tallinn",10148,Mon 08:00-23:00; Tue 08:00-23:00; Wed 08:00-23:00; Thu 08:00-23:00; Fri 08:00-07:00; Sat 08:00-07:00; Sun 08:00-23:00,+372 5850 1212,https://www.hesburger.ee/restoranid?tid=233,https://maps.google.com/?cid=15772995994784594705,hesburger-tallinn-viru-tn,,59.436741,24.751941,ChIJIRAesmGTkkYREXvL0Enw5No
,,,BabyBack Ribs & BBQ,3.6,1038,$$,American,American Restaurant,restaurant,,"Lootsi tn 7-10151, 10151 Tallinn",10151,Mon 11:00-20:00; Tue 11:00-20:00; Wed 11:00-20:00; Thu 11:00-20:00; Fri 11:00-20:00; Sat 11:00-20:00; Sun 11:00-19:30,+372 601 5544,https://babyback.ee/,https://maps.google.com/?cid=17595169379422550089,babyback-ribs-bbq-2,2,59.441460,24.761834,ChIJrQ5hiF2TkkYRSbhPz1OZLvQ
,,,Satumaa Karaoke Bar,3.6,769,$$,,Bar,pub,,"Vene tn 8, 10123 Tallinn",10123,Mon 18:00-04:00; Tue 18:00-04:00; Wed 18:00-04:00; Thu 18:00-04:00; Fri 18:00-05:00; Sat 12:00-05:00; Sun 18:00-04:00,+372 5398 1129,https://www.satumaakaraokebar.com/,https://maps.google.com/?cid=15124392540518429737,satumaa-karaoke-bar,2,59.437419,24.747678,ChIJMUrm9WGTkkYRKTQrFeKi5NE
,,,Hesburger Tallinn Nurmenuku,3.6,677,,American,Hamburger Restaurant,restaurant,,"Järveotsa tee 71, 13511 Tallinn",13511,Mon 08:00-21:00; Tue 08:00-21:00; Wed 08:00-21:00; Thu 08:00-21:00; Fri 08:00-21:00; Sat 08:00-21:00; Sun 08:00-21:00,+372 5551 2809,https://www.hesburger.ee/restoranid?tid=1242,https://maps.google.com/?cid=4900280010451832743,hesburger-tallinn-nurmenuku,,59.413987,24.654385,ChIJM5QrK0mUkkYRp8_t6rRKAUQ
,,,Baskin Robbins,3.6,249,,,Ice Cream Shop,restaurant,,"Raekoja plats 8, 10146 Tallinn",10146,Mon 11:00-22:00; Tue 11:00-22:00; Wed 11:00-22:00; Thu 11:00-22:00; Fri 11:00-22:00; Sat 11:00-22:00; Sun 11:00-22:00,+372 5742 7639,,https://maps.google.com/?cid=15622537921873160683,baskin-robbins,,59.437635,24.744457,ChIJF4MvEpyTkkYR66lR23dnztg
,,,Chopsticks Mustamäe Keskus,3.6,205,$$,Asian,Asian Restaurant,restaurant; asian,,"A. H. Tammsaare tee 104a, 12918 Tallinn",12918,Mon 10:00-21:00; Tue 10:00-21:00; Wed 10:00-21:00; Thu 10:00-21:00; Fri 10:00-21:00; Sat 10:00-21:00; Sun 10:00-21:00,+372 602 3347,http://www.chopsticks.ee/,https://maps.google.com/?cid=10886720105119978187,chopsticks-mustamae-keskus,2,59.408507,24.689055,ChIJ5RNgtPmUkkYRy5LHWkFmFZc
,,,MySushi Apollo Plaza,3.6,82,$$,,Restaurant,restaurant,,"Hobujaama tn 5, 10151 Tallinn",10151,Mon 11:00-21:00; Tue 11:00-21:00; Wed 11:00-21:00; Thu 11:00-21:00; Fri 11:00-22:00; Sat 11:00-22:00; Sun 11:00-21:00,+372 5831 1711,https://takeaway-plaza.mysushi.menu/,https://maps.google.com/?cid=17194791094832217926,mysushi-apollo-plaza,2,59.438267,24.755964,ChIJ0bY9jXqTkkYRRj-GGmYroO4
,,,AURORA Grill Resto,3.6,77,$$,Eastern European,Eastern European Restaurant,restaurant,,"Vormsi tn 7, 13913 Tallinn",13913,Mon 11:00-23:00; Tue 11:00-23:00; Wed 11:00-23:00; Thu 11:00-23:00; Fri 11:00-02:00; Sat 11:00-02:00; Sun 11:00-23:00,+372 5880 5733,,https://maps.google.com/?cid=4562168670082393491,aurora-grill-resto,2,59.454592,24.872379,ChIJd-P50K7tkkYRk2Wt6TsUUD8
,,,JETI's Tallinn,3.6,63,,,Restaurant,restaurant,,"Kuninga tn 8, 10146 Tallinn",10146,Mon 11:00-21:00; Tue 11:00-21:00; Wed 11:00-21:00; Thu 11:00-21:00; Fri 11:00-21:00; Sat 11:00-21:00; Sun 11:00-21:00,+372 655 7500,,https://maps.google.com/?cid=10428393391217566786,jeti-s-tallinn,,59.436508,24.744895,ChIJiY3l-YeTkkYRQuSNjYkYuZA
,,,"Amarillo Viru, Tallinn",3.5,1723,$$,,Restaurant,restaurant,,"Viru väljak 4, 10111 Tallinn",10111,Mon 11:30-22:00; Tue 11:30-22:00; Wed 11:30-22:00; Thu 11:30-22:00; Fri 11:30-23:00; Sat 11:00-23:00; Sun 11:00-21:00,+372 5680 9340,https://www.raflaamo.fi/fi/ravintola/tallinna/amarillo-viru-tallinna,https://maps.google.com/?cid=17957650700128512635,amarillo-viru-tallinn,2,59.436489,24.754791,ChIJv2Y4XGCTkkYRe2q0BStkNvk
,,,Burger King,3.5,840,$,,Fast Food Restaurant,restaurant; cheap-eats,,"Viru 23, 10111 Tallinn",10111,Mon 11:30-22:00; Tue 11:30-22:00; Wed 11:30-22:00; Thu 11:30-22:00; Fri 11:30-02:00; Sat 11:30-02:00; Sun 11:30-22:00,+372 5308 0125,https://burgerking.ee/,https://maps.google.com/?cid=6656616973533568113,burger-king-4,1,59.436718,24.751227,ChIJ1Qj3tkOTkkYRcdxNgd4NYVw
,,,Maharaja Restaurant,3.5,608,$$,Indian,Indian Restaurant,restaurant; asian,,"Harju 7, 10146 Tallinn",10146,Mon 11:00-22:30; Tue 11:00-22:30; Wed 11:00-22:30; Thu 11:00-22:30; Fri 11:00-22:30; Sat 11:00-22:30; Sun 11:00-22:30,+372 5699 0624,http://www.maharaja.ee/,https://maps.google.com/?cid=12057731189217280453,maharaja-restaurant,2,59.435431,24.744020,ChIJtXKKPGKTkkYRxcFxyqGqVac
,,,Cafe Velvet,3.5,538,$$,,Restaurant,restaurant,,"Supluse pst 1, 11911 Tallinn",11911,Mon 12:00-23:00; Tue 12:00-23:00; Wed 12:00-23:00; Thu 12:00-00:00; Fri 12:00-00:00; Sat 12:00-00:00; Sun 12:00-23:00,+372 5334 0200,http://cafevelvet.ee/,https://maps.google.com/?cid=14648664397419102240,cafe-velvet,2,59.471741,24.831129,ChIJzSTvJNSSkkYRIMATUqiCSss
,,,KFC Artius,3.5,283,$$,,Chicken Restaurant,restaurant,,"Narva mnt 5, 10117 Tallinn",10117,Mon 09:00-00:00; Tue 09:00-00:00; Wed 09:00-00:00; Thu 09:00-00:00; Fri 09:00-04:00; Sat 09:00-04:00; Sun 09:00-00:00,+372 5887 6162,https://kfc.ee/,https://maps.google.com/?cid=11443713498215444347,kfc-artius,2,59.437610,24.757917,ChIJ-feLEgCTkkYRe295lMs80J4
,,,Kohvik Kai,3.5,255,$,,Cafe,coffee; cheap-eats,,"Sadama tn 25/4, 10111 Tallinn",10111,Mon 09:00-19:00; Tue 09:00-19:00; Wed 09:00-19:00; Thu 09:00-19:00; Fri 09:00-19:00; Sat 09:00-19:00; Sun 09:00-19:00,+372 5556 7153,http://www.sadamaturg.ee/kohvik/,https://maps.google.com/?cid=16963139733522689084,kohvik-kai,1,59.443298,24.759619,ChIJlSDQtGeTkkYRPCzvi7Ytaes
,,,UusAasia Pirita,3.5,200,$$,Japanese,Restaurant,restaurant; asian,,"Pirita Keskus 2nd floor, Merivälja tee 24, 11911 Tallinn",11911,Mon 10:30-22:00; Tue 10:30-22:00; Wed 10:30-22:00; Thu 10:30-22:00; Fri 10:30-22:00; Sat 10:30-22:00; Sun 10:30-22:00,+372 5674 7153,http://www.uusaasia.ee/,https://maps.google.com/?cid=7670560848088118109,uusaasia-pirita,2,59.468660,24.835084,ChIJlRzPbh2TkkYRXbNPcnNOc2o
,,,Kolm Tilli Tallinn,3.5,184,$$,Pizza,Pizza Restaurant,restaurant,,"Viru väljak 4, 10111 Tallinn",10111,Mon 11:00-21:00; Tue 11:00-21:00; Wed 11:00-21:00; Thu 11:00-21:00; Fri 11:00-22:00; Sat 11:00-22:00; Sun 11:00-21:00,+372 550 1333,https://sevensons.ee/kohad/kolm-tilli-tallinn/,https://maps.google.com/?cid=10586115910045013527,kolm-tilli-tallinn,2,59.436008,24.754697,ChIJb23Lm26TkkYRFxZYIVVw6ZI
,,,Nuudel Mustamäe,3.5,60,$,Thai,Thai Restaurant,restaurant; asian; cheap-eats,,"Akadeemia tee 21b, 12618 Tallinn",12618,Mon 11:00-22:00; Tue 11:00-22:00; Wed 11:00-22:00; Thu 11:00-22:00; Fri 11:00-22:00; Sat 11:00-22:00; Sun 12:00-20:00,+372 5461 6940,,https://maps.google.com/?cid=17060442706200330595,nuudel-mustamae,1,59.397825,24.660050,ChIJ2ZfJrueVkkYRY4H5TUDewuw
,,,Chi Restaurant,3.4,327,$$,Asian,Asian Restaurant,restaurant; asian,,"Suur-Sõjamäe tn 4, 11415 Tallinn",11415,Mon 10:00-21:00; Tue 10:00-21:00; Wed 10:00-21:00; Thu 10:00-21:00; Fri 10:00-21:00; Sat 10:00-21:00; Sun 10:00-20:00,+372 630 2363,https://www.chirestoran.ee/,https://maps.google.com/?cid=17725484408582409681,chi-restaurant,2,59.421679,24.794488,ChIJT2xIklTrkkYR0Y1H7SeS_fU
,,,Chopsticks,3.4,297,$$,Chinese,Chinese Restaurant,restaurant; asian,,"Mustakivi tee 13, 13912 Tallinn",13912,Mon 10:00-21:00; Tue 10:00-21:00; Wed 10:00-21:00; Thu 10:00-21:00; Fri 10:00-21:00; Sat 10:00-21:00; Sun 10:00-21:00,+372 633 3136,http://www.chopsticks.ee/,https://maps.google.com/?cid=11288246887995702433,chopsticks-2,2,59.440792,24.863965,ChIJj4DGk-vskkYRoXzkp7zop5w
,,,Burger King,3.4,222,$,,Fast Food Restaurant,restaurant; cheap-eats,,"Mustakivi tee 13, 13912 Tallinn",13912,Mon 11:00-21:00; Tue 11:00-21:00; Wed 11:00-21:00; Thu 11:00-21:00; Fri 11:00-21:00; Sat 11:00-21:00; Sun 11:00-21:00,+372 513 1705,https://www.burgerking.ee/,https://maps.google.com/?cid=8411251983880745073,burger-king-5,1,59.440899,24.863778,ChIJH4R79zPtkkYRcfCCVx3FunQ
,,,"Disco Bar ""Kolin""",3.4,183,$$,,Bar,pub,,"Läänemere tee 28, 13913 Tallinn",13913,Mon 18:00-10:00; Tue 18:00-10:00; Wed 18:00-10:00; Thu 18:00-10:00; Fri 18:00-10:00; Sat 18:00-10:00; Sun 18:00-10:00,,,https://maps.google.com/?cid=5830849505875818475,disco-bar-kolin,2,59.452821,24.874864,ChIJP-ZtMeHskkYR63d9gLtW61A
,,,Restoran Italini,3.4,150,$$,Italian,Italian Restaurant,restaurant,,"Paldiski mnt 4, 10149 Tallinn",10149,Mon 16:00-23:00; Tue 16:00-23:00; Wed 16:00-23:00; Thu 16:00-23:00; Fri 16:00-23:00; Sat 16:00-23:00; Sun 16:00-23:00,+372 505 6497,https://italini.ee/,https://maps.google.com/?cid=11246175818508824581,restoran-italini,2,59.435463,24.731375,ChIJPVKufQCVkkYRBXDOd1JxEpw
,,,MammaMia Clazz Restaurant,3.3,1145,$$,Italian,Italian Restaurant,restaurant,,"Vana turg 2, 10140 Tallinn",10140,Mon 12:00-23:00; Tue 12:00-23:00; Wed 12:00-23:00; Thu 12:00-23:00; Fri 11:30-00:00; Sat 11:30-00:00; Sun 12:00-23:00,+372 633 2399,https://mammamia.choiceqr.com/,https://maps.google.com/?cid=13327858850330113054,mammamia-clazz-restaurant,2,59.436545,24.746343,ChIJSzyCHGKTkkYRHvR4pgIR9rg
,,,Hesburger Tallinn Nautica Keskus,3.3,726,,American,Hamburger Restaurant,restaurant,,"Ahtri 9, 10151 Tallinn",10151,Mon 08:00-22:00; Tue 08:00-22:00; Wed 08:00-22:00; Thu 08:00-22:00; Fri 08:00-22:00; Sat 08:00-22:00; Sun 08:00-22:00,+372 5850 1218,https://www.hesburger.ee/restoranid?tid=238,https://maps.google.com/?cid=2625608768048724014,hesburger-tallinn-nautica-keskus,,59.440338,24.763103,ChIJ03WADZ2TkkYRLvixckMJcCQ
,,,Peetri Pizza Narva mnt,3.3,117,$$,Pizza,Pizza Restaurant,restaurant,,"Narva mnt 36a, 10120 Tallinn",10120,Mon 12:00-01:00; Tue 12:00-01:00; Wed 12:00-01:00; Thu 12:00-01:00; Fri 12:00-01:00; Sat 12:00-01:00; Sun 12:00-01:00,+372 5622 2288,https://peetripizza.ee/pizzeria/narva-mnt,https://maps.google.com/?cid=13503666577254396219,peetri-pizza-narva-mnt,2,59.438395,24.771759,ChIJ26ijaZOTkkYROzGQ3jSpZrs
,,,Tule Estonia Restaurant,3.2,1567,$$,,Restaurant,restaurant,,"Raekoja plats 5, 10146 Tallinn",10146,Mon 11:00-23:00; Tue 11:00-23:00; Wed 11:00-23:00; Thu 11:00-23:00; Fri 11:00-01:00; Sat 10:00-01:00; Sun 11:00-23:00,+372 5669 7840,https://tuleestonia.ee/,https://maps.google.com/?cid=14020712687559678038,tule-estonia-restaurant,2,59.437193,24.744270,ChIJm0GCa2KTkkYRVpjOh-eTk8I
,,,Bella Ciao Restoran,3.2,578,$$,Italian,Italian Restaurant,restaurant,,"Kinga tn 1, 10146 Tallinn",10146,Mon 11:30-00:00; Tue 11:30-00:00; Wed 11:30-00:00; Thu 11:30-00:00; Fri 10:30-00:00; Sat 11:30-00:00; Sun 11:30-00:00,+372 673 0011,,https://maps.google.com/?cid=1172100710260257238,bella-ciao-restoran,2,59.437498,24.744463,ChIJPdkBTeqTkkYR1rELzGIjRBA
,,,MySushi Ülemiste,3.2,152,$$,Japanese,Sushi Restaurant,restaurant; asian,,"Suur-Sõjamäe tn 4, 11415 Tallinn",11415,Mon 11:00-22:00; Tue 11:00-22:00; Wed 11:00-22:00; Thu 11:00-22:00; Fri 11:00-22:00; Sat 11:00-22:00; Sun 11:00-22:00,+372 715 5551,https://ulemiste.mysushi.ee/,https://maps.google.com/?cid=12663616375421200535,mysushi-ulemiste,2,59.421907,24.794422,ChIJP-xF5HjrkkYRl-jMrP8zvq8
,,,MySushi Järve,3.2,93,$$,Japanese,Sushi Restaurant,restaurant; asian,,"Pärnu mnt. 238, 11624 Tallinn",11624,Mon 10:00-21:00; Tue 10:00-21:00; Wed 10:00-21:00; Thu 10:00-21:00; Fri 10:00-22:00; Sat 10:00-22:00; Sun 10:00-21:00,+372 5777 7743,https://jarve.mysushi.ee/,https://maps.google.com/?cid=8933091230301023097,mysushi-jarve,2,59.392163,24.720950,ChIJ4aj43saVkkYRees_-CS3-Hs
,,,Geo Doner,3.2,68,$,,Fast Food Restaurant,restaurant; cheap-eats,,"Linnamäe tee 51, 13911 Tallinn",13911,Mon 11:00-23:00; Tue 11:00-23:00; Wed 11:00-23:00; Thu 11:00-23:00; Fri 11:00-00:00; Sat 11:00-00:00; Sun 11:00-00:00,+372 5805 2145,https://www.facebook.com/Geodonertallinn/,https://maps.google.com/?cid=5640092497751348022,geo-doner,1,59.449796,24.878912,ChIJC-zlA0ztkkYRNpPQhD6iRU4
,,,MySushi Lasnamäe Centrum,3.2,63,$$,Japanese,Sushi Restaurant,restaurant; asian,,"Mustakivi tee 13, 13912 Tallinn",13912,Mon 11:00-22:00; Tue 11:00-22:00; Wed 11:00-22:00; Thu 11:00-22:00; Fri 11:00-22:00; Sat 11:00-22:00; Sun 11:00-22:00,+372 799 9979,,https://maps.google.com/?cid=7160961414360289033,mysushi-lasnamae-centrum,2,59.440468,24.865593,ChIJIQJJYlDtkkYRCU85SXfYYGM
,,,Hesburger Tallinn Solaris Keskus,3.1,222,,American,Hamburger Restaurant,restaurant,,"Estonia pst 9, 10143 Tallinn",10143,Mon 10:00-21:00; Tue 10:00-21:00; Wed 10:00-21:00; Thu 10:00-21:00; Fri 10:00-21:00; Sat 10:00-21:00; Sun 10:00-21:00,+372 5551 1237,https://www.hesburger.ee/restoranid?tid=436,https://maps.google.com/?cid=9785569740914822966,hesburger-tallinn-solaris-keskus,,59.433714,24.751047,ChIJQ_pWwZ-UkkYRNg8KTNVTzYc
,,,Hesburger Kristiine keskus,3.1,120,,American,Hamburger Restaurant,restaurant,,"Endla tn 45, 10615 Tallinn",10615,Mon 08:00-22:00; Tue 08:00-22:00; Wed 08:00-22:00; Thu 08:00-22:00; Fri 08:00-22:00; Sat 08:00-22:00; Sun 08:00-22:00,+372 520 9674,https://www.hesburger.ee/restoranid?tid=1397,https://maps.google.com/?cid=14856971707990152783,hesburger-kristiine-keskus,,59.426973,24.722789,ChIJxdnzV6GVkkYRTxbIhA2RLs4
,,,Spice&Grill,3.1,92,$$,,Restaurant,restaurant,,"Mustamäe tee 39, 10619 Tallinn",10619,Mon 11:00-23:00; Tue 11:00-23:00; Wed 11:00-23:00; Thu 11:00-23:00; Fri 11:00-23:00; Sat 11:00-23:00; Sun 11:00-23:00,+372 5665 1819,,https://maps.google.com/?cid=3764616424961360595,spice-grill,2,59.422743,24.699309,ChIJD-PWI_yVkkYR00JsVbGaPjQ
,,,Chi & MySushi Viru,3.0,376,$$,Japanese,Sushi Restaurant,restaurant; asian,,"Viru väljak 4-6, 10111 Tallinn",10111,Mon 11:00-21:00; Tue 11:00-21:00; Wed 11:00-21:00; Thu 11:00-21:00; Fri 11:00-23:00; Sat 11:00-23:00; Sun 11:00-21:00,+372 799 9977,https://viru.mysushi.ee/,https://maps.google.com/?cid=2574266329887422512,chi-mysushi-viru,2,59.435998,24.754664,ChIJ6d8PK_-TkkYRMDgwhpahuSM
,,,CHI Lasnamäe Centrum,3.0,81,$$,Asian,Asian Restaurant,restaurant; asian,,"Mustakivi tee 13, 13912 Tallinn",13912,Mon 10:00-21:00; Tue 10:00-21:00; Wed 10:00-21:00; Thu 10:00-21:00; Fri 10:00-21:00; Sat 10:00-21:00; Sun 10:00-21:00,+372 633 1717,,https://maps.google.com/?cid=15117164722207127358,chi-lasnamae-centrum,2,59.440943,24.864301,ChIJg27bjr3tkkYRPvc4fjj1ytE
,,,Hesburger Tallinn Õismäe Maxima,3.0,67,,American,Hamburger Restaurant,restaurant,,"Ehitajate tee 148, 13517 Tallinn",13517,Mon 08:00-22:00; Tue 08:00-22:00; Wed 08:00-22:00; Thu 08:00-22:00; Fri 08:00-22:00; Sat 08:00-22:00; Sun 08:00-22:00,+372 5196 8400,https://www.hesburger.ee/restoranid?tid=1309,https://maps.google.com/?cid=15117023397168276095,hesburger-tallinn-oismae-maxima,,59.421087,24.650617,ChIJk0YHQqWVkkYRf-J7sa90ytE
,,,Ülemiste Da Vinci Pasta & Pizza,2.9,149,$$,Italian,Italian Restaurant,restaurant,,"Suur-Sõjamäe tn 4, 11415 Tallinn",11415,Mon 10:00-21:00; Tue 10:00-21:00; Wed 10:00-21:00; Thu 10:00-21:00; Fri 10:00-21:00; Sat 10:00-21:00; Sun 10:00-19:00,+372 5770 3807,https://davinci.ee/restoran/en/da-vinci-restoranid/#ylemiste,https://maps.google.com/?cid=10385433387132115346,ulemiste-da-vinci-pasta-pizza,2,59.421907,24.794422,ChIJc9njYvjrkkYRktl9JqR4IJA
,,,K-Town Telliskivi,2.3,74,$$,Korean,Korean Restaurant,restaurant; asian,,"Telliskivi tn 62a, 10412 Tallinn",10412,Mon 11:00-23:00; Tue 11:00-23:00; Wed 11:00-23:00; Thu 11:00-23:00; Fri 12:00-03:00; Sat 12:00-03:00; Sun 11:00-23:00,,,https://maps.google.com/?cid=14591939696558538374,k-town-telliskivi,2,59.440544,24.730324,ChIJN_ETXACTkkYRhv5Ktdf7gMo
,,,ChopSticks Järve keskus,2.2,101,$$,,Restaurant,restaurant,,"Pärnu mnt. 238, 11624 Tallinn",11624,Mon 10:00-21:00; Tue 10:00-21:00; Wed 10:00-21:00; Thu 10:00-21:00; Fri 10:00-21:00; Sat 10:00-21:00; Sun 10:00-19:00,+372 622 9161,http://www.chopsticks.ee/,https://maps.google.com/?cid=2680661637318777277,chopsticks-jarve-keskus,2,59.392163,24.720950,ChIJD8GGW9-UkkYRvRlnb46fMyU
,,morii-tea-house,Morii Tea House,5.0,148,$,,Cafe,coffee; cheap-eats,already published,"Kopli tn 16, 10412 Tallinn",10412,Mon 09:00-22:00; Tue 09:00-22:00; Wed 09:00-22:00; Thu 09:00-22:00; Fri 09:00-22:00; Sat 10:00-22:00; Sun 11:00-20:00,+372 5833 6859,https://moriitea.eu/,https://maps.google.com/?cid=13669504496127448684,morii-tea-house-2,1,59.441805,24.732477,ChIJnYxLw5WTkkYRbBZIQ-rVs70
,,kartul,Kartul,5.0,101,$,,Restaurant,restaurant; cheap-eats,already published,"Kopli tn 16, 10412 Tallinn",10412,Mon closed; Tue closed; Wed 12:00-20:00; Thu 12:00-20:00; Fri 12:00-23:00; Sat 12:00-23:00; Sun 12:00-20:00,+372 529 2456,https://kartul.space/,https://maps.google.com/?cid=6753440464125635272,kartul-2,1,59.441827,24.733238,ChIJS2PX_Y6TkkYRyCr1I1IKuV0
,,,Kohvik Mäeke (Cafe Mäeke),5.0,57,$,,Cafe,coffee; cheap-eats,thin review count,"Tõnismägi 16a Tuvi 18 (sissepääs Tõnismäe teelt, 10119 Tallinn",10119,Mon 09:30-17:00; Tue 09:30-17:00; Wed 09:30-17:00; Thu 09:30-17:00; Fri 09:30-17:00; Sat closed; Sun closed,+372 5566 2576,https://www.facebook.com/KohvikMaeke,https://maps.google.com/?cid=12933475549971796408,kohvik-maeke-cafe-maeke,1,59.429135,24.741646,ChIJ3yHJ3X2VkkYRuNFE-3zvfLM
,,,Mr.Ouzo,5.0,55,$$,,Cocktail Bar,pub,thin review count,"Telliskivi tn 60a-1, 10412 Tallinn",10412,Mon closed; Tue closed; Wed closed; Thu 18:00-00:00; Fri 18:00-01:00; Sat 18:00-01:00; Sun closed,+372 523 1682,http://mrouzo.ee/,https://maps.google.com/?cid=15509880136822945200,mr-ouzo,2,59.439576,24.728564,ChIJjWAOCI-TkkYRsPU3QM8pPtc
,,,Grüne Resto,5.0,45,$,,Restaurant,restaurant; cheap-eats,thin review count,"Meistri tn 14, 13517 Tallinn",13517,Mon 08:30-15:30; Tue 08:30-15:30; Wed 08:30-15:30; Thu 08:30-15:30; Fri 08:30-15:30; Sat closed; Sun closed,+372 5668 0540,https://restogryne.ee/,https://maps.google.com/?cid=13814589807582779869,grune-resto,1,59.414291,24.661509,ChIJs2xWQLKVkkYR3Rm0tjxIt78
,,,Ocean Sushi Tallinn,5.0,39,$$,Japanese,Sushi Restaurant,restaurant; asian,thin review count,"Liivalaia tn 14, 10118 Tallinn",10118,Mon 11:00-22:00; Tue 11:00-22:00; Wed 11:00-22:00; Thu 11:00-22:00; Fri 11:00-23:00; Sat 11:00-23:00; Sun 11:00-22:00,+372 5858 4582,https://oceansushi.ee/,https://maps.google.com/?cid=98547156745918478,ocean-sushi-tallinn,2,59.427614,24.747576,ChIJx8oey_-VkkYRDhh37x0cXgE
,,,Kohvituba,5.0,35,$,,Bakery,bakery; cheap-eats,thin review count,"Kaarli pst 7, 10119 Tallinn",10119,Mon 09:00-18:00; Tue 09:00-18:00; Wed 09:00-18:00; Thu 09:00-18:00; Fri 09:00-18:00; Sat 09:00-18:00; Sun 10:00-16:00,+372 5858 4877,http://www.kohvituba.ee/,https://maps.google.com/?cid=8525230609414308643,kohvituba,1,59.432096,24.741551,ChIJa_x9SN-VkkYRI0NtFhK0T3Y
,,chamber-tea,chamber tea,5.0,34,,,Tea House,coffee,already published; thin review count,"Ankru tn 8, 11713 Tallinn",11713,Mon closed; Tue 10:00-18:00; Wed 10:00-18:00; Thu 10:00-18:00; Fri 10:00-18:00; Sat 10:00-18:00; Sun 10:00-18:00,+372 5603 0566,https://www.chambertea.com/?utm_source=ig&utm_medium=social&utm_content=link_in_bio&fbclid=PAZXh0bgNhZW0CMTEAc3J0YwZhcHBfaWQPNTY3MDY3MzQzMzUyNDI3AAGnGrE41hGD7cAEoZYj7kjomSOAytCCmtqE3H3fl_eENIXl72TFC2srQzUlGEU_aem_jY4WjDb5wiu1Pyq9N9szcw,https://maps.google.com/?cid=14695746928913977467,chamber-tea-2,,59.455415,24.676098,ChIJQyjsKOaTkkYRe5D0bvjH8cs
,,,Glasuur Stuudio,5.0,34,$,,Bakery,bakery; cheap-eats,thin review count,"P. Pinna tn 8, 13619 Tallinn",13619,Mon 12:00-19:00; Tue 12:00-19:00; Wed 12:00-19:00; Thu 12:00-19:00; Fri 12:00-19:00; Sat 12:00-17:00; Sun closed,+372 557 0939,https://www.facebook.com/glasuurstuudio/,https://maps.google.com/?cid=7868778236529273972,glasuur-stuudio,1,59.436350,24.836400,ChIJac33IHftkkYRdOymlB2EM20
,,,Pala.pagar,5.0,30,$,,Bakery,bakery; cheap-eats,thin review count,"J. Poska tn 7, 10415 Tallinn",10415,Mon closed; Tue 09:30-17:00; Wed 09:30-17:00; Thu 09:30-17:00; Fri 09:30-17:00; Sat 09:30-17:00; Sun 09:30-17:00,+372 5341 8404,,https://maps.google.com/?cid=13671766595073653462,pala-pagar,1,59.434458,24.778293,ChIJLfDnHlqVkkYR1rpqN0jfu70
,,,KIN KIN Taiköök,5.0,29,$$,Thai,Thai Restaurant,restaurant; asian,thin review count,"Katusepapi tn 4/1, 11412 Tallinn",11412,Mon 10:30-19:00; Tue 10:30-19:00; Wed 10:30-19:00; Thu 10:30-19:00; Fri 10:30-19:00; Sat 11:00-18:00; Sun 12:00-18:00,+372 5846 6190,,https://maps.google.com/?cid=11638165935652800597,kin-kin-taikook,2,59.427563,24.782701,ChIJ8dmu7cGVkkYRVQijv0ESg6E
,,,Marusya Cake,5.0,29,,,Pastry Shop,restaurant,temporarily closed; thin review count; no hours,"Vesilennuki tn 20, 10415 Tallinn",10415,,,,https://maps.google.com/?cid=15612542452918381823,marusya-cake,,59.452342,24.732836,ChIJk7FsxF3tkkYR_-znYqTkqtg
,,,"Valamulli Vinoteek, veinipood ja degustatsioonid",5.0,29,$$,,Wine Bar,pub,thin review count,"Koidu tn 108, 10139 Tallinn",10139,Mon 17:00-22:00; Tue 17:00-22:00; Wed 17:00-22:00; Thu 17:00-22:00; Fri closed; Sat closed; Sun closed,+372 5330 6647,https://valamulli.ee/,https://maps.google.com/?cid=10544886730450803823,valamulli-vinoteek-veinipood-ja-degustatsioonid,2,59.422169,24.736817,ChIJSVbRNoOVkkYRbxxAtZz2VpI
,,,MKM baar,5.0,28,$$,,Bar,pub,thin review count,"Pärnu mnt. 4, 10148 Tallinn",10148,Mon closed; Tue closed; Wed 17:00-01:00; Thu 17:00-01:00; Fri 17:00-03:00; Sat 17:00-03:00; Sun closed,,https://www.instagram.com/mkmbaar/,https://maps.google.com/?cid=15489541388156256694,mkm-baar,2,59.435792,24.749319,ChIJhzUoaACTkkYRtsHDTtPn9dY
,,,Kotzebar,5.0,27,,,Bar,pub,temporarily closed; thin review count; no hours,"Kotzebue tn 18e-9, 10411 Tallinn",10411,,+372 5650 3348,http://www.lii.ee/,https://maps.google.com/?cid=849749073079773500,kotzebar,,59.443190,24.734799,ChIJx7jDhViTkkYRPCkjoUfqygs
,,,Don Kartashon,5.0,26,$$,,Bar,pub,thin review count,"C. R. Jakobsoni tn 4, 10128 Tallinn",10128,Mon closed; Tue 12:00-20:00; Wed 12:00-20:00; Thu 12:00-20:00; Fri 12:00-22:00; Sat 12:00-22:00; Sun closed,+372 5346 9342,https://donkartashon.eu/,https://maps.google.com/?cid=9328560757232767725,don-kartashon,2,59.431938,24.769420,ChIJMS3wbSiVkkYR7RKCeJW0dYE
,,pulla-bakery,PullaBakery,4.9,1656,$,,Bakery,bakery; cheap-eats,already published,"Voorimehe 7, 10146 Tallinn",10146,Mon 08:30-18:00; Tue closed; Wed 08:30-18:00; Thu 08:30-18:00; Fri 08:30-18:00; Sat 09:00-18:00; Sun 09:00-17:00,,,https://maps.google.com/?cid=3449164986387755268,pullabakery,1,59.437517,24.743826,ChIJWW3O-o-TkkYRBHFb2Ufl3S8
,,saffron,Saffron Restoran,4.9,733,$$,Asian,Asian Restaurant,restaurant; asian,already published,"Gonsiori tn 12, 10117 Tallinn",10117,Mon 11:00-23:00; Tue 11:00-23:00; Wed 11:00-23:00; Thu 11:00-23:00; Fri 11:00-23:00; Sat 11:00-23:00; Sun 11:00-23:00,+372 558 4898,https://www.saffronrestoran.com/,https://maps.google.com/?cid=364066745150538279,saffron-restoran,2,59.434820,24.761991,ChIJQerzCduTkkYRJwI7m8ZsDQU
,,ramen-taro,Ramen Taro Laulupeo,4.9,530,$$,Japanese,Ramen Restaurant,restaurant; asian,already published,"Laulupeo tn 1, 10121 Tallinn",10121,Mon 11:30-18:00; Tue 11:30-18:00; Wed 11:30-18:00; Thu 11:30-18:00; Fri 11:30-21:00; Sat 11:30-21:00; Sun 11:30-18:00,+372 335 7735,https://www.ramentaro2023.com/,https://maps.google.com/?cid=18434660165404922851,ramen-taro-laulupeo,2,59.430261,24.772687,ChIJAYRP8LuTkkYR4xMB2r8R1f8
,,crustum-bakery,Crustum Bakery,4.9,477,$,,Bakery,bakery; cheap-eats,already published,"Iva tn 12, 12618 Tallinn",12618,Mon 09:00-18:00; Tue 09:00-18:00; Wed 09:00-18:00; Thu 09:00-18:00; Fri 09:00-18:00; Sat 09:00-18:00; Sun 09:00-18:00,+372 5344 7119,https://www.facebook.com/CrustumPagarikoda/,https://maps.google.com/?cid=5031615859143133258,crustum-bakery-2,1,59.403008,24.647651,ChIJsxeIB7OVkkYRSshyGvfj00U
,,,Pizzeria Santa Lucia,4.9,455,$$,Pizza,Pizza Restaurant,restaurant,"same address as published ""Bekker Pagariäri"" - verify","Kopli tn 27, 10412 Tallinn",10412,Mon closed; Tue 16:00-22:00; Wed 16:00-22:00; Thu 16:00-22:00; Fri 16:00-22:00; Sat 13:00-22:00; Sun closed,+372 5802 7586,https://santalucia.pizza/,https://maps.google.com/?cid=2640783189742611117,pizzeria-santa-lucia,2,59.449203,24.710323,ChIJ5_Tggu6VkkYRrWpu0VHypSQ
,,,KebabRA,4.9,400,$,Middle Eastern,Fast Food Restaurant,restaurant; cheap-eats,"same address as published ""Uba ja Humal"" - verify","Võrgu tn 3, 10415 Tallinn",10415,Mon 11:00-22:00; Tue 11:00-22:00; Wed 11:00-22:00; Thu 11:00-22:00; Fri 11:00-00:00; Sat 11:00-00:00; Sun 11:00-22:00,+372 5665 5804,https://kebabra.ee/,https://maps.google.com/?cid=5211109615800229839,kebabra,1,59.445087,24.747876,ChIJ79iYK4iTkkYRzx9l_5WUUUg
,,,Restaurant Purèe,4.9,245,$,Vegan / Vegetarian,Vegetarian Restaurant,restaurant; vegan; cheap-eats,"same address as published ""Pühaste Taproom"" - verify","Rotermanni tn 2, 10111 Tallinn",10111,Mon 09:00-16:30; Tue 09:00-16:30; Wed 09:00-16:30; Thu 09:00-16:30; Fri 09:00-17:00; Sat closed; Sun closed,+372 5304 5759,https://mymenuweb.com/int/restaurants/1762773/?utm_source=google_profile&utm_medium=google_profile&utm_campaign=admin,https://maps.google.com/?cid=11201692241835621988,restaurant-puree,1,59.439062,24.758346,ChIJnSTSt2CTkkYRZH7crb5ndJs
,,,KIOSK NO3,4.9,209,$,,Cafe,coffee; cheap-eats,"same address as published ""Kokomo Coffee Roasters"", ""Tuletorn"" - verify","Ankru tn 10, 11713 Tallinn",11713,Mon closed; Tue 09:00-19:00; Wed 09:00-19:00; Thu 09:00-19:00; Fri 10:00-18:00; Sat 10:00-18:00; Sun 10:00-18:00,+372 524 5645,http://www.kioskkohvik.ee/,https://maps.google.com/?cid=5681189592186114322,kiosk-no3,1,59.455004,24.675368,ChIJbb3JLmOTkkYRElHmd9Wj104
,,klorofull,Klorofüll,4.9,188,$$,Vegan / Vegetarian,Restaurant,restaurant; vegan,already published,"ARS Kunstilinnak, Pärnu mnt 154, Ruum 208, 11317 Tallinn",11317,Mon 11:00-19:00; Tue 11:00-19:00; Wed 11:00-19:00; Thu 11:00-19:00; Fri 11:00-19:00; Sat 11:00-17:00; Sun closed,+372 5650 7996,https://linktr.ee/Klorofull_Tallinn?utm_source=linktree_profile_share&ltsid=612e2c90-a129-4a96-abfc-52d2404b3a21,https://maps.google.com/?cid=8933771830053702653,klorofull-2,2,59.408213,24.734119,ChIJq5zeFe6VkkYR_Qu-ciUi-3s
,,,Lb23,4.9,154,$,,Bar,pub; cheap-eats,"same address as published ""Laboratooriumi 23"" - verify","Laboratooriumi tn 23, 10133 Tallinn",10133,Mon closed; Tue closed; Wed closed; Thu closed; Fri 18:00-02:00; Sat 18:00-02:00; Sun closed,,https://www.lb23.ee/,https://maps.google.com/?cid=15963302521181148885,lb23,1,59.440713,24.744404,ChIJU0BKu4eTkkYR1ZYZ2RALid0
,,dvin,DVIN,4.9,136,$$,,Restaurant,restaurant,already published,"Kopli tn 71, 11713 Tallinn",11713,Mon 11:00-22:00; Tue 11:00-22:00; Wed 11:00-22:00; Thu 11:00-22:00; Fri 11:00-23:00; Sat 11:00-23:00; Sun 11:00-23:00,+372 5814 6100,,https://maps.google.com/?cid=7321235581244264135,dvin-2,2,59.455384,24.679977,ChIJ87gTW--TkkYRx84DufhAmmU
,,tuletorn,Tuletorn Brewing,4.9,132,$$,,Brewpub,pub,already published,"Marati tn 5, 11712 Tallinn",11712,Mon closed; Tue closed; Wed 17:00-22:00; Thu 17:00-22:00; Fri 17:00-23:00; Sat 14:00-23:00; Sun 14:00-18:00,+372 5860 5504,https://tuletorn.beer/,https://maps.google.com/?cid=10202453870348513600,tuletorn-brewing,2,59.456132,24.674932,ChIJLUD23_KTkkYRQLFue71llo0
,,bruto-bakehouse,BRUTO BAKEHOUSE,4.9,124,$,,Bakery,bakery; cheap-eats,already published,"right door, Suur-Karja tn 12, 10140 Tallinn",10140,Mon closed; Tue closed; Wed 10:00-17:00; Thu 10:00-17:00; Fri 10:00-17:00; Sat 10:00-17:00; Sun closed,+372 5897 5016,https://www.brutobakehouse.com/,https://maps.google.com/?cid=4166042539445546340,bruto-bakehouse-2,1,59.435572,24.746244,ChIJUZeGR-OVkkYRZG3R8p3B0Dk
,,,Mnemonic Bar,4.9,112,$$,,Cocktail Bar,pub,"same address as published ""Gobi"" - verify","Rotermanni tn 14, 10111 Tallinn",10111,Mon closed; Tue closed; Wed 18:00-01:00; Thu 18:00-01:00; Fri 18:00-02:00; Sat 18:00-02:00; Sun closed,+372 5455 6863,https://mnemonic.ee/,https://maps.google.com/?cid=1844980088434771309,mnemonic-bar,2,59.439301,24.757240,ChIJ0-pZBIWTkkYRbcXShJ2vmhk
,,,Casamia Pizza Tallinn,4.9,109,$$,Pizza,Pizza Restaurant,restaurant,temporarily closed; no hours,"Tartu mnt 13, 10145 Tallinn",10145,,+372 515 1648,https://casamiapizza.ee/,https://maps.google.com/?cid=10818823657633779466,casamia-pizza-tallinn,2,59.434204,24.761420,ChIJczxmWFWTkkYRCo_ayMsuJJY
,,,Foodstudio Kitchen OÜ,4.9,104,,,Restaurant,restaurant,no hours,"Telliskivi tn 60a-7, 10142 Tallinn",10142,,+372 655 6300,https://foodstudio.ee/,https://maps.google.com/?cid=2778007577379218643,foodstudio-kitchen-ou,,59.438585,24.728140,ChIJqwOvNmeTkkYR0yQIUSx3jSY
,,lokaal-tilk,Lokaal Tilk,4.9,96,$$,Vegan / Vegetarian,Bar,pub; vegan,already published; temporarily closed; no hours,"Pärnu mnt. 66, 10135 Tallinn",10135,,+372 5646 3525,https://www.tilk.ee/,https://maps.google.com/?cid=15413401173509708888,lokaal-tilk-2,2,59.424962,24.742078,ChIJXb8dqWGVkkYRWJyiH7Rm59U
,,,VÕIVÕI Vanalinn,4.9,86,$$$,,Restaurant,restaurant,"same address as published ""Maison François"" - verify","Dunkri tn 8, 10123 Tallinn",10123,Mon 12:00-00:00; Tue 12:00-00:00; Wed 12:00-00:00; Thu 12:00-00:00; Fri 12:00-00:00; Sat 12:00-00:00; Sun 12:00-00:00,+372 558 8335,https://voivoi.ee/vanalinn,https://maps.google.com/?cid=2026828797879516426,voivoi-vanalinn,3,59.436968,24.743297,ChIJb4FCEJmTkkYRCv0jlg2-IBw
,,,F.Resto,4.9,64,$$,,Restaurant,restaurant,"same address as published ""Uba ja Humal"" - verify","Võrgu tn 3, 10415 Tallinn",10415,Mon closed; Tue 17:00-23:00; Wed 17:00-23:00; Thu 17:00-23:00; Fri 17:00-23:00; Sat 11:00-23:00; Sun 11:00-19:00,+372 5385 5502,http://www.fresto.ee/,https://maps.google.com/?cid=17279733356591261745,f-resto,2,59.445171,24.747783,ChIJmRp9egCTkkYRMSgXle_xze8
,,porgandipomm,Porgandipomm Bakery,4.9,62,$,,Dessert Restaurant,restaurant; cheap-eats,already published,"Manufaktuuri t. 7/1, 10412 Tallinn",10412,Mon closed; Tue closed; Wed 10:00-18:00; Thu 10:00-18:00; Fri 10:00-18:00; Sat 10:00-18:00; Sun 10:00-17:00,+372 5812 3916,https://www.facebook.com/porgandipomm,https://maps.google.com/?cid=10589207881341950414,porgandipomm-bakery,1,59.449157,24.703142,ChIJ0bkm32uTkkYRzlknzHZs9JI
,,,A.JU restoran,4.9,54,$$$$,,Restaurant,restaurant; fine-dining,thin review count,"Tartu mnt 82, 10112 Tallinn",10112,Mon closed; Tue 12:00-23:00; Wed 12:00-23:00; Thu 12:00-23:00; Fri 17:00-00:00; Sat 17:00-00:00; Sun closed,+372 5322 5165,https://ajuresto.ee/,https://maps.google.com/?cid=3172423627057452249,a-ju-restoran,4,59.425625,24.780571,ChIJlVe3qbWVkkYR2dTQB3u2Biw
,,,Sepa Terrass Papa grilliga,4.9,54,$,,Family Restaurant,restaurant; cheap-eats,thin review count,"Sepa tn 19, 11712 Tallinn",11712,Mon 11:00-15:00; Tue 11:00-15:00; Wed 11:00-15:00; Thu 11:00-15:00; Fri 11:00-15:00; Sat closed; Sun closed,+372 5358 0004,,https://maps.google.com/?cid=9531703158499848764,sepa-terrass-papa-grilliga,1,59.460676,24.676537,ChIJB0AC_W6TkkYRPDLagoVpR4Q
,,,Pinwheel - Tiny Toy Shop,4.9,53,,,Toy Store,restaurant,may not be a restaurant; thin review count,"Suur-Patarei tn 9, 10415 Tallinn",10415,Mon 11:00-17:00; Tue 11:00-17:00; Wed 11:00-17:00; Thu 11:00-18:00; Fri 11:00-18:00; Sat 11:00-16:00; Sun 11:00-16:00,+372 5670 7755,https://www.pinwheelshop.com/,https://maps.google.com/?cid=209911753925944082,pinwheel-tiny-toy-shop,,59.445602,24.746058,ChIJLZe5L2WTkkYREmPvxqDB6QI
,,,"Marok'Est OB French Tacos and Burgers ""Halal""",4.9,52,,,Fast Food Restaurant,restaurant,temporarily closed; thin review count; no hours,"Keevise 9-OB Keevise 9-OB, 11415 Tallinn",11415,,+372 502 0048,http://instagram.com/marokest_ob?utm_source=qr,https://maps.google.com/?cid=14450070830853280600,marok-est-ob-french-tacos-and-burgers-halal,,59.420162,24.799971,ChIJDw5nyzvrkkYRWFM-ZNz2iMg
,,,Kringlisahver,4.9,49,$$,,Bakery,bakery,thin review count,"Vana-Mustamäe tn 9, 11611 Tallinn",11611,Mon 08:00-18:00; Tue 08:00-18:00; Wed 08:00-18:00; Thu 08:00-18:00; Fri 08:00-18:00; Sat 08:00-18:00; Sun 08:00-18:00,+372 5568 2062,https://www.kringlisahver.ee/,https://maps.google.com/?cid=4858646790438392993,kringlisahver,2,59.387887,24.678332,ChIJJY5yJ6CUkkYRoRQsgYNhbUM
,,bueno-gourmet-kadriorg,Bueno Gourmet Kadriorg,4.9,48,$,,Coffee Shop,coffee; cheap-eats,already published; temporarily closed; thin review count; no hours,"Vesivärava tn 7, 10126 Tallinn",10126,,+372 5597 3455,,https://maps.google.com/?cid=11775406774588414305,bueno-gourmet-kadriorg-2,1,59.437810,24.776395,ChIJB0wukXWTkkYRYRkSnRKmaqM
,,,MABRIK,4.9,48,,,Video Arcade,restaurant,temporarily closed; may not be a restaurant; thin review count; no hours,"Ravi tn 2, 10134 Tallinn",10134,,+372 5878 1289,http://mabrik.ee/,https://maps.google.com/?cid=5257385613221056712,mabrik,,59.426769,24.749439,ChIJg53Vb6KUkkYRyFBKQ1z89Ug
,,,My Asian Foods,4.9,46,$,Asian,Asian Restaurant,restaurant; asian; cheap-eats,thin review count,"Tuukri tn 19, 10152 Tallinn",10152,Mon 11:00-23:00; Tue 11:00-23:00; Wed 11:00-23:00; Thu 11:00-23:00; Fri 11:00-23:00; Sat 11:00-23:00; Sun 11:00-23:00,+372 5688 6479,,https://maps.google.com/?cid=15837985675486147265,my-asian-foods,1,59.440952,24.774363,ChIJoeZNVwCTkkYRwbITAQ_Uy9s
,,,Amijami Sushi Põhja-Tallinn,4.9,37,$$,Japanese,Sushi Restaurant,restaurant; asian,thin review count,"Marati tn 4a-1, 11712 Tallinn",11712,Mon 11:30-22:00; Tue 11:30-22:00; Wed 11:30-22:00; Thu 11:30-22:00; Fri 11:30-22:00; Sat 11:30-22:00; Sun 11:30-22:00,+372 5835 7555,https://www.amijami.ee/,https://maps.google.com/?cid=8949552863921258394,amijami-sushi-pohja-tallinn,2,59.457091,24.674147,ChIJeZ4DN4mTkkYRmj-buOkyM3w
,,,Juurika bar,4.9,37,$,,Bar,pub; cheap-eats,thin review count,"Kopli tn 80, 10416 Tallinn",10416,Mon closed; Tue closed; Wed 17:00-22:00; Thu 17:00-22:00; Fri 16:00-00:00; Sat 15:00-00:00; Sun closed,+372 5646 5465,https://www.facebook.com/share/16ZLAEaqgW/,https://maps.google.com/?cid=12083244292610415109,juurika-bar,1,59.448981,24.711832,ChIJX2hbJQCTkkYRBVpPE6pOsKc
,,,The Naturist Street Food Wonderland,4.9,37,$,Vegan / Vegetarian,Vegan Restaurant,restaurant; vegan; cheap-eats,"same address as published ""The Brick Coffee Roastery"" - verify; temporarily closed; thin review count; no hours","Telliskivi tn 60m, 10412 Tallinn",10412,,,,https://maps.google.com/?cid=17401964077583034799,the-naturist-street-food-wonderland,1,59.439599,24.730882,ChIJ3_UcDjyVkkYRr-lxBiEygPE
,,,Kebabi Plaza Liivalaia,4.9,35,$,Middle Eastern,Kebab Shop,restaurant; cheap-eats,thin review count,"Liivalaia tn 32, 10118 Tallinn",10118,Mon 10:00-19:00; Tue 10:00-19:00; Wed 10:00-19:00; Thu 10:00-19:00; Fri 10:00-19:00; Sat closed; Sun closed,,https://www.instagram.com/kebabiplaza/,https://maps.google.com/?cid=15536089082872798020,kebabi-plaza-liivalaia,1,59.428972,24.755778,ChIJe2lxTQCVkkYRRBt1B7VGm9c
,,,Kuuvalge Bar & Shisha Lounge,4.9,35,$$,,Bar,pub,temporarily closed; thin review count; no hours,"Kompassi Maja, Tartu mnt 13, 10145 Tallinn",10145,,+372 557 9434,https://kuuvalgebar.ee/,https://maps.google.com/?cid=4975769710326527649,kuuvalge-bar-shisha-lounge,2,59.434448,24.761192,ChIJoyt9w-WTkkYRoTYpVDB8DUU
,,,Little Thai Kitchen in Estonia,4.9,31,$,Thai,Thai Restaurant,restaurant; asian; cheap-eats,temporarily closed; thin review count; no hours; outside Tallinn (Peetri),"Kopli tee 36, 75312 Peetri",75312,,,,https://maps.google.com/?cid=6052631505431129597,little-thai-kitchen-in-estonia,1,59.397425,24.797578,ChIJBb_QBr_rkkYR_W2PNUlE_1M
,,,Cyclope,4.9,28,$,,Cafe,coffee; cheap-eats,temporarily closed; thin review count; no hours,"Staapli tn 3-115, 10415 Tallinn",10415,,+372 772 1001,https://www.instagram.com/cyclope_cafe/,https://maps.google.com/?cid=13085725247942584656,cyclope,1,59.451551,24.727804,ChIJeaMLB_eTkkYRUGn6J8jVmbU
,,elman-bites,Elmans Bite's,4.9,28,$,,Restaurant,restaurant; cheap-eats,already published; thin review count,"Kopli tn 4, 10411 Tallinn",10411,Mon closed; Tue closed; Wed 14:00-00:00; Thu 14:00-02:30; Fri 14:00-04:00; Sat 16:00-04:00; Sun 13:00-00:00,+372 5382 6600,https://www.facebook.com/profile.php?id=61576176623275&sk=about,https://maps.google.com/?cid=8313120603642278234,elmans-bite-s,1,59.441622,24.737450,ChIJ--NPDdSTkkYRWjEU6yQjXnM
,,,Dolce Vita K&J,4.9,25,,,Pastry Shop,restaurant,thin review count,"J. Kunderi tn 28, 10121 Tallinn",10121,Mon closed; Tue 14:00-17:00; Wed 12:00-17:00; Thu 12:00-17:00; Fri 12:00-17:00; Sat 12:30-16:00; Sun 12:00-15:00,+372 5824 4174,https://www.facebook.com/100020875472273,https://maps.google.com/?cid=6109858997279835033,dolce-vita-k-j,,59.431766,24.773054,ChIJZbDJxeCTkkYRmcOW-GKUylQ
,,,RØST Bakery,4.8,3040,$,,Bakery,bakery; cheap-eats,"same address as published ""Gobi"" - verify","Rotermanni tn 14, 10111 Tallinn",10111,Mon 08:30-18:00; Tue 08:30-18:00; Wed 08:30-18:00; Thu 08:30-18:00; Fri 08:30-18:00; Sat 09:30-17:00; Sun closed,+372 5622 3239,http://rost.ee/,https://maps.google.com/?cid=11814469129852094720,rost-bakery,1,59.439123,24.758244,ChIJP73vtWCTkkYRAAmn7hNt9aM
,,,Vanalinna Rahva Raamat,4.8,969,,,Book Store,restaurant,may not be a restaurant,"Pärnu mnt. 10, 10148 Tallinn",10148,Mon 09:00-20:00; Tue 09:00-20:00; Wed 09:00-20:00; Thu 09:00-20:00; Fri 09:00-20:00; Sat 10:00-20:00; Sun 10:00-20:00,+372 640 6441,https://www.rahvaraamat.ee/,https://maps.google.com/?cid=10372381725798904595,vanalinna-rahva-raamat,,59.434883,24.747661,ChIJu6VIH56UkkYREzP_cDka8o8
,,mix-resto,Mix,4.8,742,$$,,Restaurant,restaurant,already published,"Vana-Posti tn 11, 10146 Tallinn",10146,Mon 12:00-23:00; Tue 12:00-23:00; Wed 12:00-23:00; Thu 12:00-23:00; Fri 12:00-23:00; Sat 12:00-23:00; Sun 12:00-23:00,+372 622 0998,http://www.mixrestoran.ee/,https://maps.google.com/?cid=8963456619528684643,mix,2,59.435321,24.745903,ChIJ4f4nB56UkkYRY4ShFk6YZHw
,,bekker-pagariari,Bekker Pagariäri,4.8,714,$,,Cafe,coffee; cheap-eats,already published,"Kopli tn 27, 10412 Tallinn",10412,Mon 08:00-18:00; Tue 08:00-18:00; Wed 08:00-18:00; Thu 08:00-18:00; Fri 08:00-18:00; Sat 09:00-18:00; Sun 09:00-16:00,+372 5854 2224,http://www.bakery.ee/,https://maps.google.com/?cid=6184828215976212012,bekker-pagariari-2,1,59.448953,24.710473,ChIJG9TEnYaTkkYRLDYTan7s1FU
,,,Veg Machine,4.8,631,$$,,Restaurant,restaurant,"same address as published ""Cafe Cape Town"" - verify","Kopli tn 1, 10149 Tallinn",10149,Mon 11:00-19:45; Tue 11:00-19:45; Wed 11:00-19:45; Thu 11:00-19:45; Fri 11:00-19:45; Sat 11:00-19:45; Sun 11:00-17:45,+372 5647 6253,https://vegmachine.ee/balta/?y_source=1_MzU5NjMwNzgtNzE1LWxvY2F0aW9uLndlYnNpdGU%3D,https://maps.google.com/?cid=5950689044911232668,veg-machine,2,59.441052,24.735355,ChIJx9u64nyTkkYRnBa-gigYlVI
,,kringel,Kringel,4.8,567,$$,,Coffee Shop,coffee,already published,"Koidu 101, Planeedi tn 5, Kesklinna linnaosa, 10139 Tallinn",10139,Mon 08:00-17:00; Tue 08:00-17:00; Wed 08:00-17:00; Thu 08:00-17:00; Fri 08:00-17:00; Sat 09:00-17:00; Sun 09:00-17:00,+372 5919 6222,https://www.kringelkohvik.ee/,https://maps.google.com/?cid=312719457463189646,kringel-2,2,59.421589,24.740012,ChIJ5SJF0niVkkYRjkBykLAAVwQ
,,chocolala,Chocolala Handmade Chocolate,4.8,487,,,Chocolate Shop,restaurant,already published,"Suur-Karja tn 20, 10146 Tallinn",10146,Mon 11:00-19:00; Tue 11:00-19:00; Wed 11:00-19:00; Thu 11:00-19:00; Fri 11:00-19:00; Sat 11:00-19:00; Sun 11:00-19:00,+372 5565 4333,http://www.chocolala.ee/,https://maps.google.com/?cid=4007032774919486478,chocolala-handmade-chocolate,,59.434753,24.746896,ChIJs2zEsqGUkkYRDnxsIBTXmzc
,,,Varkizana Kreeka tavern,4.8,475,$$,Greek,Greek Restaurant,restaurant,temporarily closed; no hours,"Virbi tn 4, 13629 Tallinn",13629,,+372 644 6000,https://www.facebook.com/Varkizana-Kreeka-tavern-965764546774951/,https://maps.google.com/?cid=2636817514342205816,varkizana-kreeka-tavern,2,59.440814,24.842208,ChIJ8ezFqbjskkYReEnlD4_blyQ
,,paper-mill-coffee,Paper Mill Coffee,4.8,465,,,Coffee roastery,restaurant,already published,"Masina tn 20, 10144 Tallinn",10144,Mon 08:00-16:00; Tue 08:00-16:00; Wed 08:00-16:00; Thu 08:00-16:00; Fri 08:00-16:00; Sat 10:00-17:00; Sun 10:00-17:00,+372 5344 5110,https://papermill.coffee/,https://maps.google.com/?cid=10976240904760406351,paper-mill-coffee-2,,59.426102,24.777912,ChIJe8-Kv9KVkkYRTzFbwfJwU5g
,,,Alanya Grill Turkish,4.8,415,$$,Turkish,Turkish Restaurant,restaurant,temporarily closed; no hours,"Keldrimäe tn 9, 10113 Tallinn",10113,,+372 5668 8981,https://alanyagrill.ee/,https://maps.google.com/?cid=2393676390006883540,alanya-grill-turkish,2,59.429873,24.766951,ChIJRxdwJ4STkkYR1ISZlf4LOCE
,,the-brick-coffee,The Brick Coffee Roastery,4.8,388,,,Coffee roastery,restaurant,already published,"Telliskivi tn 60-2-i4 hoone, 10121 Tallinn",10121,Mon 09:00-17:00; Tue 09:00-17:00; Wed 09:00-17:00; Thu 09:00-17:00; Fri 09:00-17:00; Sat 10:00-18:00; Sun 10:00-18:00,+372 5668 2150,http://thebrickcoffee.ee/,https://maps.google.com/?cid=2221262971489791151,the-brick-coffee-roastery,,59.440074,24.733127,ChIJ88Bs632TkkYRr6xgYOeC0x4
,,shaurma-kebab-linnamae,Shaurma Kebab Linnamäe,4.8,329,$,Middle Eastern,Turkish Restaurant,restaurant; cheap-eats,already published,"Linnamäe tee 17-19, 13912 Tallinn",13912,Mon 10:00-00:00; Tue 10:00-00:00; Wed 10:00-00:00; Thu 10:00-00:00; Fri 10:00-00:00; Sat 10:00-00:00; Sun 10:00-00:00,+372 5555 6525,https://shaurmakebab.ee/et,https://maps.google.com/?cid=7457536541243352510,shaurma-kebab-linnamae-2,1,59.449652,24.867728,ChIJTwZfbQDtkkYRviVO-Ph9fmc
,,buxhowden-pagar,Buxhöwden pagar,4.8,309,$,,Bakery,bakery; cheap-eats,already published; outside Tallinn (Miiduranna),"Ranna tee 5, 74015 Miiduranna",74015,Mon 08:00-19:00; Tue 08:00-19:00; Wed 08:00-19:00; Thu 08:00-19:00; Fri 08:00-19:00; Sat 08:00-19:00; Sun 09:00-17:00,+372 653 5000,https://facebook.com/BuxhowdenPagar,https://maps.google.com/?cid=12873557728356559473,buxhowden-pagar-2,1,59.495551,24.826940,ChIJvWIuoiWTkkYRcWotAowQqLI
,,,SIIAM Tai söögikoht,4.8,307,$,Thai,Thai Restaurant,restaurant; asian; cheap-eats,"possible second location of ""Koht"" (2.8 km away) - verify","Juurdeveo tn 27, 11313 Tallinn",11313,Mon 11:00-19:00; Tue 11:00-19:00; Wed 11:00-19:00; Thu 11:00-19:00; Fri 11:00-19:00; Sat closed; Sun closed,+372 5670 0135,http://www.siiam.ee/,https://maps.google.com/?cid=359157812101125001,siiam-tai-soogikoht,1,59.413277,24.745979,ChIJhVYFINCVkkYRiROYkCD8-wQ
,,,HOOKAHPLACE Tallinn,4.8,230,$$,,Hookah Bar,pub,"same address as published ""Saffron"" - verify","Gonsiori tn 12, 10117 Tallinn",10117,Mon 17:00-23:00; Tue 17:00-23:00; Wed 17:00-23:00; Thu 17:00-23:00; Fri 17:00-02:00; Sat 17:00-02:00; Sun 17:00-23:00,+372 5982 1111,https://hookahplace.ee/,https://maps.google.com/?cid=6375850459859634504,hookahplace-tallinn,2,59.434701,24.762652,ChIJT_0y_fuTkkYRSMnxaDaSe1g
,,,Veg B12 VEGANKOHVIK,4.8,226,$,Vegan / Vegetarian,Vegan Restaurant,restaurant; vegan; cheap-eats,"same address as published ""Elmans Bites"", ""Pilsneri baar"" - verify","Kopli tn, 10412 Tallinn",10412,Mon 09:00-19:00; Tue 09:00-19:00; Wed 09:00-19:00; Thu 09:00-19:00; Fri 09:00-19:00; Sat 09:00-19:00; Sun 09:00-17:00,+372 5199 7679,http://www.vegb12.ee/,https://maps.google.com/?cid=10704290377059026976,veg-b12-vegankohvik,1,59.441021,24.736740,ChIJ8wAlKgqTkkYRIEg8WWJHjZQ
,,vabrik,Vabrik,4.8,198,$$,,Wine Bar,pub,already published,"Vabriku tn 6, 10414 Tallinn",10414,Mon closed; Tue 16:00-21:00; Wed 16:00-21:00; Thu 16:00-21:00; Fri 14:00-22:00; Sat 14:00-22:00; Sun closed,+372 5699 5398,http://www.vabrik.eu/,https://maps.google.com/?cid=8432949163933029135,vabrik-2,2,59.442553,24.733203,ChIJ95a0QHyTkkYRD9MnvZXaB3U
,,,MyShisha Estonia - Kai resto,4.8,187,$$,,Hookah Bar,pub,temporarily closed; no hours,"Mere pst 20c, 10111 Tallinn",10111,,+372 755 6000,https://shisha-estonia.ee/,https://maps.google.com/?cid=14485810814831495117,myshisha-estonia-kai-resto,2,59.448137,24.753646,ChIJ5RofRsWTkkYRzQeL3S_wB8k
,,,Sushi Guru Kristiine,4.8,172,,,Delivery Restaurant,restaurant,temporarily closed; may not be a restaurant; no hours,"Tulika tn 19, 10613 Tallinn",10613,,+372 5880 0038,http://www.sushiguru.ee/,https://maps.google.com/?cid=7065787721373142769,sushi-guru-kristiine,,59.429088,24.720120,ChIJH0yoX7SVkkYR8U7DFn-4DmI
,,,Axtonia - Tallinn Axe Throwing,4.8,156,,,Sports Club,restaurant,may not be a restaurant,"Liivalaia tn 5, 10118 Tallinn",10118,Mon closed; Tue 15:00-20:00; Wed 15:00-20:00; Thu 15:00-20:00; Fri 15:00-20:00; Sat 14:00-20:00; Sun closed,+372 5684 1201,http://axtonia.ee/,https://maps.google.com/?cid=15103915582330419488,axtonia-tallinn-axe-throwing,,59.427631,24.744587,ChIJgyOP2hOVkkYRILlKujLjm9E
,,,Barberina Hair & Beard House,4.8,152,,,Barber shop,restaurant,may not be a restaurant,"Vana-Kalamaja tn 10, 10412 Tallinn",10412,Mon 10:00-19:00; Tue 10:00-19:00; Wed 10:00-19:00; Thu 10:00-19:00; Fri 10:00-19:00; Sat 12:00-18:00; Sun 12:00-18:00,+372 5692 3746,https://barberina.eu/,https://maps.google.com/?cid=12174884246406746484,barberina-hair-beard-house,,59.442321,24.738764,ChIJAYuDfseTkkYRdNGSgLfg9ag
,,vaat-brewery,Vaat Brewery and Taproom,4.8,141,,,Brewery,pub,already published,"Paljassaare tee 18, 10313 Tallinn",10313,Mon closed; Tue closed; Wed closed; Thu closed; Fri 17:00-23:00; Sat 17:30-23:00; Sun closed,+372 5623 9800,https://vaat.ee/,https://maps.google.com/?cid=10227516999145583860,vaat-brewery-and-taproom,,59.460300,24.707586,ChIJfxBEHZSTkkYR9HRX5IVw740
,,,House 10,4.8,130,$$,,Bar,pub,temporarily closed; no hours,"Pikk jalg 3, 10123 Tallinn",10123,,+372 5193 1991,https://www.house-10.com/,https://maps.google.com/?cid=226553818920881328,house-10,2,59.437527,24.742536,ChIJ5_Ap4n6TkkYRsIxJe3_hJAM
,,magussoolane,Magussoolane,4.8,129,$$,,Bakery,bakery,already published,"J. Poska tn 7, 10121 Tallinn",10121,Mon closed; Tue 09:30-16:00; Wed 09:30-16:00; Thu 09:00-16:00; Fri 09:30-16:00; Sat 09:30-16:00; Sun 09:30-16:00,+372 5685 5965,http://www.magussoolane.ee/,https://maps.google.com/?cid=11857298528189051840,magussoolane-2,2,59.434458,24.778293,ChIJK2sN67STkkYRwHN4UDCWjaQ
,,,1falafel,4.8,125,$,Middle Eastern,Falafel Restaurant,restaurant; cheap-eats,temporarily closed; no hours,"Kotzebue 18E Sesoonist edasi hoovi :, 10411 Tallinn",10411,,+372 8282 0009,https://1falafel.com/,https://maps.google.com/?cid=8356562681602459683,1falafel,1,59.443040,24.734681,ChIJuajpEVyTkkYRI0gz5Ht5-HM
,,,Kaks Kokapoissi,4.8,98,$,American,Hamburger Restaurant,restaurant; cheap-eats,"same address as published ""Pudel"", ""Q Pizza Jaam"", ""Telliskivi Šašlõkk"" - verify","Telliskivi tn 62, 10412 Tallinn",10412,Mon 15:00-23:00; Tue 15:00-23:00; Wed 15:00-23:00; Thu 15:00-23:00; Fri 15:00-23:00; Sat 15:00-23:00; Sun 15:00-23:00,+372 5569 7578,https://kakskokapoissi.ee/online-menu,https://maps.google.com/?cid=11561972402176214224,kaks-kokapoissi,1,59.440528,24.730594,ChIJFeM8AmfzkkYR0ESVTqRgdKA
,,,no concept.,4.8,93,$$,,Bar,pub,temporarily closed; no hours,"Vana-Kalamaja tn 6, 10412 Tallinn",10412,,+372 444 4004,,https://maps.google.com/?cid=9483873042585669777,no-concept,2,59.441926,24.738541,ChIJM3MSJwCTkkYRkdA41kh8nYM
,,,Jahu & Time To Wine,4.8,76,$$,Pizza,Bistro,restaurant,outside Tallinn (Haabneeme),"Paadi tee 3, 74001 Haabneeme",74001,Mon 09:00-21:00; Tue 09:00-21:00; Wed 09:00-21:00; Thu 09:00-22:00; Fri 09:00-22:00; Sat 10:00-22:00; Sun 10:00-21:00,+372 5696 1677,,https://maps.google.com/?cid=11052532711395401997,jahu-time-to-wine,2,59.503651,24.827201,ChIJvVB0PyGTkkYRDaEbM_F7Ypk
,,francois-boulangerie,François Boulangerie,4.8,63,$,,Bakery,bakery; cheap-eats,already published,"Härjapea tn 17, 10320 Tallinn",10320,Mon closed; Tue closed; Wed closed; Thu closed; Fri closed; Sat 10:00-13:00; Sun closed,+372 5591 3909,https://www.francois.ee/,https://maps.google.com/?cid=7877176428401912852,francois-boulangerie-2,1,59.437693,24.716206,ChIJ3655K4GUkkYRFOz5_zlaUW0
,,,Soufflé Desserdistuudio,4.8,58,$,,Cafe,coffee; cheap-eats,thin review count,"Kentmanni tn 28, 10116 Tallinn",10116,Mon closed; Tue 10:00-19:00; Wed 10:00-19:00; Thu 10:00-19:00; Fri 10:00-19:00; Sat 10:00-16:00; Sun closed,+372 5853 0451,https://souffle.ee/,https://maps.google.com/?cid=15397697734946794363,souffle-desserdistuudio,1,59.429454,24.753270,ChIJPfoXPwuVkkYReytXaoKcr9U
,,,Kooker Balti Jaam,4.8,57,$,,Restaurant,restaurant; cheap-eats,"same address as published ""Cafe Cape Town"" - verify; thin review count","Kopli tn 1, 10412 Tallinn",10412,Mon 09:00-20:00; Tue 09:00-20:00; Wed 09:00-20:00; Thu 09:00-20:00; Fri 09:00-20:00; Sat 09:00-20:00; Sun 09:00-18:00,+372 5301 7131,https://kooker.ee/,https://maps.google.com/?cid=16283887802127461701,kooker-balti-jaam,1,59.441044,24.735422,ChIJAfUTK2yTkkYRRa0fKK79--E
,,,ARKET CAFÉ,4.8,54,$,,Cafe,coffee; cheap-eats,thin review count,"Viru väljak 4-6, 10111 Tallinn",10111,Mon 10:00-19:00; Tue 10:00-19:00; Wed 10:00-19:00; Thu 10:00-19:00; Fri 10:00-19:00; Sat 10:00-19:00; Sun 10:00-19:00,+372 617 7240,https://www.arket.com/email/?utm_source=Online&utm_medium=Pinmeto&utm_campaign=Pinmeto,https://maps.google.com/?cid=5267262276067232544,arket-cafe,1,59.436391,24.755588,ChIJFSeuMeKTkkYRIIvNByITGUk
,,,The food corner - tänavatoit | Stroomi,4.8,54,$,American,Restaurant,restaurant; cheap-eats,thin review count; no hours,"Stromi rand, 10316 Tallinn",10316,,+372 5696 4980,http://www.tfc.ee/,https://maps.google.com/?cid=12876947990381545761,the-food-corner-tanavatoit-stroomi,1,59.440512,24.684200,ChIJl7aCSgWVkkYRIUnf5fgbtLI
,,,Roo Pagar & Kohvik,4.8,53,$$,,Cafe,coffee,thin review count,"Kalaranna tn 8-12, 10415 Tallinn",10415,Mon 09:00-19:00; Tue 09:00-19:00; Wed 09:00-19:00; Thu 09:00-19:00; Fri 09:00-19:00; Sat 09:00-18:00; Sun 09:00-17:00,+372 513 4996,https://www.facebook.com/rookohvik,https://maps.google.com/?cid=12159018894715827352,roo-pagar-kohvik,2,59.446718,24.748031,ChIJNX2PFOOTkkYRmLTMdEODvag
,,,Blue Dragon,4.8,50,$,,Restaurant,restaurant; cheap-eats,thin review count,"Lembitu tn 6, 10114 Tallinn",10114,Mon 11:00-23:40; Tue 11:00-23:40; Wed 11:00-23:40; Thu 11:00-23:40; Fri 11:00-23:40; Sat 11:00-23:40; Sun 11:00-23:40,+372 5606 1544,https://bluedragon.ee/,https://maps.google.com/?cid=11021512167734081823,blue-dragon,1,59.431687,24.753320,ChIJXUGM6c-VkkYRH3lvDexG9Jg
,,,Koyo Omakase,4.8,45,$$$$,Japanese,Japanese Restaurant,restaurant; asian; fine-dining,"same address as published ""Maison François"" - verify; thin review count","Dunkri tn 8, 10123 Tallinn",10123,"Mon closed; Tue closed; Wed 18:00-20:00, 20:30-22:30; Thu 18:00-20:00, 20:30-22:30; Fri 18:00-20:00, 20:30-22:30; Sat 18:00-20:00, 20:30-22:30; Sun closed",+372 618 8830,https://koyo.theburmanhotel.com/,https://maps.google.com/?cid=16870367141379179712,koyo-omakase,4,59.436933,24.743033,ChIJide8lQGTkkYRwARUNIiVH-o
,,,Moutai Bar /Store,4.8,40,$,,Bar,pub; cheap-eats,thin review count,"Vana-Posti tn 2, 10146 Tallinn",10146,Mon 16:00-20:00; Tue 16:00-20:00; Wed 16:00-20:00; Thu 16:00-20:00; Fri 16:00-20:00; Sat 13:00-16:00; Sun 13:00-16:00,,https://www.facebook.com/moutaibartallinn,https://maps.google.com/?cid=14365152263540216085,moutai-bar-store,1,59.435581,24.744566,ChIJj-sIjceVkkYRFZG2tN9FW8c
,,,Telli Kokk Koju OÜ,4.8,40,,,Restaurant,restaurant,thin review count,"Kaarli pst 11, 10145 Tallinn",10145,Mon 12:00-21:00; Tue 12:00-21:00; Wed 12:00-21:00; Thu 12:00-21:00; Fri 12:00-21:00; Sat 12:00-21:00; Sun 12:00-21:00,+372 525 5015,http://www.kokkkoju.ee/,https://maps.google.com/?cid=15595848233398953277,telli-kokk-koju-ou,,59.431837,24.740722,ChIJR2sRfl-TkkYRPeWlglaVb9g
,,,Linn cafe,4.8,36,$$,,Cafe,coffee,"possible second location of ""Shaurma Kebab Linnamäe"" (10.8 km away) - verify; thin review count","Sepa tn 28-35, 11712 Tallinn",11712,Mon closed; Tue 11:00-22:00; Wed 11:00-22:00; Thu 11:00-22:00; Fri 11:00-22:00; Sat 12:00-22:00; Sun 12:00-22:00,+372 554 0689,,https://maps.google.com/?cid=11702447129997399952,linn-cafe,2,59.463445,24.679565,ChIJgV8vyjGTkkYRkNdImqlxZ6I
,,,SABA,4.8,36,$$,,Takeout Restaurant,restaurant,"same address as published ""KoHo"" - verify; thin review count","Telliskivi tn 60-1, 10412 Tallinn",10412,"Mon 12:00-15:00, 16:00-21:00; Tue 12:00-15:00, 16:00-21:00; Wed 12:00-15:00, 16:00-21:00; Thu 12:00-15:00, 16:00-21:00; Fri 12:00-15:00, 16:00-21:00; Sat 12:00-15:00, 16:00-21:00; Sun 12:00-15:00, 16:00-21:00",+372 5695 5446,https://sabasaba.ee/,https://maps.google.com/?cid=5544576431189104776,saba,2,59.440338,24.729571,ChIJNeed6YWTkkYRiJgHQ-NK8kw
,,,BOBATEE.EE KOHVIK,4.8,35,,,Tea House,coffee,thin review count,"BOBATEE.EE KOHVIK, Pärnu mnt. 46, 10119 Tallinn",10119,Mon 11:00-19:00; Tue 11:00-19:00; Wed 11:00-19:00; Thu 11:00-19:00; Fri 11:00-19:00; Sat 12:00-19:00; Sun 12:00-17:00,+372 5333 3264,https://www.bobatee.ee/,https://maps.google.com/?cid=18022350753436018479,bobatee-ee-kohvik,,59.428801,24.742487,ChIJ0SAif1KVkkYRLycMFIZAHPo
,,,Estonia restoran,4.8,35,,,Restaurant,restaurant,thin review count,"Estonia National Opera, Estonia pst 4, 10148 Tallinn",10148,Mon closed; Tue closed; Wed 16:00-21:00; Thu 16:00-21:00; Fri 16:00-21:00; Sat 12:00-21:00; Sun closed,+372 5305 1595,https://estonia-digital-charm.lovable.app/,https://maps.google.com/?cid=8192983518110159893,estonia-restoran,,59.434540,24.750856,ChIJJ30KX6eVkkYRFRSW9xlTs3E
,,,Captain Roosters,4.8,34,$$,,Bar & Grill,pub,thin review count,"Artius Centre, Narva mnt 5, 10117 Tallinn",10117,Mon 14:00-21:00; Tue 14:00-21:00; Wed 14:00-21:00; Thu 14:00-21:00; Fri 14:00-22:00; Sat 14:00-22:00; Sun 14:00-20:00,+372 5814 7580,https://www.captainroosters.ee/,https://maps.google.com/?cid=15869702899752200149,captain-roosters,2,59.438366,24.759083,ChIJa5hFcwCTkkYR1We3vrSCPNw
,,,Écrin Restaurant,4.8,34,$$$$,,Restaurant,restaurant; fine-dining,temporarily closed; thin review count; no hours,"Rataskaevu tn 7, 10123 Tallinn",10123,,+372 618 8820,https://ecrin.theburmanhotel.com/,https://maps.google.com/?cid=15050030539623872945,ecrin-restaurant,4,59.436957,24.742892,ChIJNUTapKmTkkYRsbkPjQlz3NA
,,,Bästard,4.8,32,$$,,Cafe,coffee,"same address as published ""Põhja Konn"" - verify; thin review count","Telliskivi tn 60a-5, 10412 Tallinn",10412,Mon 11:00-21:00; Tue 11:00-21:00; Wed 11:00-21:00; Thu 11:00-21:00; Fri 11:00-23:00; Sat 11:00-23:00; Sun 11:00-18:00,+372 5673 5051,https://www.instagram.com/bastard_space,https://maps.google.com/?cid=15923329204063695652,bastard,2,59.438673,24.729102,ChIJe4o-r86TkkYRJPPRsYsH-9w
,,,INTI Cafe,4.8,31,$,,Coffee Shop,coffee; cheap-eats,thin review count,"Uus-Volta 9-1-39, 10416 Tallinn",10416,Mon 08:00-17:00; Tue 08:00-17:00; Wed 08:00-17:00; Thu 10:30-15:30; Fri 08:00-17:00; Sat 10:00-17:00; Sun 11:00-15:00,+372 5197 3679,,https://maps.google.com/?cid=15968510962580393284,inti-cafe,1,59.448687,24.721426,ChIJkaV1GsqTkkYRRA2JnB2Mm90
,,,Meet & Eat,4.8,29,$,Asian,Asian Restaurant,restaurant; asian; cheap-eats,thin review count,"Car parking, Punane tn, side 52, 13619 Tallinn",13619,Mon 11:00-23:00; Tue 11:00-23:00; Wed 11:00-23:00; Thu 11:00-23:00; Fri 11:00-23:00; Sat 11:00-23:00; Sun closed,+372 5362 3307,,https://maps.google.com/?cid=10671267372111357032,meet-eat,1,59.435509,24.844255,ChIJLWyRpPHtkkYRaOTp2SL1F5Q
,,,"NCH, NOA CHEF’s HALL",4.8,29,$$$$,European,Fine Dining Restaurant,restaurant; fine-dining,thin review count,"Ranna tee 3-1, 12112 Tallinn",12112,Mon closed; Tue closed; Wed 18:00-23:00; Thu 18:00-23:00; Fri 18:00-23:00; Sat 18:00-23:00; Sun closed,+372 5853 5881,https://nch.ee/,https://maps.google.com/?cid=16442738797231945957,nch-noa-chefs-hall,4,59.494867,24.826693,ChIJC68P3HCTkkYR5TiLl9FXMOQ
,,,Kofeman Cafe / Wine,4.7,1554,$,,Cafe,coffee; cheap-eats,"same address as published ""Mikkeller Tallinn Old Town"" - verify","Kullassepa tn 4, 10146 Tallinn",10146,Mon 09:00-22:00; Tue 09:00-22:00; Wed 09:00-22:00; Thu 09:00-22:00; Fri 09:00-22:00; Sat 09:00-22:00; Sun 09:00-22:00,+372 5315 3333,http://kofeman.ee/,https://maps.google.com/?cid=4681153923301573386,kofeman-cafe-wine,1,59.436916,24.744643,ChIJ43KuThiTkkYRCgNRAbHM9kA
,,koht,Koht,4.7,1466,$$,,Bar,pub,already published,"Lai 8, 10133 Tallinn",10133,Mon 17:00-02:00; Tue 17:00-02:00; Wed 17:00-02:00; Thu 17:00-02:00; Fri 17:00-04:00; Sat 17:00-04:00; Sun 17:00-02:00,+372 644 3302,https://www.facebook.com/tubakas,https://maps.google.com/?cid=14757924235944654273,koht-2,2,59.438311,24.743975,ChIJ-2SoW2KTkkYRwfWb2eatzsw
,,la-boulangerie,La Boulangerie,4.7,1419,$$,,Bakery,bakery,already published,"Poordi 3, 10156 Tallinn",10156,Mon 08:30-20:30; Tue 08:30-20:30; Wed 08:30-20:30; Thu 08:30-20:30; Fri 08:30-20:30; Sat 09:00-20:30; Sun 09:00-20:30,+372 5855 0320,https://www.instagram.com/la_boulangerie_tallinn/,https://maps.google.com/?cid=15731469675192983151,la-boulangerie-2,2,59.441532,24.754743,ChIJreR0XQaTkkYRbx61GFJoUdo
,,gotsu-kyuho,Gotsu Kyuho's Kitchen,4.7,1005,$$,Korean,Korean Restaurant,restaurant; asian,already published,"Pärnu mnt. 62a, 10135 Tallinn",10135,Mon 11:15-20:00; Tue 11:15-20:00; Wed 11:15-20:00; Thu 11:15-20:00; Fri 11:15-20:00; Sat closed; Sun closed,+372 614 0022,http://www.gotsu.ee/,https://maps.google.com/?cid=4886311571268907470,gotsu-kyuho-s-kitchen,2,59.425728,24.742054,ChIJOxoZNpiUkkYRzjFdO3yqz0M
,,faehlmanni-kohvik,Faehlmanni cafe,4.7,915,$$,,Coffee Shop,coffee,already published,"F. R. Faehlmanni tn 18, 10125 Tallinn",10125,Mon 08:00-20:00; Tue 08:00-20:00; Wed 08:00-20:00; Thu 08:00-20:00; Fri 08:00-20:00; Sat 10:00-20:00; Sun 10:00-18:00,+372 5632 7888,https://www.facebook.com/faehlmannikohvik,https://maps.google.com/?cid=4590506589197252084,faehlmanni-cafe,2,59.434753,24.773218,ChIJY04fC1mTkkYR9DUx3GvBtD8
,,,Bad Habits Balti Jaama Turg,4.7,903,$$,,Restaurant,restaurant,"same address as published ""Cafe Cape Town"" - verify","Kopli tn 1, 10412 Tallinn",10412,Mon 11:00-21:00; Tue 11:00-21:00; Wed 11:00-21:00; Thu 11:00-23:00; Fri 11:00-23:00; Sat 11:00-23:00; Sun 11:00-21:00,+372 600 8828,https://badhabits.ee/,https://maps.google.com/?cid=14106017497697317472,bad-habits-balti-jaama-turg,2,59.440934,24.734767,ChIJ5coLGwCTkkYRYHKxYS2kwsM
,,,Rado restoran,4.7,885,$$$,,Fine Dining Restaurant,restaurant; fine-dining,"possible second location of ""Radio"" (1.4 km away) - verify","Vene tn 7, 10123 Tallinn",10123,Mon 12:00-23:00; Tue 12:00-23:00; Wed 12:00-23:00; Thu 12:00-23:00; Fri 12:00-23:00; Sat 12:00-23:00; Sun closed,+372 5858 8995,http://www.radorestoran.ee/,https://maps.google.com/?cid=8561962717418054489,rado-restoran,3,59.437530,24.746907,ChIJzUMp4-KTkkYRWWPXb7oz0nY
,,gobi,Gobi,4.7,864,$$$,Eastern European,Eastern European Restaurant,restaurant,already published,"Rotermanni tn 14, 10111 Tallinn",10111,Mon 12:00-00:00; Tue 12:00-00:00; Wed 12:00-00:00; Thu 12:00-00:00; Fri 12:00-00:00; Sat 12:00-00:00; Sun 12:00-00:00,+372 5554 4990,http://www.gobi.ee/,https://maps.google.com/?cid=15943114058333187383,gobi-2,3,59.438982,24.757690,ChIJofGOoaCTkkYRN218DMRRQd0
,,karu-talu-sokolaad,Karu Talu Šokolaad,4.7,801,,,Chocolate Shop,restaurant,already published,"Voorimehe 4, 10146 Tallinn",10146,Mon closed; Tue 12:00-16:00; Wed 12:00-16:00; Thu 12:00-16:00; Fri 12:00-16:00; Sat 12:00-16:00; Sun closed,+372 5390 4888,https://www.facebook.com/karutalu.chocolate,https://maps.google.com/?cid=7282241447485991017,karu-talu-sokolaad-2,,59.437646,24.743759,ChIJf-3Fa2KTkkYRaWgHdgO4D2U
,,radio-restoran,Radio,4.7,746,$$,,Restaurant,restaurant,already published,"Terase 16, Terase tn 16, 10125 Tallinn",10125,Mon 12:00-23:00; Tue 12:00-23:00; Wed 12:00-23:00; Thu 12:00-23:00; Fri 12:00-23:00; Sat 12:00-23:00; Sun 12:00-23:00,+372 550 4499,http://www.restoranradio.ee/,https://maps.google.com/?cid=6692080787950166030,radio,2,59.434970,24.771868,ChIJ9RVVj4mTkkYRDmD8PQUM31w
,,,Von Krahl,4.7,595,,,Performing Arts Theater,restaurant,may not be a restaurant; no hours,"Telliskivi tn 60a-9, 10412 Tallinn",10412,,+372 5444 0420,http://www.vonkrahl.ee/,https://maps.google.com/?cid=1237938048057338003,von-krahl,,59.438205,24.728721,ChIJLSste2KTkkYRk-hliBgKLhE
,,,Sushi Guru Lasnamäe (Kärberi 18),4.7,594,,,Delivery Restaurant,restaurant,may not be a restaurant,"K. Kärberi tn 18, 13919 Tallinn",13919,Mon 11:00-22:00; Tue 11:00-22:00; Wed 11:00-22:00; Thu 11:00-22:00; Fri 11:00-23:00; Sat 11:00-23:00; Sun 11:00-22:00,+372 5880 0058,http://www.sushiguru.ee/,https://maps.google.com/?cid=15766068890956075098,sushi-guru-lasnamae-karberi-18,,59.444716,24.879616,ChIJx6COTD3tkkYRWhDGxR9UzNo
,,xinhai-1911,Xinhai 1911 Restoran & Baar,4.7,543,$$,Chinese,Restaurant,restaurant; asian,already published,"Kopli tn 2c, 10412 Tallinn",10412,Mon 11:00-23:00; Tue 11:00-23:00; Wed 11:00-23:00; Thu 11:00-23:00; Fri 11:00-23:00; Sat 11:00-23:00; Sun 12:00-21:00,+372 5692 8813,http://xinhai.ee/,https://maps.google.com/?cid=10293961650302694668,xinhai-1911-restoran-baar,2,59.441287,24.738564,ChIJHbiyVaCTkkYRDDXJyZR_244
,,,La Muu,4.7,509,,,Ice Cream Shop,restaurant,"same address as published ""Põhja Konn"" - verify","Telliskivi tn 60a-5, 10415 Tallinn",10415,Mon 12:00-20:00; Tue 12:00-20:00; Wed 12:00-20:00; Thu 12:00-20:00; Fri 12:00-20:00; Sat 11:00-20:00; Sun 11:00-19:00,+372 5305 9880,http://www.lamuu.ee/,https://maps.google.com/?cid=6413910839337060635,la-muu,,59.438855,24.728739,ChIJ_2wf9YyTkkYRG4m2D-3JAlk
,,uba-ja-humal,Uba ja Humal,4.7,486,$$,,Pub,pub,already published,"Võrgu tn 3, 10415 Tallinn",10415,Mon 16:00-00:00; Tue 16:00-00:00; Wed 16:00-00:00; Thu 16:00-00:00; Fri 14:00-02:00; Sat 12:00-02:00; Sun 13:00-00:00,,https://ubajahumal.ee/,https://maps.google.com/?cid=15683567806759592838,uba-ja-humal-2,2,59.445073,24.747856,ChIJBzgSGWWTkkYRhmOoPNM5p9k
,,borsch-ja-varenyk,Borsch & Varenyk,4.7,423,$$,Ukrainian,Ukrainian Restaurant,restaurant,already published,"Endla tn 56, 10613 Tallinn",10613,Mon 11:00-23:00; Tue 11:00-23:00; Wed 11:00-23:00; Thu 11:00-23:00; Fri 11:00-23:00; Sat 11:00-23:00; Sun 11:00-23:00,+372 5757 1015,https://www.borschvarenyk.ee/,https://maps.google.com/?cid=8761455179568346506,borsch-varenyk,2,59.427870,24.718032,ChIJr4CpSEyVkkYRinWtzRDxlnk
,,,180 Degrees Restaurant,4.7,398,$$$$,,Fine Dining Restaurant,restaurant; fine-dining,"same address as published ""180° by Matthias Diether"" - verify","Port Noblessner, Staapli tn 4, 10415 Tallinn",10415,Mon closed; Tue closed; Wed 18:00-23:00; Thu 18:00-23:00; Fri 18:00-23:00; Sat 18:00-23:00; Sun closed,+372 661 0180,https://www.180degrees.ee/,https://maps.google.com/?cid=11467754862769825190,180-degrees-restaurant,4,59.452054,24.728923,ChIJXcD9802TkkYRpmWn9kmmJZ8
,,,"ANNO, Home restaurant & Wine Corner",4.7,308,,,Restaurant,restaurant,temporarily closed; no hours,"Poldri tn 3, 10154 Tallinn",10154,,+372 622 0044,https://www.anno.ee/sites/default/files/anno_menu/2026-07_anno_menu_soolane.pdf,https://maps.google.com/?cid=832169072859104297,anno-home-restaurant-wine-corner,,59.440148,24.765583,ChIJfZC9vF2TkkYRKUTV3Fx1jAs
,,annon,Annön,4.7,303,$$,Korean,Korean Restaurant,restaurant; asian,already published,"Kalevipoja põik 10, 13614 Tallinn",13614,Mon 11:00-18:00; Tue 11:00-18:00; Wed 11:00-18:00; Thu 11:00-18:00; Fri 11:00-18:00; Sat closed; Sun closed,+372 632 7802,https://www.facebook.com/pages/Ann%C3%B6n/777252022331044,https://maps.google.com/?cid=8705642967336273643,annon-2,2,59.438937,24.831102,ChIJj8Eu27nskkYR68Z0gSeo0Hg
,,,El Camino Taco bar,4.7,281,$$,Mexican,Taco Restaurant,restaurant,temporarily closed; no hours,"Malmi tn 3-2, 10412 Tallinn",10412,,+372 5883 0802,https://elcaminotaco.bar/,https://maps.google.com/?cid=15514455171263905932,el-camino-taco-bar,2,59.442117,24.731996,ChIJedIK9E2TkkYRjEDodsdqTtc
,,izakaya-taro,IZAKAYA TARO Tallinn,4.7,271,$$,Japanese,Izakaya Restaurant,restaurant; asian,already published,"Müürivahe 31, 10140 Tallinn",10140,Mon 15:00-22:00; Tue 15:00-22:00; Wed 15:00-22:00; Thu 15:00-22:00; Fri 15:00-22:00; Sat 12:00-22:00; Sun 12:00-22:00,,,https://maps.google.com/?cid=12307040440922644043,izakaya-taro-tallinn,2,59.437225,24.749363,ChIJtS1BS6CTkkYRS56PVRNky6o
,,,Raudtee Kohvik & Bistroo,4.7,251,$,,Restaurant,restaurant; cheap-eats,temporarily closed; no hours,"Toompuiestee 35, 10149 Tallinn",10149,,+372 623 3008,https://bistrood.ee/raudtee/,https://maps.google.com/?cid=10685974792154390954,raudtee-kohvik-bistroo,1,59.438556,24.734593,ChIJic3GYH2TkkYRqiEk7XQ1TJQ
,,,Sushi Guru Mustamäe (Vilde tee 101b),4.7,231,,,Delivery Restaurant,restaurant,may not be a restaurant,"E. Vilde tee 101b, 12911 Tallinn",12911,Mon 11:00-22:00; Tue 11:00-22:00; Wed 11:00-22:00; Thu 11:00-22:00; Fri 11:00-23:00; Sat 11:00-23:00; Sun 11:00-22:00,+372 5880 0060,https://www.sushiguru.ee/,https://maps.google.com/?cid=15111265181948867601,sushi-guru-mustamae-vilde-tee-101b,,59.404563,24.676501,ChIJ_ygXIFCVkkYREXTKvJ7_tdE
,,,VanaHai Bubble Tea,4.7,200,,,Tea House,coffee,temporarily closed; no hours,"Estonia pst 7, 10143 Tallinn",10143,,+372 5560 0122,http://vanahai.com/,https://maps.google.com/?cid=9087948134250316391,vanahai-bubble-tea,,59.434555,24.752424,ChIJdxROjNGVkkYRZwIql63gHn4
,,vesta,VESTA,4.7,192,$$,,Restaurant,restaurant,already published,"Tööstuse tn 88, 10416 Tallinn",10416,Mon closed; Tue 17:00-23:00; Wed 17:00-23:00; Thu 17:00-23:00; Fri 17:00-00:00; Sat 17:00-00:00; Sun closed,+372 5353 3576,http://www.vestavesta.ee/,https://maps.google.com/?cid=18111925966893317275,vesta-2,2,59.454133,24.707203,ChIJZUwQYwCTkkYRm3zZrrR8Wvs
,,,My Shashlik,4.7,191,$$,Barbecue,Barbecue Restaurant,restaurant,temporarily closed; no hours; outside Tallinn (Miiduranna),"Miiduranna tee 45, 74015 Miiduranna",74015,,+372 5552 3358,,https://maps.google.com/?cid=12118927360539347577,my-shashlik,2,59.500300,24.818469,ChIJ1bqu1GqTkkYRecq1vzkUL6g
,,,Chocokoo chocolate Chamber / Chocokoo Chocolaterie,4.7,125,,,Chocolate Shop,restaurant,"same address as published ""Põhja Konn"" - verify","Telliskivi tn 60a-5, 10412 Tallinn",10412,Mon 11:00-18:00; Tue 11:00-18:00; Wed 11:00-18:00; Thu 11:00-18:00; Fri 11:00-18:00; Sat 11:00-16:00; Sun closed,+372 502 8466,https://chocokoo.ee/,https://maps.google.com/?cid=2024685556125429457,chocokoo-chocolate-chamber-chocokoo-chocolaterie,,59.438452,24.730025,ChIJOZ-EdoGUkkYR0W64OskgGRw
,,,MEIE GRUUSIA BALTI JAAMA TURG,4.7,121,$,Eastern European,Eastern European Restaurant,restaurant; cheap-eats,"same address as published ""Cafe Cape Town"" - verify","Balti Jaama Turg, Kopli tn 1, 10412 Tallinn",10412,Mon 09:00-19:00; Tue 09:00-19:00; Wed 09:00-19:00; Thu 09:00-19:00; Fri 09:00-19:00; Sat 09:00-19:00; Sun 09:00-17:00,+372 5550 9192,https://www.meiegruusia.ee/,https://maps.google.com/?cid=323428070872670458,meie-gruusia-balti-jaama-turg,1,59.441046,24.736253,ChIJidAojySTkkYR-mDB6h0MfQQ
,,,Borsch & Varenyk Toompea,4.7,117,$$,Ukrainian,Ukrainian Restaurant,restaurant,"possible second location of ""Borsch & Varenyk"" (1.2 km away) - verify","Falgi tee 3-1, 10613 Tallinn",10613,Mon 12:00-23:00; Tue 12:00-23:00; Wed 11:00-23:00; Thu 11:00-23:00; Fri 11:00-00:00; Sat 11:00-00:00; Sun 11:00-23:00,+372 5757 1015,https://www.borschvarenyk.ee/,https://maps.google.com/?cid=9134002632372884498,borsch-varenyk-toompea,2,59.434722,24.733626,ChIJobCTtmCVkkYREpQRCAB_wn4
,,,Lastekohvik Domino,4.7,112,$$,,Cafe,coffee,temporarily closed; no hours,"Tartu mnt 35, 10128 Tallinn",10128,,+372 5815 6231,https://www.facebook.com/LastekohvikDomino/,https://maps.google.com/?cid=6242879223505005189,lastekohvik-domino,2,59.432865,24.765585,ChIJ9XGXcPSTkkYRhaqu3JMpo1Y
,,,Retro Burger,4.7,80,$,,Fast Food Restaurant,restaurant; cheap-eats,temporarily closed; no hours,"Puhangu tänav 71, 10311 Tallinn",10311,,+372 565 4560,https://instagram.com/retroburgertallinn,https://maps.google.com/?cid=12042893053775782954,retro-burger,1,59.443941,24.693943,ChIJPemDmdyVkkYRKiRTKm3zIKc
,,,Lahe kohvik,4.7,70,,,Caterer,restaurant,temporarily closed; may not be a restaurant; no hours,"Purje tn 8, 11911 Tallinn",11911,,+372 639 8014,https://lahekohvik.ee/,https://maps.google.com/?cid=1187313768207959355,lahe-kohvik,,59.465442,24.826139,ChIJk8hK5yuTkkYRO0X33pQvehA
,,,Nirvana Resto&Bar,4.7,57,$$,,Restaurant,restaurant,thin review count,"Vana-Viru tn 10, 10111 Tallinn",10111,Mon 11:00-00:00; Tue 11:00-00:00; Wed 11:00-00:00; Thu 11:00-00:00; Fri 11:00-02:00; Sat 11:00-02:00; Sun 11:00-00:00,+372 5848 6458,https://nirvana.ee/,https://maps.google.com/?cid=13193588201685387309,nirvana-resto-bar,2,59.437244,24.750799,ChIJ8br7cLqTkkYRLQg-GpEKGbc
,,,BLU Resto,4.7,54,$$,,Restaurant,restaurant,thin review count,"Kalaranna tn 8-21, 10415 Tallinn",10415,Mon closed; Tue 12:00-22:00; Wed 12:00-22:00; Thu 12:00-22:00; Fri 12:00-23:00; Sat 11:00-23:00; Sun 11:00-21:00,+372 5440 0286,http://www.bluresto.ee/,https://maps.google.com/?cid=18013697661302183816,blu-resto,2,59.447853,24.746815,ChIJy-u7qHuTkkYRiJczEZWC_fk
,,,Allika Kohvik,4.7,52,$,,Restaurant,restaurant; cheap-eats,thin review count; outside Tallinn (Haabneeme),"Kaluri tee 5, 74001 Haabneeme",74001,Mon 10:00-16:00; Tue 10:00-16:00; Wed 10:00-16:00; Thu 10:00-16:00; Fri 09:00-15:00; Sat closed; Sun closed,+372 5662 8260,,https://maps.google.com/?cid=9875471253658502761,allika-kohvik,1,59.509676,24.825010,ChIJyScu6WCTkkYRaYblX8i4DIk
,,,Sushi 7 Telliskivi,4.7,48,$,Asian,Asian Restaurant,restaurant; asian; cheap-eats,thin review count,"Telliskivi tn 2, 10611 Tallinn",10611,Mon 12:00-22:00; Tue 12:00-22:00; Wed 12:00-22:00; Thu 12:00-22:00; Fri 12:00-22:00; Sat 12:00-22:00; Sun 12:00-22:00,,https://sushi7.ee/,https://maps.google.com/?cid=3486889933446149345,sushi-7-telliskivi,1,59.433330,24.718229,ChIJG_PwQqyVkkYR4XTxjevrYzA
,,,Azerbaijan Šašlõkk,4.7,46,$$,Middle Eastern,Middle Eastern Restaurant,restaurant,"same address as published ""Pudel"", ""Q Pizza Jaam"", ""Telliskivi Šašlõkk"" - verify; thin review count","Telliskivi tn 62, 10412 Tallinn",10412,Mon 10:30-22:30; Tue 10:30-22:30; Wed 10:30-22:30; Thu 10:30-22:30; Fri 10:30-22:30; Sat 10:30-22:30; Sun 10:30-22:30,+372 5810 2434,,https://maps.google.com/?cid=17812875805172545426,azerbaijan-saslokk,2,59.440550,24.730455,ChIJjYshpN-TkkYRkrd1CysMNPc
,,,NUTS'n'MORE,4.7,44,$,,Coffee Shop,coffee; cheap-eats,thin review count,"Vabaduse väljak 10, 10146 Tallinn",10146,Mon 10:00-21:00; Tue 10:00-21:00; Wed 10:00-21:00; Thu 10:00-21:00; Fri 10:00-22:00; Sat 10:00-22:00; Sun 10:00-21:00,+372 510 1414,https://nutsnmore.ee/,https://maps.google.com/?cid=1224899509929654585,nuts-n-more,1,59.434252,24.743707,ChIJ4ya1EzWVkkYROTnoTp23_xA
,,,Mini pancakes,4.7,42,$,,Coffee Shop,coffee; cheap-eats,thin review count,"Tallinna raekoda, Kullassepa tn, 10146 Tallinn",10146,Mon 06:00-22:00; Tue 06:00-22:00; Wed 06:00-22:00; Thu 06:00-22:00; Fri 06:00-22:00; Sat 06:00-22:00; Sun 06:00-22:00,,,https://maps.google.com/?cid=15183614899790694750,mini-pancakes,1,59.437011,24.744960,ChIJs1QjNACTkkYRXklaHE4Jt9I
,,,Tark Cafe&Bistro Linnamäe,4.7,42,$,,Bistro,restaurant; cheap-eats,thin review count,"Linnamäe tee 3, 13912 Tallinn",13912,Mon 08:30-16:00; Tue 08:30-16:00; Wed 08:30-16:00; Thu 08:30-16:00; Fri 08:30-16:00; Sat closed; Sun closed,+372 5550 3273,http://www.tarkcatering.ee/,https://maps.google.com/?cid=7905323229275398358,tark-cafe-bistro-linnamae,1,59.448745,24.863252,ChIJMQYkKa_tkkYR1qCaw5dZtW0
,,,Pepper Mill Cafe,4.7,38,$,,Restaurant,restaurant; cheap-eats,thin review count,"Mäealuse tn 12, 12618 Tallinn",12618,"Mon 10:00-15:30; Tue 10:00-15:30; Wed 10:00-15:30, 16:00-21:30; Thu 10:00-15:30, 16:00-21:30; Fri 10:00-15:30, 16:00-21:30; Sat 12:00-22:00; Sun 12:00-22:00",+372 5813 0211,https://www.facebook.com/pipraveski.kohvik,https://maps.google.com/?cid=9634784775887514217,pepper-mill-cafe,1,59.398691,24.648745,ChIJRzS82N2VkkYRaeod1rShtYU
,,,12 Tooli Cafe,4.7,37,$$,,Dessert Restaurant,restaurant,thin review count,"Odra tn 8, 10144 Tallinn",10144,Mon 10:00-18:00; Tue 10:00-18:00; Wed 10:00-18:00; Thu 10:00-18:00; Fri 10:00-18:00; Sat closed; Sun closed,,,https://maps.google.com/?cid=17715763137253859934,12-tooli-cafe,2,59.427887,24.773237,ChIJdaFAKt-VkkYRXuL5ELYI2_U
,,,Kalev Balti Jaama šokolaadipood,4.7,36,,,Chocolate Shop,restaurant,"same address as published ""Cafe Cape Town"" - verify; thin review count","Kopli tn 1, 10412 Tallinn",10412,Mon 09:00-19:00; Tue 09:00-17:00; Wed 09:00-19:00; Thu 09:00-19:00; Fri 09:00-19:00; Sat 09:00-19:00; Sun 09:00-17:00,,https://kalev.eu/,https://maps.google.com/?cid=16150464055369479598,kalev-balti-jaama-sokolaadipood,,59.440934,24.734767,ChIJwSEpJwCTkkYRrjUDUn35IeA
,,,Bubblebirds Chicken Shop,4.7,35,$,,Fast Food Restaurant,restaurant; cheap-eats,"same address as published ""Cafe Cape Town"" - verify; thin review count","Kopli tn 1, 10412 Tallinn",10412,Mon 12:00-20:00; Tue 12:00-20:00; Wed 12:00-20:00; Thu 12:00-20:00; Fri 12:00-20:00; Sat 12:00-20:00; Sun 12:00-18:00,+372 5560 5290,https://www.lesmentbros.com/bubblebirds-chicken-shop,https://maps.google.com/?cid=3152042141867421101,bubblebirds-chicken-shop,1,59.441085,24.735228,ChIJ4x0iKb-TkkYRra0Rt6BNvis
,,,La Tarte Tallinn,4.7,33,,,Pastry Shop,restaurant,thin review count,"Filmi tn 7, 10122 Tallinn",10122,Mon 11:00-18:00; Tue 11:00-18:00; Wed 11:00-18:00; Thu 11:00-18:00; Fri 11:00-18:00; Sat 11:00-16:00; Sun closed,+372 511 8579,http://latarte.choiceqr.com/,https://maps.google.com/?cid=7796514439110479932,la-tarte-tallinn,,59.440982,24.779593,ChIJs3pTvreTkkYRPFBiHZPIMmw
,,,Lille Pagariäri,4.7,28,$,,Bakery,bakery; cheap-eats,thin review count,"Tehnika tn 35, 10149 Tallinn",10149,Mon closed; Tue 08:00-16:00; Wed 08:00-16:00; Thu 08:00-16:00; Fri 08:00-16:00; Sat 09:00-15:00; Sun 09:00-15:00,+372 5301 1946,http://lillepagar.ee/,https://maps.google.com/?cid=6695261157150073165,lille-pagariari,1,59.433805,24.724112,ChIJr0w-kz2VkkYRTaFmpoxY6lw
,,,Obskuur x Hombre Pablo,4.7,25,$$,,Bar,pub,temporarily closed; thin review count; no hours,"Kopli tn 14, 10411 Tallinn",10411,,,,https://maps.google.com/?cid=5772014727891058465,obskuur-x-hombre-pablo,2,59.441897,24.734524,ChIJr-K1bQCTkkYRIf9ERtBQGlA
,,chakra,Chakra,4.6,2561,$$,Indian,Indian Restaurant,restaurant; asian,already published,"Bremeni käik 1, 10123 Tallinn",10123,Mon 12:00-22:30; Tue 12:00-22:30; Wed 12:00-22:30; Thu 12:00-22:30; Fri 12:00-23:00; Sat 12:00-23:00; Sun 13:00-22:30,+372 641 2615,http://www.chakra.ee/,https://maps.google.com/?cid=17524943801077446822,chakra-2,2,59.439357,24.749388,ChIJ36bd22OTkkYRprjnM4kbNfM
,,,Restoran Pull,4.6,1364,$$$,,Restaurant,restaurant,"possible second location of ""Pulla Bakery"" (0.9 km away) - verify","Rotermanni 2 Hobujaama ja Ahtri tn nurgal, 10111 Tallinn",10111,Mon 11:30-23:00; Tue 11:30-23:00; Wed 11:30-23:00; Thu 11:30-23:00; Fri 11:30-23:00; Sat 14:00-23:00; Sun closed,+372 5382 5000,http://www.pull.ee/,https://maps.google.com/?cid=15895217350700330662,restoran-pull,3,59.439369,24.758658,ChIJMZTPSmeTkkYRpm4eyPYnl9w
,,,Ülo,4.6,1127,$$,,Restaurant,restaurant,"same address as published ""Kartul"", ""Morii Tea House"" - verify","Kopli tn 16, 10412 Tallinn",10412,Mon 17:00-23:00; Tue 17:00-23:00; Wed 17:00-23:00; Thu 17:00-23:00; Fri 17:00-00:00; Sat 12:00-00:00; Sun 12:00-22:00,+372 605 0052,https://www.ulo.ee/,https://maps.google.com/?cid=13985381293017881167,ulo,2,59.441821,24.732947,ChIJNedHAEiTkkYRT1q5MjAOFsI
,,burger-box,Burger Box,4.6,960,$$,American,Hamburger Restaurant,restaurant,already published,"Kopli tn 4a, 10412 Tallinn",10412,Mon 15:00-01:00; Tue 15:00-01:00; Wed 15:00-01:00; Thu 15:00-01:00; Fri 15:00-03:00; Sat 15:00-03:00; Sun 15:00-01:00,+372 5800 6780,https://www.facebook.com/burgerboxbox/,https://maps.google.com/?cid=2426437045797689021,burger-box-2,2,59.441325,24.736872,ChIJWbJy5nyTkkYRvZaeKKNvrCE
,,varav-coffee-toast,Värav Coffee and toast,4.6,767,$$,,Cafe,coffee,already published,"Väike Rannavärav 4, 10111 Tallinn",10111,Mon 08:30-16:00; Tue 08:30-16:00; Wed 08:30-16:00; Thu 08:30-16:00; Fri 08:30-16:00; Sat 09:00-16:00; Sun 09:00-16:00,,,https://maps.google.com/?cid=1172477912590571115,varav-coffee-and-toast,2,59.441510,24.750803,ChIJ4-IA81qTkkYRa9bzDnN6RRA
,,,Alex Kebab & Baar,4.6,706,$$,Middle Eastern,Turkish Restaurant,restaurant,temporarily closed; no hours,"Tartu mnt 79a, 10115 Tallinn",10115,,+372 5569 0556,https://alexkebab.ee/,https://maps.google.com/?cid=18268055655067978955,alex-kebab-baar,2,59.427933,24.778006,ChIJZ1gCPgjrkkYRy4xkedQrhf0
,,baklazaan,Baklažaan Restoran,4.6,664,$$,,Restaurant,restaurant,already published,"Mäepealse tn 30-12619, 12618 Tallinn",12618,Mon 11:00-22:00; Tue 11:00-22:00; Wed 11:00-22:00; Thu 11:00-22:00; Fri 11:00-22:00; Sat 12:00-22:00; Sun 12:00-22:00,+372 5633 3113,http://baklazaan.ee/,https://maps.google.com/?cid=6390543927175395875,baklazaan-restoran,2,59.394698,24.644749,ChIJDzcplKWVkkYRI7rR3NfFr1g
,,,Flamm,4.6,609,$$,,Wine Bar,pub,"same address as published ""Pühaste Taproom"" - verify","Rotermanni tn 2, 10111 Tallinn",10111,Mon 12:00-22:00; Tue 12:00-22:00; Wed 12:00-22:00; Thu 12:00-22:00; Fri 12:00-23:00; Sat 12:00-23:00; Sun closed,+372 5333 7154,https://mymenuweb.com/int/restaurants/1762591/?utm_source=google_profile&utm_medium=google_profile&utm_campaign=admin,https://maps.google.com/?cid=15575057947274429867,flamm,2,59.439153,24.758458,ChIJ3y6vtWCTkkYRq8Vqz664Jdg
,,,Viru Keskuse Rahva Raamat,4.6,579,,,Book Store,restaurant,may not be a restaurant,"Viru väljak 4/6, 10153 Tallinn",10153,Mon 10:00-21:00; Tue 10:00-21:00; Wed 10:00-21:00; Thu 10:00-21:00; Fri 10:00-21:00; Sat 10:00-21:00; Sun 10:00-19:00,+372 640 6441,https://www.rahvaraamat.ee/,https://maps.google.com/?cid=13165312382440650934,viru-keskuse-rahva-raamat,,59.436355,24.756874,ChIJXWpAiWCTkkYRtjht6NuVtLY
,,puhaste-taproom,Pühaste Taproom Tallinn,4.6,487,$$,,Bar,pub,already published,"Rotermanni tn 2, 10111 Tallinn",10111,Mon 14:00-23:00; Tue 14:00-23:00; Wed 14:00-23:00; Thu 14:00-23:00; Fri 14:00-01:00; Sat 14:00-01:00; Sun 14:00-20:00,+372 557 9787,http://puhaste-taproom.ourmenu.com/?menu=226736,https://maps.google.com/?cid=16725371773287553583,puhaste-taproom-tallinn,2,59.438668,24.758085,ChIJIZ4odQCTkkYRL1omUwN1HOg
,,,Mimosa Brooklyn Pizza Tallinn,4.6,448,$$,Pizza,Restaurant,restaurant,"same address as published ""Bruto Bakehouse"" - verify","Suur-Karja tn 12, 10140 Tallinn",10140,Mon 10:00-22:00; Tue 10:00-22:00; Wed 10:00-22:00; Thu 10:00-22:00; Fri 10:00-23:00; Sat 10:00-23:00; Sun 10:00-20:00,+372 5860 7645,https://mimosabrooklyn-pizza.ee/mimosa-brooklin-pizza,https://maps.google.com/?cid=18294500372069291411,mimosa-brooklyn-pizza-tallinn,2,59.435490,24.746180,ChIJyU1EEPeVkkYRkxVx9Cgf4_0
,,,Tassikoogid,4.6,357,$,,Cafe,coffee; cheap-eats,temporarily closed; no hours,"Olevimägi 11, 10123 Tallinn",10123,,,,https://maps.google.com/?cid=4737891105001321691,tassikoogid,1,59.440242,24.748463,ChIJxbqAbPiTkkYR2zQWittewEE
,,,Loiri pagar,4.6,320,,,Manufacturer,restaurant,may not be a restaurant,"Nunne tn 9, 10133 Tallinn",10133,Mon 08:30-19:00; Tue 08:30-19:00; Wed 08:30-19:00; Thu 08:30-19:00; Fri 08:30-19:00; Sat 09:00-19:00; Sun 09:00-17:00,+372 5591 9455,http://www.loiripagar.ee/,https://maps.google.com/?cid=1039648643522053489,loiri-pagar,,59.438638,24.742465,ChIJwci_8GKTkkYRcUVZ2O6SbQ4
,,,Sushi Time,4.6,308,$$,Japanese,Sushi Restaurant,restaurant; asian,outside Tallinn (Viimsi),"Kaluri tee 3, 74001 Viimsi",74001,Mon 12:00-21:00; Tue 12:00-21:00; Wed 12:00-21:00; Thu 12:00-21:00; Fri 12:00-21:00; Sat 12:00-21:00; Sun 12:00-21:00,+372 601 8577,http://www.sushitime.ee/,https://maps.google.com/?cid=8321413909184749765,sushi-time,2,59.509955,24.827827,ChIJab9vjJiSkkYRxaDzldyZe3M
,,pohja-konn,Põhja Konn,4.6,302,$$,,Bar,pub,already published,"Telliskivi tn 60a-5, 10412 Tallinn",10412,Mon 14:00-00:00; Tue 14:00-00:00; Wed 14:00-00:00; Thu 14:00-00:00; Fri 14:00-02:00; Sat 14:00-02:00; Sun 14:00-00:00,+372 5445 0510,http://www.facebook.com/pohjakonnbar,https://maps.google.com/?cid=16235441810259463027,pohja-konn-2,2,59.438936,24.728393,ChIJ1R0rGJqVkkYRc0sKsE7gT-E
,,koho,Telliskivi KoHo,4.6,302,$$,,Restaurant,restaurant,already published,"Telliskivi tn 60-1, 10412 Tallinn",10412,Mon 11:30-22:00; Tue 11:30-22:00; Wed 11:30-22:00; Thu 11:30-22:00; Fri 11:30-23:00; Sat 12:00-23:00; Sun 12:00-21:00,+372 650 1020,https://telliskivi.koho.ee/,https://maps.google.com/?cid=13870300278050355307,telliskivi-koho,2,59.440137,24.730352,ChIJV3MbLN6TkkYRa3gxaZ00fcA
,,,Brööder Kebab,4.6,273,$$,Middle Eastern,Kebab Shop,restaurant,"same address as published ""Cafe Cape Town"" - verify","Kopli tn 1, 10412 Tallinn",10412,Mon 11:30-22:00; Tue 11:30-22:00; Wed 11:30-22:00; Thu 11:30-23:00; Fri 11:30-23:00; Sat 11:30-23:00; Sun 11:30-22:00,+372 5301 3133,https://www.brooderkebab.ee/,https://maps.google.com/?cid=12873932330816473966,brooder-kebab-2,2,59.441190,24.734057,ChIJTzcyUOGTkkYRbou78D5lqbI
,,,Q Pizza&Pan,4.6,272,$$,Pizza,Pizza Restaurant,restaurant,"same address as published ""Pudel"", ""Q Pizza Jaam"", ""Telliskivi Šašlõkk"" - verify","Telliskivi tn 62, 10412 Tallinn",10412,Mon 18:00-02:00; Tue 18:00-02:00; Wed 18:00-02:00; Thu 18:00-03:00; Fri 18:00-05:00; Sat 18:00-05:00; Sun 18:00-06:00,+372 5847 2203,,https://maps.google.com/?cid=8330009548104393285,q-pizza-pan,2,59.440538,24.730682,ChIJe_YwWhKTkkYRReJfuowjmnM
,,,Buxhöwden Pagar Nõmme,4.6,215,$,,Cafe,coffee; cheap-eats,"possible second location of ""Buxhöwden pagar"" (14.3 km away) - verify","Turu plats 8, 11614 Tallinn",11614,Mon 09:00-18:00; Tue 09:00-18:00; Wed 09:00-18:00; Thu 09:00-18:00; Fri 09:00-18:00; Sat 09:00-18:00; Sun 09:00-17:00,+372 512 1602,https://www.facebook.com/BuxhowdenPagar/,https://maps.google.com/?cid=5714284135623294706,buxhowden-pagar-nomme,1,59.389166,24.684903,ChIJTRz9LQWVkkYR8v55USU3TU8
,,,Gloria Veinikelder,4.6,183,,,Restaurant,restaurant,temporarily closed; no hours,"Müürivahe 2, 10130 Tallinn",10130,,+372 640 6804,http://gloriaveinikelder.ee/en/,https://maps.google.com/?cid=5750147333960581495,gloria-veinikelder,,59.434687,24.743792,ChIJEa2h552UkkYRd0Hh3oigzE8
,,,Pelmen Käsitöö Kohvik,4.6,130,$,Eastern European,Eastern European Restaurant,restaurant; cheap-eats,"same address as published ""Cafe Cape Town"" - verify","Kopli tn 1, 10412 Tallinn",10412,Mon 09:00-19:00; Tue 09:00-19:00; Wed 09:00-19:00; Thu 09:00-19:00; Fri 09:00-19:00; Sat 09:00-19:00; Sun 09:00-19:00,+372 5805 1852,https://pelmen.ee/,https://maps.google.com/?cid=6636110848551687459,pelmen-kasitoo-kohvik,1,59.441246,24.734928,ChIJ95y-wbiTkkYRIxUKOqgzGFw
,,,Mahe Punane Telemaja Kohvik,4.6,122,$,,Restaurant,restaurant; cheap-eats,temporarily closed; no hours,"Gonsiori tn 27, 10125 Tallinn",10125,,+372 662 8222,http://www.mahepunane.ee/,https://maps.google.com/?cid=17405594621499452327,mahe-punane-telemaja-kohvik,1,59.434165,24.770686,ChIJi5c1pJ-UkkYRp6vs5hYYjfE
,,,Ramen Taro Ülemiste,4.6,118,$$,Japanese,Ramen Restaurant,restaurant; asian,"possible second location of ""Ramen Taro"" (1.5 km away) - verify","Suur-Sõjamäe tn 4, 11415 Tallinn",11415,Mon 10:00-21:00; Tue 10:00-21:00; Wed 10:00-21:00; Thu 10:00-21:00; Fri 10:00-21:00; Sat 10:00-21:00; Sun 10:00-19:00,+372 335 7335,https://www.ramentaro2023.com/,https://maps.google.com/?cid=10097906274047120505,ramen-taro-ulemiste,2,59.421907,24.794422,ChIJ868Few7rkkYReVTEV0H4Iow
,,,Kanuti Resto,4.6,104,$$,,Restaurant,restaurant,temporarily closed; no hours,"Mere pst 6 e, 10111 Tallinn",10111,,+372 5627 1114,https://www.kanutiresto.ee/,https://maps.google.com/?cid=1842100728965396652,kanuti-resto,2,59.439860,24.754113,ChIJhXS3G36TkkYRrHh4Ztp0kBk
,,,Rollit Sushi,4.6,96,$$,Japanese,Sushi Restaurant,restaurant; asian,temporarily closed; no hours,"Kalaranna tn 8-2, 10415 Tallinn",10415,,+372 5666 3005,http://www.rollit.ee/,https://maps.google.com/?cid=7894121893567431147,rollit-sushi,2,59.447135,24.746577,ChIJreebn-2TkkYR64G4jwmOjW0
,,paper-mill-coffee-volta,Paper Mill Coffee Volta,4.6,94,$,,Bakery,bakery; cheap-eats,already published,"Tööstuse tn 47d, 10416 Tallinn",10416,Mon 08:00-18:00; Tue 08:00-18:00; Wed 08:00-18:00; Thu 08:00-18:00; Fri 08:00-18:00; Sat 09:00-17:00; Sun 09:00-17:00,+372 655 0072,https://www.papermill.coffee/,https://maps.google.com/?cid=16465211132816900088,paper-mill-coffee-volta-2,1,59.449952,24.723541,ChIJCRAMjrCTkkYR-L9b80kugOQ
,,kalve-kadriorg,KALVE Kadriorg,4.6,60,$,,Coffee Shop,coffee; cheap-eats,already published,"F. R. Faehlmanni tn 13, 10125 Tallinn",10125,Mon 08:00-18:00; Tue 08:00-18:00; Wed 08:00-18:00; Thu 08:00-18:00; Fri 08:00-18:00; Sat 09:00-17:00; Sun 09:00-17:00,+372 5826 7165,http://kalvecoffee.com/?utm_source=google&utm_medium=gbp&utm_campaign=locations,https://maps.google.com/?cid=4213526038551304192,kalve-kadriorg-2,1,59.435048,24.773213,ChIJNWENsN2TkkYRAJi1m5tzeTo
,,,Fries kiosk,4.6,54,$$,American,Hamburger Restaurant,restaurant,thin review count,"Aia tn 8, 10111 Tallinn",10111,Mon 11:00-21:00; Tue 11:00-21:00; Wed 11:00-21:00; Thu 11:00-21:00; Fri 11:00-23:00; Sat 11:00-23:00; Sun 11:00-21:00,+372 5376 5836,,https://maps.google.com/?cid=11924266223455606587,fries-kiosk,2,59.438061,24.751552,ChIJ3RYqJIuTkkYRO5dC6POAe6U
,,,Otaku,4.6,51,$,Japanese,Izakaya Restaurant,restaurant; asian; cheap-eats,thin review count,"West Annex, Kopli tn 4, 10412 Tallinn",10412,Mon closed; Tue closed; Wed 20:00-03:00; Thu 20:00-03:00; Fri 20:00-03:00; Sat 20:00-04:00; Sun closed,,,https://maps.google.com/?cid=11167276066319309347,otaku,1,59.441221,24.737319,ChIJM_buwLSTkkYRIxqvYWoi-po
,,,Siilisahver lõunarestoran,4.6,51,$,,Restaurant,restaurant; cheap-eats,temporarily closed; thin review count; no hours,"Maakri tn 19-3 korrus, 10145 Tallinn",10145,,+372 5656 1799,https://www.facebook.com/pages/category/Restaurant/SiiliSahver-2159253667645412/,https://maps.google.com/?cid=8613617060771235753,siilisahver-lounarestoran,1,59.433317,24.760115,ChIJSc_796mTkkYRqYeDchS3iXc
,,,Kotzebue Bakery,4.6,50,,,Bakery,bakery,thin review count,"Toom-Kuninga tn 21, 10122 Tallinn",10122,Mon closed; Tue 09:00-14:00; Wed 09:00-14:00; Thu 09:00-14:00; Fri 09:00-14:00; Sat closed; Sun closed,+372 600 5080,https://www.facebook.com/KotzebueBakery/,https://maps.google.com/?cid=12451463240794399395,kotzebue-bakery,,59.426725,24.736311,ChIJs0ZVbnyTkkYRo2Jiydh7zKw
,,,Caffeine EE,4.6,45,$,,Coffee Shop,coffee; cheap-eats,thin review count,"Ehitajate tee 5, 12611 Tallinn",12611,Mon 08:00-19:00; Tue 08:00-19:00; Wed 08:00-19:00; Thu 08:00-19:00; Fri 08:00-19:00; Sat closed; Sun closed,+372 5912 6695,https://caffeine.ee/meie-kohvikud-tallinnas/,https://maps.google.com/?cid=10616670154956183849,caffeine-ee,1,59.395308,24.671982,ChIJ-8A69JyVkkYRKZmno0H9VZM
,,,Kiisu Kohvik,4.6,44,$,,Restaurant,restaurant; cheap-eats,thin review count,"Kassi tn 4, 12618 Tallinn",12618,Mon 08:00-15:00; Tue 08:00-15:00; Wed 08:00-15:00; Thu 08:00-15:00; Fri 08:00-15:00; Sat closed; Sun closed,,,https://maps.google.com/?cid=10391292009401351704,kiisu-kohvik,1,59.401871,24.646999,ChIJ-V-h4WeVkkYRGP648QZJNZA
,,,Pelmen Balti Jaam,4.6,42,$$,Eastern European,Eastern European Restaurant,restaurant,thin review count,"Balti jaama lilleputkad, Kopli tn 4c, 10412 Tallinn",10412,Mon 10:30-18:30; Tue 10:30-18:30; Wed 10:30-18:30; Thu 10:30-18:30; Fri 10:30-18:30; Sat 10:30-16:55; Sun 10:30-16:55,,,https://maps.google.com/?cid=4792350011421200775,pelmen-balti-jaam,2,59.441002,24.735589,ChIJ9RhxURGTkkYRh5EZxvHYgUI
,,,Värav Volta,4.6,41,$$,,Breakfast Restaurant,restaurant,thin review count,"Volta tn 1a, 10411 Tallinn",10411,Mon 08:00-17:00; Tue 08:00-17:00; Wed 08:00-17:00; Thu 08:00-17:00; Fri 08:00-17:00; Sat 09:00-16:00; Sun 09:00-16:00,,,https://maps.google.com/?cid=17644475813838682176,varav-volta,2,59.445514,24.723502,ChIJX1xwsUOTkkYRQHjTq0TF3fQ
,,,Q Lounge - Estonian Craft Beer,4.6,40,$$,,Bar,pub,temporarily closed; thin review count; no hours,"Harju tn 5, 10146 Tallinn",10146,,+372 5907 8978,https://qlounge.choiceqr.com/online-menu,https://maps.google.com/?cid=7539157514848314683,q-lounge-estonian-craft-beer,2,59.435584,24.744142,ChIJLTqTxkeVkkYROyVAytB3oGg
,,,Port Resto & Kondiiter,4.6,38,$,,Restaurant,restaurant; cheap-eats,temporarily closed; thin review count; no hours,"Laeva tn 1, 10111 Tallinn",10111,,+372 5679 1121,https://www.facebook.com/profile.php?id=61554864201621,https://maps.google.com/?cid=10968059404902372697,port-resto-kondiiter,1,59.441097,24.757968,ChIJI_yzXb2TkkYRWZWW4OpfNpg
,,,Gin Spot Bar (One of Tallinn’s most unique gin-focused cocktail bars),4.6,36,$$,,Bar,pub,thin review count,"Telliskivi tn 60-2, 15073 Tallinn",15073,Mon closed; Tue closed; Wed 15:00-23:00; Thu 15:00-23:00; Fri 15:00-01:00; Sat 15:00-01:00; Sun closed,+372 5551 5299,https://www.ginqueens.com/,https://maps.google.com/?cid=13474140485053153971,gin-spot-bar-one-of-tallinns-most-unique-gin-focused-cocktail-ba,2,59.439463,24.732539,ChIJ49jrP-iTkkYRs4JN0WHD_bo
,,,Marhaba,4.6,36,$,Middle Eastern,Middle Eastern Restaurant,restaurant; cheap-eats,temporarily closed; thin review count; no hours,"Tare tn 14, 10135 Tallinn",10135,,+372 5804 1559,,https://maps.google.com/?cid=151849201594673717,marhaba,1,59.423039,24.751025,ChIJ52k9YmqVkkYRNSp6WAt6GwI
,,,Pelgu Pagar,4.6,32,$,,Bakery,bakery; cheap-eats,thin review count,"Ristiku tn 12, 10612 Tallinn",10612,Mon 10:00-14:00; Tue 10:00-14:00; Wed 10:00-14:00; Thu 10:00-14:00; Fri 08:00-15:00; Sat 09:00-15:00; Sun closed,+372 5637 0380,http://pelgupagar.ee/,https://maps.google.com/?cid=1658806659283341188,pelgu-pagar,1,59.436968,24.719008,ChIJpYYGEwCVkkYRhM-iLd5DBRc
,,,Bill the Butcher Solaris,4.6,29,$$,,Fast Food Restaurant,restaurant,thin review count,"Estonia pst 9, 10143 Tallinn",10143,Mon 10:45-21:00; Tue 10:45-21:00; Wed 10:45-21:00; Thu 10:45-21:00; Fri 10:45-22:00; Sat 10:45-22:00; Sun 11:00-21:00,+372 5596 4990,,https://maps.google.com/?cid=2751705729303352598,bill-the-butcher-solaris,2,59.433340,24.751781,ChIJVXUsLgCVkkYRFpWIGcgFMCY
,,,Masinaruum,4.6,25,,,Caterer,restaurant,may not be a restaurant; thin review count,"Vana-Lõuna tn 39-5, 10134 Tallinn",10134,Mon 09:00-15:00; Tue 09:00-15:00; Wed 09:00-15:00; Thu 09:00-15:00; Fri 09:00-14:30; Sat closed; Sun closed,+372 660 5645,https://www.masinaruum.ee/,https://maps.google.com/?cid=3389576698584617977,masinaruum,,59.420890,24.744460,ChIJVWxdcpiUkkYR-dMTcgwyCi8
,,,Restoran Olde Hansa,4.5,12239,$$$,,Restaurant,restaurant,"possible second location of ""HAN's Restoran"" (0.9 km away) - verify","Vana turg 1, 10140 Tallinn",10140,Mon 11:00-00:00; Tue 11:00-00:00; Wed 11:00-00:00; Thu 11:00-00:00; Fri 11:00-00:00; Sat 11:00-00:00; Sun 11:00-00:00,+372 627 9020,http://www.oldehansa.com/,https://maps.google.com/?cid=17345284877487964765,restoran-olde-hansa,3,59.436670,24.745920,ChIJn6UcG2KTkkYRXQKgYrLUtvA
,,hell-hunt,Hell Hunt,4.5,6194,$$,,Pub,pub,already published,"Pikk tn 39, 10133 Tallinn",10133,Mon 12:00-00:00; Tue 12:00-00:00; Wed 12:00-00:00; Thu 12:00-01:30; Fri 12:00-02:00; Sat 12:00-02:00; Sun 12:00-00:00,+372 681 8333,http://www.hellhunt.ee/,https://maps.google.com/?cid=79885806357947471,hell-hunt-2,2,59.439371,24.746660,ChIJo0Z2t2OTkkYRT6SPtrfPGwE
,,vana-villem,Vana Villem Pub,4.5,4373,$$,,Pub,pub,already published,"Tartu mnt 50, 10115 Tallinn",10115,Mon 11:00-23:00; Tue 11:00-23:00; Wed 11:00-00:00; Thu 11:00-00:00; Fri 11:00-00:00; Sat 11:00-00:00; Sun 11:00-23:00,+372 601 0782,http://www.villemipubid.ee/vana-villem/,https://maps.google.com/?cid=10294594418400701296,vana-villem-pub,2,59.430318,24.770797,ChIJbzMX76eUkkYRcCt-lxS_3Y4
,,,Restaurant Argentina,4.5,3106,$$$,Argentinian,Argentinian Restaurant,restaurant,temporarily closed; no hours,"Valge Maja, Tartu mnt 63, 10115 Tallinn",10115,,+372 660 5177,https://argentiina.ee/,https://maps.google.com/?cid=484739581257730534,restaurant-argentina,3,59.429549,24.774147,ChIJ7aKAL5mUkkYR5klwtRQkugY
,,,Bruxx - New Belgian,4.5,2081,$$,Belgian,Belgian Restaurant,restaurant,"same address as published ""Pühaste Taproom"" - verify","Rotermanni tn 2, 10111 Tallinn",10111,Mon 12:00-00:00; Tue 12:00-00:00; Wed 12:00-00:00; Thu 12:00-00:00; Fri 12:00-00:00; Sat 12:00-00:00; Sun 12:00-00:00,+372 5551 9945,http://www.bruxx.ee/,https://maps.google.com/?cid=18332381487906897821,bruxx-new-belgian,2,59.438284,24.757757,ChIJ5ewg6NeTkkYRnT-jidWzaf4
,,,Humalakoda Pub Restaurant Brewery,4.5,1825,$$,,Restaurant,restaurant,"same address as published ""Cafe Cape Town"" - verify","Kopli tn 1, 10412 Tallinn",10412,Mon 12:00-22:00; Tue 12:00-22:00; Wed 12:00-00:00; Thu 12:00-00:00; Fri 12:00-00:00; Sat 12:00-00:00; Sun 12:00-19:00,+372 699 9960,http://www.humalakoda.ee/,https://maps.google.com/?cid=13137215231631702448,humalakoda-pub-restaurant-brewery,2,59.440698,24.735349,ChIJl0ckHX2TkkYRsDlCM6bDULY
,,,Depeche Mode Baar,4.5,1464,$$,,Bar,pub,"same address as published ""Karu Talu Šokolaad"" - verify","Voorimehe 4, 10146 Tallinn",10146,Mon 18:00-02:00; Tue 18:00-02:00; Wed 18:00-02:00; Thu 18:00-02:00; Fri 18:00-02:00; Sat 18:00-02:00; Sun 18:00-02:00,,http://www.depechemode.ee/,https://maps.google.com/?cid=376203916208738752,depeche-mode-baar,2,59.437538,24.744156,ChIJOZnAWGKTkkYRwJG79HeLOAU
,,,Lore Bistroo,4.5,1348,$$$,,Restaurant,restaurant,"same address as published ""KotKot"" - verify","Peetri tn 12, 10415 Tallinn",10415,Mon 12:00-22:00; Tue 12:00-22:00; Wed 12:00-22:00; Thu 12:00-22:00; Fri 12:00-23:00; Sat 12:00-23:00; Sun 13:00-20:00,+372 511 8613,http://lorebistroo.ee/,https://maps.google.com/?cid=12852526818647826149,lore-bistroo,3,59.452620,24.730812,ChIJE7kMbseTkkYR5V6vwwtZXbI
,,pudel,Pudel,4.5,1252,$$,,Bar,pub,already published,"Telliskivi tn 62, 10412 Tallinn",10412,"Mon 17:30-00:00; Tue 17:30-00:00; Wed 17:30-00:00; Thu 17:30-00:00; Fri 00:30-02:00, 17:00-02:00; Sat 14:00-02:00; Sun 14:00-00:00",+372 5866 4496,http://pudel.ee/,https://maps.google.com/?cid=12677884769511634904,pudel-2,2,59.440543,24.731920,ChIJS4pp8H2TkkYR2HcTDgfl8K8
,,,Samsa Family Bakers,4.5,1041,$$,,Restaurant,restaurant,"same address as published ""Cafe Cape Town"" - verify","Toompuiestee 37A, Kopli tn 1, 10412 Tallinn",10412,Mon 09:00-19:00; Tue 09:00-19:00; Wed 09:00-19:00; Thu 09:00-19:00; Fri 09:00-19:00; Sat 09:00-19:00; Sun 09:00-17:00,+372 5550 0310,https://samsafamilybakers.ee/,https://maps.google.com/?cid=465153304036645646,samsa-family-bakers,2,59.441091,24.736323,ChIJT7KMjFyUkkYRDhs0LXeOdAY
,,,Meat&Fire (Türgi BBQ),4.5,950,$$,Middle Eastern,Turkish Restaurant,restaurant,"same address as published ""Burger Box"" - verify","Kopli tn 4a, 10412 Tallinn",10412,Mon 11:00-01:00; Tue 11:00-01:00; Wed 11:00-01:00; Thu 11:00-01:00; Fri 11:00-02:00; Sat 11:00-02:00; Sun 11:00-01:00,+372 5334 0626,https://turgibbq.ee/,https://maps.google.com/?cid=16657677165777058130,meat-fire-turgi-bbq,2,59.441284,24.736932,ChIJv5NyQZKTkkYRUvlGSSD1K-c
,,,KAI Estonia,4.5,736,$$,Japanese,Restaurant,restaurant; asian,temporarily closed; no hours,"Mere pst 20c, 10111 Tallinn",10111,,+372 755 6000,http://kairesto.ee/,https://maps.google.com/?cid=10509044950529155209,kai-estonia,2,59.448160,24.753303,ChIJNWPMs3GTkkYRiSDnBLSg15E
,,,Argo baar,4.5,735,$$,Eastern European,Eastern European Restaurant,restaurant,"same address as published ""Magussoolane"" - verify","F. R. Faehlmanni tn 3, 10125 Tallinn",10125,Mon 11:00-22:00; Tue 11:00-22:00; Wed 11:00-22:00; Thu 11:00-22:00; Fri 11:00-22:00; Sat 11:00-22:00; Sun 11:00-21:00,+372 601 5660,http://argoresto.ee/,https://maps.google.com/?cid=5850502670185337836,argo-baar,2,59.435178,24.769793,ChIJBdogx4-UkkYR7BPfZS4pMVE
,,,China Red,4.5,612,$$,Chinese,Chinese Restaurant,restaurant; asian,outside Tallinn (Haabneeme),"Sõpruse tee 8, 74001 Haabneeme",74001,Mon 11:30-20:30; Tue 11:30-20:30; Wed 11:30-20:30; Thu 11:30-20:30; Fri 11:30-21:00; Sat 11:30-21:00; Sun 11:30-20:30,+372 609 0280,http://chinared.ee/,https://maps.google.com/?cid=11768554826831639746,china-red,2,59.506893,24.824950,ChIJycP5h5mSkkYRwjQCNUNOUqM
,,,Siesta Tapas & Bar,4.5,430,$$,,Restaurant,restaurant,"same address as published ""Pühaste Taproom"" - verify","Rotermanni tn 2, 10111 Tallinn",10111,Mon 16:00-00:00; Tue 16:00-00:00; Wed 16:00-00:00; Thu 16:00-00:00; Fri 13:00-02:00; Sat 13:00-02:00; Sun 13:00-00:00,+372 5454 0181,https://siestatallinn.ee/,https://maps.google.com/?cid=15006420819921998140,siesta-tapas-bar,2,59.438611,24.758137,ChIJsVOU20yTkkYRPBF6cTqEQdA
,,mikkeller-old-town,Mikkeller Tallinn Old Town,4.5,375,$$,,Bar,pub,already published,"Kullassepa tn 4, 10146 Tallinn",10146,Mon 12:00-00:00; Tue 12:00-00:00; Wed 12:00-00:00; Thu 12:00-00:00; Fri 12:00-01:00; Sat 12:00-01:00; Sun 12:00-22:00,+372 5445 0150,https://mikkeller.ee/,https://maps.google.com/?cid=18423526877660367746,mikkeller-tallinn-old-town,2,59.436520,24.744409,ChIJI5NadU2TkkYRgsvOTBWErf8
,,,Bosphorus,4.5,343,$$,,Cafe,coffee,temporarily closed; no hours,"Narva mnt 7d, 10117 Tallinn",10117,,+372 669 6782,https://www.facebook.com/boshorus.tallinn,https://maps.google.com/?cid=2156086570432478083,bosphorus,2,59.438030,24.760957,ChIJWWLvHF6TkkYRgzue90_16x0
,,,Barbarea,4.5,316,$$$,,Restaurant,restaurant,temporarily closed; no hours,"Marati tn 5, 11713 Tallinn",11713,,+372 5887 9777,https://barbarea.ee/,https://maps.google.com/?cid=7983750184864934090,barbarea,3,59.456193,24.674781,ChIJ-Yd5kWeTkkYRymhVUH76y24
,,,Botik,4.5,270,$$,,Bar,pub,no hours,"Marati tn 5, 11712 Tallinn",11712,,,https://botikaed.ee/,https://maps.google.com/?cid=426534599756889544,botik,2,59.456223,24.673441,ChIJ26JNFNKTkkYRyD3sZvVa6wU
,,,Magnet Lounge,4.5,259,$$,,Bar,pub,"same address as published ""La Boulangerie"" - verify","Poordi 3, 10156 Tallinn",10156,Mon 11:00-23:00; Tue 11:00-23:00; Wed 11:00-23:00; Thu 11:00-23:00; Fri 11:00-02:00; Sat 12:00-02:00; Sun 12:00-23:00,+372 5376 6679,http://www.magnetlounge.ee/,https://maps.google.com/?cid=17618434388427440789,magnet-lounge,2,59.441544,24.754686,ChIJjQ3olmaTkkYRlYK-1LpAgfQ
,,,Restoran Merineitsi,4.5,197,$$$$,,Restaurant,restaurant; fine-dining,no hours,"Viru väljak 4, 10111 Tallinn",10111,,+372 680 9300,https://www.facebook.com/RestoranMerineitsi,https://maps.google.com/?cid=10761133316416035390,restoran-merineitsi,4,59.436632,24.754494,ChIJYcSJVWCTkkYRPlqZgbw5V5U
,,,Amici Resto & Pizzeria,4.5,184,$$,Italian,Italian Restaurant,restaurant,temporarily closed; no hours,"Amici resto & pizzeria, Tartu mnt 84a, 10112 Tallinn",10112,,+372 523 2315,https://amici.ee/,https://maps.google.com/?cid=7142269937111130409,amici-resto-pizzeria,2,59.425382,24.780925,ChIJeyxM7XuVkkYRKeF1m6pwHmM
,,,Söökla - Megakringel OÜ,4.5,180,$,,Restaurant,restaurant; cheap-eats,"possible second location of ""Kringel"" (6.9 km away) - verify","Betooni tn 7, 11415 Tallinn",11415,Mon 09:00-15:00; Tue 09:00-15:00; Wed 09:00-15:00; Thu 09:00-15:00; Fri 09:00-15:00; Sat closed; Sun closed,+372 5816 5665,,https://maps.google.com/?cid=16891772313726086100,sookla-megakringel-ou,1,59.425685,24.861796,ChIJLfiQsVXrkkYR1OtrQmyha-o
,,,UMA Restoran,4.5,146,$$$,Asian,Asian Restaurant,restaurant; asian,"same address as published ""KotKot"" - verify","Peetri tn 12, 10415 Tallinn",10415,Mon closed; Tue 17:30-22:00; Wed 17:30-22:00; Thu 17:30-22:00; Fri 17:30-23:00; Sat 17:30-23:00; Sun closed,+372 5455 0200,https://www.umaresto.ee/,https://maps.google.com/?cid=934052122290113043,uma-restoran,3,59.452410,24.730495,ChIJkTHCSleTkkYRE0rN1nRr9gw
,,cafe-tempo,Cafe Tempo,4.5,109,$$,,Restaurant,restaurant,already published,"Reisijate tn 62-3, 10412 Tallinn",10412,Mon 17:00-23:00; Tue 17:00-23:00; Wed 17:00-23:00; Thu 17:00-23:00; Fri 17:00-23:00; Sat 16:00-23:00; Sun closed,+372 5397 9111,https://cafetempo.ee/,https://maps.google.com/?cid=17614984719122248807,cafe-tempo-2,2,59.441043,24.733447,ChIJ4xRpZQCTkkYRZzQ3G0b_dPQ
,,,HAN’s Street Food BALTI,4.5,91,$$,Chinese,Chinese Restaurant,restaurant; asian,"possible second location of ""HAN's Restoran"" (1.7 km away) - verify","Kopli tn 1, 10412 Tallinn",10412,Mon 09:00-20:00; Tue 09:00-20:00; Wed 09:00-20:00; Thu 09:00-20:00; Fri 09:00-20:00; Sat 09:00-20:00; Sun 09:00-18:00,,https://www.instagram.com/hans_streetfood,https://maps.google.com/?cid=15534941323969148700,hans-street-food-balti,2,59.441242,24.734908,ChIJ1fbG_TWTkkYRHLe3ldMyl9c
,,,SÕÕRIKU JAAM (Balti Jaama Turg),4.5,82,,,Food,restaurant,"same address as published ""Cafe Cape Town"" - verify; may not be a restaurant","Balti Jaama Turg, Kopli tn 1, 10412 Tallinn",10412,Mon 09:00-19:00; Tue 09:00-19:00; Wed 09:00-19:00; Thu 09:00-19:00; Fri 09:00-19:00; Sat 09:00-19:00; Sun 09:00-17:00,+372 552 1559,https://www.soorikujaam.ee/,https://maps.google.com/?cid=3363718882483176388,sooriku-jaam-balti-jaama-turg,,59.441173,24.735951,ChIJsRgOT26TkkYRxAOveoBUri4
,,,Ruchi Restoran,4.5,59,$$,Thai,Indian Restaurant,restaurant; asian,thin review count,"Kalaranna tn 8-4, 10415 Tallinn",10415,Mon 10:30-22:00; Tue 10:30-22:00; Wed 10:30-22:00; Thu 10:30-22:00; Fri 10:30-22:00; Sat 10:30-22:00; Sun 10:30-22:00,+372 5590 5974,https://www.ruchiresto.ee/en/,https://maps.google.com/?cid=14794707609132629753,ruchi-restoran,2,59.447297,24.746325,ChIJO1w2zJ2TkkYR-X4eTi9cUc0
,,,Amijami Sushi Haabersti,4.5,47,$$,Japanese,Sushi Restaurant,restaurant; asian,thin review count,"Amijami Sushi, Lahepea tn 11, 10617 Tallinn",10617,Mon 11:30-22:00; Tue 11:30-22:00; Wed 11:30-22:00; Thu 11:30-22:00; Fri 11:30-22:00; Sat 11:30-22:00; Sun 11:30-22:00,+372 5559 5560,https://tellimus.amijami.ee/amijami-sushi-haabersti,https://maps.google.com/?cid=1460874298086352733,amijami-sushi-haabersti,2,59.433256,24.684680,ChIJGxvvapiVkkYRXWfvHm8RRhQ
,,,Muhu Pagarid Balti jaama turg,4.5,45,$,,Bakery,bakery; cheap-eats,thin review count,"Tallinn, 10412 Tallinn",10412,Mon 09:00-19:00; Tue 09:00-19:00; Wed 09:00-19:00; Thu 09:00-19:00; Fri 09:00-19:00; Sat 09:00-19:00; Sun 09:00-17:00,,https://muhuleib.ee/,https://maps.google.com/?cid=8254393091548189228,muhu-pagarid-balti-jaama-turg,1,59.440850,24.734911,ChIJW47SE-GTkkYRLBIresh-jXI
,,,Tondiraba kohvik,4.5,43,$,,Cafe,coffee; cheap-eats,thin review count,"Varraku tn 16, 13917 Tallinn",13917,Mon 10:00-22:00; Tue 10:00-22:00; Wed 10:00-22:00; Thu 10:00-22:00; Fri 10:00-22:00; Sat 10:00-22:00; Sun 10:00-22:00,+372 755 5008,,https://maps.google.com/?cid=9123422875093790140,tondiraba-kohvik,1,59.446294,24.847551,ChIJfbLcSx3tkkYRvG2jVcTonH4
,,,Cafe Super Service,4.5,40,,,Cafeteria,coffee,thin review count,"Laki tn 25, 12915 Tallinn",12915,Mon 09:00-15:00; Tue 09:00-15:00; Wed 09:00-15:00; Thu 09:00-15:00; Fri 09:00-15:00; Sat closed; Sun closed,+372 5357 6027,http://www.superservicekohvik.weebly.com/,https://maps.google.com/?cid=15824743302169436757,cafe-super-service,,59.411259,24.676752,ChIJfTdYP1eUkkYRVSKNszDInNs
,,,Savoy Baar,4.5,33,$$,,Bar,pub,thin review count,"Suur-Karja tn 17, 10148 Tallinn",10148,Mon 14:00-00:00; Tue 14:00-00:00; Wed 14:00-00:00; Thu 14:00-00:00; Fri 14:00-01:00; Sat 14:00-01:00; Sun closed,+372 5557 7393,,https://maps.google.com/?cid=14541040669306369176,savoy-baar,2,59.435123,24.746904,ChIJAbIN5B2VkkYRmLSDbnInzMk
,,,Resto Seitse,4.5,31,$,,Bistro,restaurant; cheap-eats,thin review count,"Järvevana tee 7b, 10112 Tallinn",10112,Mon 11:00-15:00; Tue 11:00-15:00; Wed 11:00-15:00; Thu 11:00-15:00; Fri 11:00-15:00; Sat closed; Sun closed,+372 5194 5025,https://www.facebook.com/profile.php?id=100040334874991,https://maps.google.com/?cid=2029718033859163942,resto-seitse,1,59.414315,24.762084,ChIJP6mfAWOVkkYRJjdhQswBKxw
,,,Rabbit Hole Resto,4.5,25,$$,,Restaurant,restaurant,thin review count,"Sauna tn 5, 10140 Tallinn",10140,Mon 12:00-22:00; Tue 12:00-22:00; Wed 12:00-22:00; Thu 12:00-22:00; Fri 12:00-22:00; Sat 12:00-22:00; Sun 12:00-22:00,+372 5802 3808,,https://maps.google.com/?cid=13394526451468862081,rabbit-hole-resto,2,59.436673,24.748386,ChIJ20Bjr0iTkkYRgQJgItfq4rk
,,f-hoone,F-Hoone,4.4,6498,$$,,Restaurant,restaurant,already published,"Telliskivi tn 60a-4, 10412 Tallinn",10412,Mon 10:00-23:00; Tue 10:00-23:00; Wed 10:00-23:00; Thu 10:00-23:00; Fri 10:00-00:00; Sat 10:00-00:00; Sun 10:00-22:00,+372 5322 6855,http://www.fhoone.ee/,https://maps.google.com/?cid=7552922166330042039,f-hoone-2,2,59.439709,24.729211,ChIJQZ7mwn2TkkYRt6ZGdLFe0Wg
,,,Pirosmani Restaurant,4.4,2996,$$,Eastern European,Eastern European Restaurant,restaurant,"possible second location of ""Pirosmani"" (8.0 km away) - verify","Üliõpilaste tee 1, 12616 Tallinn",12616,Mon 10:00-23:00; Tue 10:00-23:00; Wed 10:00-23:00; Thu 10:00-23:00; Fri 10:00-23:00; Sat 10:00-23:00; Sun 10:00-23:00,+372 639 3246,http://pirosmani.ee/,https://maps.google.com/?cid=7851879494271060344,pirosmani-restaurant,2,59.392525,24.673853,ChIJcVOw8QaVkkYReEkzi8x692w
,,,Restaurant Munga Kelder,4.4,1873,$$,Italian,Restaurant,restaurant,no hours,"Vene tn 12a, 10123 Tallinn",10123,,+372 644 4614,http://www.mungakelder.ee/,https://maps.google.com/?cid=17967088351032378638,restaurant-munga-kelder,2,59.437761,24.747660,ChIJ2TO3KGKTkkYRDgVYW6nrV_k
,,,One Sixty Smokehouse,4.4,1550,$$,Barbecue,Barbecue Restaurant,restaurant,"same address as published ""Pudel"", ""Q Pizza Jaam"", ""Telliskivi Šašlõkk"" - verify","Telliskivi tn 62, 10412 Tallinn",10412,Mon 16:00-22:00; Tue 12:00-22:00; Wed 12:00-22:00; Thu 12:00-23:00; Fri 12:00-23:00; Sat 12:00-23:00; Sun 12:00-20:00,+372 601 9007,https://www.onesixty.ee/,https://maps.google.com/?cid=3570843458714064645,one-sixty-smokehouse,2,59.440799,24.731100,ChIJWULez_qTkkYRBdct4TQvjjE
,,,R14,4.4,1311,$$$,,Restaurant,restaurant,"same address as published ""Gobi"" - verify","Rotermanni tn 14, 10111 Tallinn",10111,Mon 11:00-23:00; Tue 11:00-23:00; Wed 11:00-23:00; Thu 11:00-23:00; Fri 11:00-00:00; Sat 12:00-00:00; Sun 12:00-21:00,+372 5855 8120,https://www.r14.ee/,https://maps.google.com/?cid=13169191903893654881,r14,3,59.439258,24.757952,ChIJ0y_LzWCTkkYRYQ2IYkNewrY
,,pirosmani,Pirosmani,4.4,1176,$$,Eastern European,Eastern European Restaurant,restaurant,already published,"Tartu mnt 157, 10112 Tallinn",10112,Mon 10:00-22:00; Tue 10:00-22:00; Wed 10:00-22:00; Thu 10:00-22:00; Fri 10:00-23:00; Sat 10:00-23:00; Sun 11:00-22:00,+372 609 9778,http://pirosmani.ee/,https://maps.google.com/?cid=10719194729253050334,pirosmani-2,2,59.402619,24.813618,ChIJiaBl4UHrkkYR3hdeQ9A6wpQ
,,,VLND Burger Balti Jaama Turul,4.4,813,$$,American,Hamburger Restaurant,restaurant,"same address as published ""Cafe Cape Town"" - verify","Kopli tn 1, 10412 Tallinn",10412,"Mon 11:00-15:00, 16:00-20:00; Tue 11:00-15:00, 16:00-20:00; Wed 11:00-15:00, 16:00-20:00; Thu 11:00-15:00, 16:00-20:00; Fri 11:00-15:00, 16:00-20:00; Sat 11:00-15:00, 16:00-20:00; Sun 11:00-15:00, 16:00-18:00",+372 5397 7171,http://vlndburger.ee/,https://maps.google.com/?cid=8895630995944388589,vlnd-burger-balti-jaama-turul,2,59.441142,24.735023,ChIJlUWVYqmTkkYR7Tc4fkKhc3s
,,,Shaurma Kebab,4.4,792,$,Middle Eastern,Turkish Restaurant,restaurant; cheap-eats,"possible second location of ""Shaurma Kebab Linnamäe"" (10.9 km away) - verify","Sõpruse pst 210a, 13416 Tallinn",13416,Mon 00:00-24:00; Tue 00:00-24:00; Wed 00:00-24:00; Thu 00:00-24:00; Fri 00:00-24:00; Sat 00:00-24:00; Sun 00:00-24:00,+372 5846 9090,https://shaurmakebab.ee/et,https://maps.google.com/?cid=13659084130139887157,shaurma-kebab,1,59.403510,24.698650,ChIJq42AxIyVkkYRNdYpvqXQjr0
,,fotografiska,Fotografiska Tallinn Restaurant & Rooftop Bar,4.4,618,,,Restaurant,restaurant,already published,"Telliskivi tn 60a-8, 10412 Tallinn",10412,Mon closed; Tue 18:00-00:00; Wed 18:00-00:00; Thu 18:00-00:00; Fri 12:00-01:00; Sat 12:00-01:00; Sun 12:00-18:00,+372 5745 0922,https://tallinn.fotografiska.com/en/restaurants/fotografiska-restaurant,https://maps.google.com/?cid=1801512774774097603,fotografiska-tallinn-restaurant-rooftop-bar,,59.438356,24.728441,ChIJ-1KlnkqVkkYRwwa95lJCABk
,,,Sesoon,4.4,614,,,Restaurant,restaurant,no hours,"Kalma tn 9, 10414 Tallinn",10414,,+372 5866 5558,http://kohviksesoon.ee/,https://maps.google.com/?cid=8822835648206940515,sesoon,,59.443041,24.735568,ChIJQWJxZnuTkkYRYykH00YCcXo
,,,NOY City,4.4,478,$$,Mediterranean,Mediterranean Restaurant,restaurant,temporarily closed; no hours,"Tuukri tn 26-10151, 10151 Tallinn",10151,,+372 640 0325,,https://maps.google.com/?cid=16657676426338226220,noy-city,2,59.439465,24.766207,ChIJmQFCtl2TkkYRLNBJH3T0K-c
,,,Armudu Peetri,4.4,432,$$,Middle Eastern,Restaurant,restaurant,outside Tallinn (Peetri),"Veesaare tee 2, 75312 Peetri",75312,Mon 11:00-22:00; Tue 11:00-22:00; Wed 11:00-22:00; Thu 11:00-22:00; Fri 11:00-23:00; Sat 11:00-23:00; Sun 11:00-22:00,+372 600 8683,https://www.restoranarmudu.ee/et,https://maps.google.com/?cid=6533068993291108235,armudu-peetri,2,59.401997,24.811497,ChIJv1ro0arrkkYRiz88vqIfqlo
,,,Bogapott Ceramic,4.4,369,,,Manufacturer,restaurant,may not be a restaurant,"Vana-Kalamaja tn 8, 10412 Tallinn",10412,Mon 12:00-18:30; Tue 12:00-18:30; Wed 12:00-18:30; Thu 12:00-18:30; Fri 12:00-18:30; Sat 12:00-18:30; Sun 12:00-18:30,+372 5656 3336,https://bogapott.eu/,https://maps.google.com/?cid=4017755944344647015,bogapott-ceramic,,59.442227,24.738855,ChIJ3SXogp2UkkYRZ3XgkL7vwTc
,,,Urban bar tallinn,4.4,368,$$,,Bar,pub,temporarily closed; no hours,"Roseni tn 9, 10111 Tallinn",10111,,+372 5884 8575,http://www.urbanbar.ee/,https://maps.google.com/?cid=13353890689410398787,urban-bar-tallinn,2,59.439242,24.755018,ChIJv7xRSXiTkkYRQ_qzf9SMUrk
,,,Tšungel,4.4,265,$$,,Restaurant,restaurant,"same address as published ""Cafe Cape Town"" - verify","Kopli tn 1, 10412 Tallinn",10412,Mon 14:00-23:00; Tue 12:00-23:00; Wed 12:00-03:00; Thu 12:00-03:00; Fri 12:00-04:00; Sat 12:00-04:00; Sun 12:00-22:00,+372 5367 5499,http://tsungel.ee/,https://maps.google.com/?cid=16606972395884575688,tsungel,2,59.440862,24.733795,ChIJfzlNPmaTkkYRyPtqE2jRd-Y
,,,Loco Rolls,4.4,256,$$,,Restaurant,restaurant,"same address as published ""Cafe Cape Town"" - verify","Kopli tn 1, 10412 Tallinn",10412,Mon 09:00-20:00; Tue 09:00-20:00; Wed 09:00-20:00; Thu 09:00-20:00; Fri 09:00-20:00; Sat 09:00-20:00; Sun 09:00-18:00,+372 5686 8038,https://locorolls.ee/,https://maps.google.com/?cid=11584100566089547989,loco-rolls,2,59.441031,24.735306,ChIJpbgwBn2TkkYR1UAr9Bb-wqA
,,,JENK BBQ,4.4,234,$$$,,Restaurant,restaurant,"same address as published ""Gobi"" - verify","Rotermanni tn 14, 10111 Tallinn",10111,Mon 17:00-00:00; Tue 17:00-00:00; Wed 17:00-00:00; Thu 17:00-00:00; Fri 17:00-01:00; Sat 17:00-01:00; Sun closed,+372 5377 1108,https://www.jenkbbq.ee/,https://maps.google.com/?cid=858039731479007763,jenk-bbq,3,59.439013,24.757129,ChIJAdTEId2TkkYRE1L69ZZe6As
,,,Sushi Plaza Viimsi,4.4,221,$$,Japanese,Sushi Restaurant,restaurant; asian,outside Tallinn (Haabneeme),"Sõpruse tee 15, 74001 Haabneeme",74001,Mon 11:00-21:00; Tue 11:00-21:00; Wed 11:00-21:00; Thu 11:00-21:00; Fri 11:00-22:00; Sat 11:00-22:00; Sun 11:00-21:00,+372 5884 8889,http://www.sushiplaza.ee/,https://maps.google.com/?cid=5807276740720367999,sushi-plaza-viimsi,2,59.504936,24.826479,ChIJrZ-FkpeSkkYRf5kGa22Xl1A
,,,Kohvik Haabneeme,4.4,180,$,,Restaurant,restaurant; cheap-eats,outside Tallinn (Haabneeme),"Rohuneeme tee 32, 74001 Haabneeme",74001,Mon 10:00-20:00; Tue 10:00-20:00; Wed 10:00-20:00; Thu 10:00-20:00; Fri 10:00-20:00; Sat 10:00-20:00; Sun 10:00-20:00,+372 609 0155,http://www.tampe.ee/index.php/haabneeme-kohvik,https://maps.google.com/?cid=11302901192535094230,kohvik-haabneeme,1,59.512967,24.820015,ChIJ0aySYpuSkkYR1rNk0L_425w
,,,Peetri Pizza,4.4,179,$,Pizza,Pizza Restaurant,restaurant; cheap-eats,outside Tallinn (Viimsi),"Randvere tee 9, 74001 Viimsi",74001,Mon 11:00-22:00; Tue 11:00-22:00; Wed 11:00-22:00; Thu 11:00-22:00; Fri 11:00-23:00; Sat 11:00-23:00; Sun 11:00-22:00,+372 604 8600,http://www.peetripizza.ee/,https://maps.google.com/?cid=68705199517807351,peetri-pizza-5,1,59.505487,24.828028,ChIJXXL3IZiSkkYR9zJ70wMX9AA
,,,Spice Wagon,4.4,135,$$,Indian,Indian Restaurant,restaurant; asian,"same address as published ""Pudel"", ""Q Pizza Jaam"", ""Telliskivi Šašlõkk"" - verify; temporarily closed; no hours","Telliskivi tn 62, 10412 Tallinn",10412,,+372 565 5001,https://www.facebook.com/indiarestoran/,https://maps.google.com/?cid=13200727592415021735,spice-wagon,2,59.440528,24.730591,ChIJeWFVwX2TkkYRp0qYCs5nMrc
,,,Põhjala Deli - Balti Jaama turg,4.4,119,$,,Bakery,bakery; cheap-eats,"same address as published ""Cafe Cape Town"" - verify","Kopli tn 1, 10149 Tallinn",10149,Mon 09:00-19:00; Tue 09:00-19:00; Wed 09:00-19:00; Thu 09:00-19:00; Fri 09:00-19:00; Sat 09:00-19:00; Sun 09:00-17:00,+372 5857 4676,http://www.pohjaladeli.ee/,https://maps.google.com/?cid=18348617475156094830,pohjala-deli-balti-jaama-turg,1,59.441131,24.734233,ChIJO3fHbgOTkkYRbi805mBio_4
,,,Neko Sushi Delivery & Takeaway in Tallinn,4.4,117,,,Delivery Restaurant,restaurant,may not be a restaurant,"J. Kunderi tn 35a, 10121 Tallinn",10121,Mon 11:00-21:00; Tue 11:00-21:00; Wed 11:00-21:00; Thu 11:00-21:00; Fri 11:00-22:00; Sat 11:00-22:00; Sun 11:00-21:00,+372 5558 0030,http://www.neko.ee/,https://maps.google.com/?cid=8989469303085154654,neko-sushi-delivery-takeaway-in-tallinn,,59.431003,24.776492,ChIJkb_h8leTkkYRXkGr8bMCwXw
,,,Time To Wine Bar and Shop,4.4,116,$$,,Wine Bar,pub,"same address as published ""Pühaste Taproom"" - verify","Rotermanni tn 2, 10111 Tallinn",10111,Mon closed; Tue 14:00-23:00; Wed 14:00-23:00; Thu 14:00-23:00; Fri 14:00-02:00; Sat 12:00-02:00; Sun 15:00-21:00,+372 5459 2292,https://ttw.ee/,https://maps.google.com/?cid=1129112289840677119,time-to-wine-bar-and-shop-2,2,59.439277,24.758546,ChIJFwLbotGTkkYR_0B7M6Vpqw8
,,,Kidrakuur Kultuuriklubi,4.4,96,$$,,Bar,pub,no hours,"Masina tn 1, 10113 Tallinn",10113,,,http://www.kidrakuur.ee/,https://maps.google.com/?cid=14894252433128146100,kidrakuur-kultuuriklubi,2,59.426847,24.774649,ChIJFdng6ciTkkYRtMSZv6wDs84
,,,Malatang & Hotpot by HAN’s,4.4,92,$$,Asian,Asian Restaurant,restaurant; asian,"possible second location of ""HAN's Restoran"" (0.5 km away) - verify","Viru väljak 4, 10111 Tallinn",10111,Mon 11:00-21:00; Tue 11:00-21:00; Wed 11:00-21:00; Thu 11:00-21:00; Fri 11:00-23:00; Sat 11:00-23:00; Sun 11:00-21:00,+372 503 7448,,https://maps.google.com/?cid=3260881890769730328,malatang-hotpot-by-hans,2,59.435809,24.755241,ChIJNREIxjaTkkYRGHvVgc36QC0
,,,Peetri kõrts,4.4,89,$,,Restaurant,restaurant; cheap-eats,outside Tallinn (Peetri),"Peetri tee 19, 75312 Peetri",75312,Mon 12:00-22:00; Tue 12:00-22:00; Wed 12:00-22:00; Thu 12:00-22:00; Fri 12:00-22:00; Sat 15:00-22:00; Sun closed,+372 609 9989,http://korts.tipp24.ee/,https://maps.google.com/?cid=3127183426662117982,peetri-korts,1,59.395132,24.815125,ChIJ-SQlkxTrkkYRXjKvDcL8ZSs
,,,Brasserie 11,4.4,87,$$,French,French Restaurant,restaurant,temporarily closed; no hours,"Narva mnt 5, 10112 Tallinn",10112,,+372 5911 4414,http://www.brasserie11.ee/,https://maps.google.com/?cid=15937203556524277899,brasserie-11,2,59.438384,24.758413,ChIJ9WaSQ8yVkkYRi8C4GzJSLN0
,,ferment,FERMENT,4.4,63,$$,,Restaurant,restaurant,already published,"Peetri tn 6, 10414 Tallinn",10414,Mon closed; Tue closed; Wed 15:00-22:00; Thu 15:00-23:30; Fri 15:00-23:30; Sat 15:00-23:30; Sun 13:00-19:00,,https://ferment.ee/,https://maps.google.com/?cid=10726326540519558537,ferment-2,2,59.450695,24.728501,ChIJuen6Zm2TkkYRiU2DeCiR25Q
,,,VLND Burger Vanalinn,4.4,62,$$,American,Hamburger Restaurant,restaurant,"same address as published ""Mikkeller Tallinn Old Town"" - verify","Kullassepa tn 4, 10146 Tallinn",10146,Mon 12:00-21:00; Tue 12:00-21:00; Wed 12:00-21:00; Thu 12:00-21:00; Fri 12:00-22:00; Sat 12:00-22:00; Sun 12:00-20:00,+372 5858 3705,https://vlndburger.ee/,https://maps.google.com/?cid=2625905237727876818,vlnd-burger-vanalinn,2,59.436520,24.744409,ChIJS-aF9luTkkYR0pabrOYWcSQ
,,,Amijami Sushi Kristiine,4.4,59,$$,Japanese,Sushi Restaurant,restaurant; asian,thin review count,"Kristiine EE, Sõpruse pst 30, 10615 Tallinn",10615,Mon 11:00-22:00; Tue 11:00-22:00; Wed 11:00-22:00; Thu 11:00-22:00; Fri 11:00-22:00; Sat 11:00-22:00; Sun 11:00-22:00,+372 5650 0541,https://tellimus.amijami.ee/amijami-sushi-kristiine,https://maps.google.com/?cid=7812267159135973878,amijami-sushi-kristiine,2,59.421587,24.713922,ChIJ42rKwf-VkkYR9vG_Dpe_amw
,,,Friends Restaurant Lasnamae,4.4,58,$$,,Restaurant,restaurant,thin review count,"K. Kärberi tn 20, 13919 Tallinn",13919,Mon 11:30-21:00; Tue 11:30-21:00; Wed 11:30-21:00; Thu 11:30-21:00; Fri 11:30-21:00; Sat 11:30-21:00; Sun 11:30-21:00,+372 5677 1480,http://friendsrestoran.com/,https://maps.google.com/?cid=4707365233137753445,friends-restaurant-lasnamae,2,59.445394,24.882975,ChIJq_K6SrDtkkYRZR0zJb3rU0E
,,,Sultan Baklava ja shaurma kebab,4.4,56,,,Pastry Shop,restaurant,temporarily closed; thin review count; no hours,"Lastekodu tn 12, 10113 Tallinn",10113,,+372 5456 6919,http://sultanbaklava.ee/,https://maps.google.com/?cid=8585447749458328664,sultan-baklava-ja-shaurma-kebab,,59.430602,24.766196,ChIJxSe4Y3yTkkYRWPwjkD2jJXc
,,,Freya Foodbar Ülemiste,4.4,46,$$,,Restaurant,restaurant,thin review count,"Ülemiste City, Sepise tn 7, 11415 Tallinn",11415,Mon 11:30-15:00; Tue 11:30-15:00; Wed 11:30-15:00; Thu 11:30-15:00; Fri 11:30-15:00; Sat closed; Sun closed,+372 5447 0884,http://www.freyafoodbar.ee/,https://maps.google.com/?cid=2853606953983479263,freya-foodbar-ulemiste,2,59.419043,24.805136,ChIJMZqaU4TrkkYR3w3F1GcMmic
,,,HalaLish Hermanni,4.4,40,$$,,Takeout Restaurant,restaurant,temporarily closed; thin review count; no hours,"K. A. Hermanni tänav 2, 10121 Tallinn",10121,,+372 5835 7478,,https://maps.google.com/?cid=8704385244138795569,halalish-hermanni,2,59.429521,24.774623,ChIJyWotmKGVkkYRMXILAUMwzHg
,,,Katariina,4.4,37,$$,,Bar,pub,thin review count,"E. Vilde tee 73, 12912 Tallinn",12912,Mon 07:00-20:00; Tue 07:00-20:00; Wed 07:00-20:00; Thu 07:00-20:00; Fri 07:00-20:00; Sat 07:00-20:00; Sun 07:00-18:00,,,https://maps.google.com/?cid=13253493183440835905,katariina,2,59.402267,24.686295,ChIJJy_TzNmVkkYRQVUNkNTd7bc
,,,Lessner Baar,4.4,37,$$,,Bar,pub,"same address as published ""KotKot"" - verify; thin review count","Peetri tn 12, 10415 Tallinn",10415,Mon closed; Tue closed; Wed closed; Thu closed; Fri 19:00-00:00; Sat 19:00-00:00; Sun closed,+372 511 3723,https://www.lessner.ee/,https://maps.google.com/?cid=4654318584580951365,lessner-baar,2,59.452410,24.730495,ChIJqXUBgBaTkkYRRU1y0Rd2l0A
,,,Paul’s Bagels OÜ,4.4,29,$$,,Bakery,bakery,thin review count; no hours,"Valgevase tn 3-1, 10414 Tallinn",10414,,,https://www.facebook.com/PaulsBagels,https://maps.google.com/?cid=1411764048487248220,pauls-bagels-ou,2,59.444332,24.734893,ChIJpwI-aXyTkkYRXPG_GOyXlxM
,,,Anime Sushi,4.4,28,$$,Asian,Asian Restaurant,restaurant; asian,"same address as published ""Pudel"", ""Q Pizza Jaam"", ""Telliskivi Šašlõkk"" - verify; thin review count","Telliskivi tn 62, 10412 Tallinn",10412,Mon 10:30-22:30; Tue 10:30-22:30; Wed 10:30-22:30; Thu 10:30-22:30; Fri 10:30-22:30; Sat 10:30-22:30; Sun 10:30-22:30,+372 5801 3333,,https://maps.google.com/?cid=7032690209413144452,anime-sushi,2,59.440524,24.730601,ChIJcyCdM5aTkkYRhB9wE3wimWE
,,,Gulliver Cafe,4.4,25,$,,Family Restaurant,restaurant; cheap-eats,thin review count; outside Tallinn (Haabneeme),"Sõpruse tee 15, 74001 Haabneeme",74001,Mon 11:00-21:00; Tue 11:00-21:00; Wed 11:00-21:00; Thu 11:00-21:00; Fri 11:00-21:00; Sat 11:00-21:00; Sun 11:00-19:00,+372 8128 1654,https://gullivercafe.com/,https://maps.google.com/?cid=13294345388842759327,gulliver-cafe,1,59.504761,24.826468,ChIJPRuuRQCTkkYRnzRT17EAf7g
,,,OKO Resto,4.3,1544,$$,Pizza,Restaurant,restaurant,outside Tallinn (Viimsi),"Kesk tee 27, 74001 Viimsi",74001,Mon 12:00-23:00; Tue 12:00-23:00; Wed 12:00-23:00; Thu 12:00-23:00; Fri 12:00-00:00; Sat 12:00-00:00; Sun 12:00-23:00,+372 5300 4440,http://www.okoresto.ee/,https://maps.google.com/?cid=16126625058431793274,oko-resto,2,59.511070,24.815420,ChIJMbDYJ5uSkkYReni9UQxIzd8
,,,LIDO Mustamäe OÜ,4.3,1418,$$,,Restaurant,restaurant,temporarily closed; no hours,"A. H. Tammsaare tee 104a, 12918 Tallinn",12918,,+372 660 9933,http://www.lido.ee/,https://maps.google.com/?cid=5197405615900364590,lido-mustamae-ou,2,59.408682,24.687887,ChIJ4dCutPmUkkYRLo9c4d7kIEg
,,,Männi kohvik Tallinn,4.3,1223,$$,,Cafe,coffee,"possible second location of ""Faehlmanni kohvik"" (6.6 km away) - verify","Keskuse tn 5a, 13414, 12912 Tallinn",12912,Mon 11:00-23:00; Tue 11:00-23:00; Wed 11:00-23:00; Thu 11:00-23:00; Fri 11:00-00:00; Sat 11:00-00:00; Sun 11:00-23:00,+372 648 7222,http://mannikohvik.ee/,https://maps.google.com/?cid=17244395138017478303,manni-kohvik-tallinn,2,59.399423,24.679559,ChIJDcyo0wGVkkYRn0YBaANmUO8
,,,Kebab House (حلال),4.3,634,$,Middle Eastern,Kebab Shop,restaurant; cheap-eats,"same address as published ""Saffron"" - verify","Gonsiori tn 12, 10117 Tallinn",10117,Mon 12:00-23:00; Tue 12:00-23:00; Wed 12:00-23:00; Thu 12:00-23:00; Fri 12:00-23:00; Sat 12:00-23:00; Sun 12:10-22:00,+372 653 1952,https://www.facebook.com/KebabHousetallinn/,https://maps.google.com/?cid=7414272558321417833,kebab-house,1,59.434731,24.762558,ChIJO9seBl-TkkYRab6s-pvJ5GY
,,,MR. Shaurma Linnamäe,4.3,607,$,,Fast Food Restaurant,restaurant; cheap-eats,"same address as published ""Shaurma Kebab Linnamäe"" - verify","Linnamäe tee 17-19, 13912 Tallinn",13912,Mon 11:00-00:00; Tue 11:00-00:00; Wed 11:00-00:00; Thu 11:00-00:00; Fri 11:00-02:00; Sat 11:00-02:00; Sun 11:00-00:00,+372 5849 1626,https://mrshaurma.choiceqr.com/,https://maps.google.com/?cid=8451515552276419948,mr-shaurma-linnamae,1,59.449790,24.868571,ChIJl1n7uefskkYRbBUg453QSXU
,,,Reval Café Viimsi,4.3,584,$$,,Cafe,coffee,outside Tallinn (Viimsi),"Liilia tee 2, 12111 Viimsi",12111,Mon 07:30-21:00; Tue 07:30-21:00; Wed 07:30-21:00; Thu 07:30-21:00; Fri 07:30-21:00; Sat 08:30-21:00; Sun 08:30-19:00,+372 601 0877,https://revalcafe.ee/kohvikud/viimsi/,https://maps.google.com/?cid=14777344786257409325,reval-cafe-viimsi,2,59.498462,24.829792,ChIJqfbJ9b6SkkYRLfVXFMqsE80
,,hans,HAN's Restoran,4.3,535,$$,Chinese,Chinese Restaurant,restaurant; asian,already published,"A. Lauteri tn 5, 10114 Tallinn",10114,Mon 12:00-21:30; Tue 12:00-21:30; Wed 12:00-21:30; Thu 12:00-21:30; Fri 12:00-22:00; Sat 12:30-22:00; Sun 12:30-21:30,+372 5687 6979,http://www.hansresto.ee/,https://maps.google.com/?cid=2144117140722026017,han-s-restoran,2,59.431472,24.757719,ChIJ24B18LmVkkYRIQaQ8S1vwR0
,,faeton,Faeton Restaurant,4.3,495,$$,,Restaurant,restaurant,already published,"Köleri 2, J. Köleri tn 2, 10150 Tallinn",10150,Mon 12:00-23:00; Tue 12:00-23:00; Wed 12:00-23:00; Thu 12:00-23:00; Fri 12:00-23:00; Sat 12:00-23:00; Sun 12:00-23:00,+372 687 2125,http://faetonrestaurant.ee/,https://maps.google.com/?cid=8213392763101013361,faeton-restaurant,2,59.438499,24.775240,ChIJK6-wrVuTkkYRcWVmnTPV-3E
,,,Baojaam,4.3,347,$$,Taiwanese,Taiwanese Restaurant,restaurant; asian,"same address as published ""Cafe Cape Town"" - verify","Kopli tn 1, 10412 Tallinn",10412,"Mon 11:00-15:30, 16:00-20:00; Tue 11:00-15:30, 16:00-20:00; Wed 11:00-15:30, 16:00-20:00; Thu 11:00-15:30, 16:00-20:00; Fri 11:00-15:30, 16:00-20:00; Sat 11:00-15:30, 16:00-20:00; Sun 11:00-15:30, 16:00-18:00",+372 5649 9908,https://baojaam.ee/,https://maps.google.com/?cid=2382679760399656399,baojaam,2,59.440959,24.735634,ChIJa5i14nyTkkYRz2UiPJ76ECE
,,,Margot Crepes & Waffles,4.3,322,$$,,Coffee Shop,coffee,"same address as published ""Pudel"", ""Q Pizza Jaam"", ""Telliskivi Šašlõkk"" - verify","Telliskivi tn 62, 10412 Tallinn",10412,Mon closed; Tue 14:00-23:00; Wed 14:00-23:30; Thu 14:00-23:30; Fri 14:00-00:00; Sat 14:00-00:00; Sun 13:00-23:00,+372 5815 6561,http://www.margotcrepes.com/,https://maps.google.com/?cid=4965482440026748003,margot-crepes-waffles,2,59.440459,24.731822,ChIJ9xaqv32TkkYRY_Q7kPjv6EQ
,,,Salvador Steakhouse,4.3,265,,Steakhouse,Steak House,restaurant,temporarily closed; no hours,"Viru 3, 10140 Tallinn",10140,,+372 5360 6316,,https://maps.google.com/?cid=9068441326312137571,salvador-steakhouse,,59.436973,24.747291,ChIJFfM49WGTkkYRY6NO8VaT2X0
,,,Pizzanaut,4.3,237,$$,,Restaurant,restaurant,temporarily closed; no hours,"Roseni tn 13-10111, 10111 Tallinn",10111,,+372 5450 5040,https://www.pizzanaut.ee/,https://maps.google.com/?cid=17618842247402128573,pizzanaut,2,59.439705,24.754813,ChIJ1fk1KWGTkkYRvYQM5qyzgvQ
,,,Paper Mill Coffee Viru,4.3,147,$,,Coffee Shop,coffee; cheap-eats,"possible second location of ""Paper Mill Coffee"" (1.7 km away) - verify","Viru väljak 4-6, 10111 Tallinn",10111,Mon 08:30-20:00; Tue 08:30-20:00; Wed 08:30-20:00; Thu 08:30-20:00; Fri 08:30-20:00; Sat 09:30-20:00; Sun 09:30-20:00,+372 655 0060,http://www.papermill.coffee/,https://maps.google.com/?cid=10156524008614916324,paper-mill-coffee-viru,1,59.435998,24.754664,ChIJE0Gx6VWTkkYR5PA3NsY484w
,,,Peetri Pizza,4.3,124,$$,,Restaurant,restaurant,temporarily closed; no hours,"Mahtra tn 1, 13811 Tallinn",13811,,+372 5887 7702,http://www.peetripizza.ee/,https://maps.google.com/?cid=17378383529284315081,peetri-pizza-9,2,59.442124,24.873555,ChIJJxbuTu7skkYRyad9yb5rLPE
,,,Bill The Butcher,4.3,91,$$,,Fast Food Restaurant,restaurant,"same address as published ""Cafe Cape Town"" - verify","Kopli tn 1, 10412 Tallinn",10412,Mon 11:00-20:00; Tue 11:00-20:00; Wed 11:00-20:00; Thu 11:00-20:00; Fri 11:00-20:00; Sat 11:00-20:00; Sun 11:00-18:00,+372 5565 3252,https://www.lesmentbros.com/bill-the-butcher,https://maps.google.com/?cid=4547637165490371620,bill-the-butcher,2,59.441167,24.734957,ChIJMUKmaACTkkYRJPxqWOhzHD8
,,fotografiska-cafe,Fotografiska Tallinn Café & Bakery,4.3,91,$$,,Cafe,coffee,already published,"Telliskivi tn 60a-8, 10412 Tallinn",10412,Mon 08:30-20:00; Tue 08:30-20:00; Wed 08:30-20:00; Thu 08:30-20:00; Fri 08:30-20:00; Sat 09:00-20:00; Sun 09:00-18:00,+372 5347 2005,https://tallinn.fotografiska.com/en/restaurants/cafe-and-bakery,https://maps.google.com/?cid=719467902170725275,fotografiska-tallinn-cafe-bakery,2,59.438168,24.728280,ChIJhQUC_V-TkkYRm3suwD4Q_Ak
,,,KAUSS Balti Jaam,4.3,46,$$,Hawaiian,Hawaiian Restaurant,restaurant,"same address as published ""Cafe Cape Town"" - verify; thin review count","Kopli tn 1, 10149 Tallinn",10149,Mon 10:00-19:00; Tue 10:00-19:00; Wed 10:00-19:00; Thu 10:00-19:00; Fri 10:00-19:00; Sat 10:00-19:00; Sun 10:00-17:00,+372 501 9450,https://www.facebook.com/KAUSSpoke/,https://maps.google.com/?cid=14122621391572261293,kauss-balti-jaam,2,59.441046,24.736253,ChIJpfzCmjqTkkYRrVn_rVSh_cM
,,,Raasiku Õlletehas Esinduspood & Resto Mustamäe Keskus,4.3,46,$$,,Bar,pub,thin review count,"A. H. Tammsaare tee 104a, 12918 Tallinn",12918,Mon 11:00-21:00; Tue 11:00-21:00; Wed 11:00-21:00; Thu 11:00-21:00; Fri 11:00-22:00; Sat 11:00-22:00; Sun 11:00-21:00,+372 5303 0273,https://www.raasiku-olletehas.ee/,https://maps.google.com/?cid=17381093321156160699,raasiku-olletehas-esinduspood-resto-mustamae-keskus,2,59.408376,24.689866,ChIJjbhRMwCVkkYRu2xtX0kMNvE
,,,Peetri Pizza&Pasta Hiiu,4.3,44,$$,Pizza,Pizza Restaurant,restaurant,thin review count,"Pärnu mnt. 386a, 11612 Tallinn",11612,Mon 11:00-21:00; Tue 11:00-21:00; Wed 11:00-21:00; Thu 11:00-21:00; Fri 11:00-21:00; Sat 11:00-21:00; Sun 11:00-21:00,+372 5628 5854,https://www.peetripizza.ee/pizzeria/hiiu-tallinn,https://maps.google.com/?cid=3619950013207018282,peetri-pizza-pasta-hiiu,2,59.382844,24.666735,ChIJ06z-RvWVkkYRKvvfkVulPDI
,,,Rahva Toit Roosikrantsi,4.3,40,$,,Brunch Restaurant,restaurant; cheap-eats,thin review count,"Roosikrantsi tn 2, 10119 Tallinn",10119,Mon 08:00-15:30; Tue 08:00-15:30; Wed 08:00-15:30; Thu 08:00-15:30; Fri 08:00-15:30; Sat closed; Sun closed,+372 611 0556,http://rahvatoit.ee/,https://maps.google.com/?cid=9731741830108552165,rahva-toit-roosikrantsi,1,59.432350,24.742977,ChIJE86NnJ6UkkYR5RtuLaIXDoc
,,,Kebaboom Narva maantee,4.3,39,$,Middle Eastern,Kebab Shop,restaurant; cheap-eats,thin review count,"Tallinn, 10120 Tallinn",10120,Mon 11:00-23:00; Tue 11:00-23:00; Wed 11:00-23:00; Thu 11:00-23:00; Fri 11:00-02:00; Sat 11:00-02:00; Sun 11:00-23:00,+372 5609 5858,https://kebaboom.ee/,https://maps.google.com/?cid=14599219040407487571,kebaboom-narva-maantee,1,59.438101,24.768006,ChIJiZkmXQCTkkYRU4SbBV7Ymso
,,,Plus Kohvik Pärnu mnt. 113,4.3,36,$,,Buffet Restaurant,restaurant; cheap-eats,thin review count,"Pärnu mnt. 113, 11312 Tallinn",11312,Mon 08:30-16:00; Tue 08:30-16:00; Wed 08:30-16:00; Thu 08:30-16:00; Fri 08:30-16:00; Sat closed; Sun closed,+372 5592 1130,https://pluskohvikud.ee/listing/buroo-113-arihoones/,https://maps.google.com/?cid=7740837867195649990,plus-kohvik-parnu-mnt-113,1,59.415676,24.740498,ChIJhRXf_nyVkkYRxs8WCgf7bGs
,,,Robert's Coffee Estonia,4.3,36,$,,Coffee Shop,coffee; cheap-eats,thin review count,"Estonia pst 7, 10143 Tallinn",10143,Mon 09:00-19:00; Tue 09:00-19:00; Wed 09:00-19:00; Thu 09:00-19:00; Fri 09:00-19:00; Sat 10:00-19:00; Sun 10:00-17:00,+372 5192 9955,http://robertscoffee.ee/,https://maps.google.com/?cid=16318150465641710484,robert-s-coffee-estonia,1,59.434586,24.752476,ChIJHYFKYQCVkkYRlAPzJ2S3deI
,,,Jamaica Baar,4.3,31,,,Bar,pub,thin review count,"Roosikrantsi tn 15, 10119 Tallinn",10119,Mon closed; Tue closed; Wed closed; Thu closed; Fri 21:00-04:00; Sat 21:00-04:00; Sun closed,+372 5808 8886,,https://maps.google.com/?cid=13042960084801223845,jamaica-baar,,59.430920,24.744298,ChIJi1Hzxp6UkkYRpfwsshfnAbU
,,,"Kohvik ""Tass""",4.3,30,,,Restaurant,restaurant,temporarily closed; thin review count; no hours,"Mustamäe tee 59, 11111 Tallinn",11111,,+372 520 0312,,https://maps.google.com/?cid=15807039040490729311,kohvik-tass,,59.418247,24.696102,ChIJ8-8kCvWUkkYRX28uD0LiXds
,,,Smash Head Burger Solaris,4.3,30,$,American,Hamburger Restaurant,restaurant; cheap-eats,thin review count,"Estonia pst 9, 10143 Tallinn",10143,Mon 11:00-21:00; Tue 11:00-21:00; Wed 11:00-21:00; Thu 11:00-21:00; Fri 11:00-21:00; Sat 11:00-21:00; Sun 11:00-18:00,,,https://maps.google.com/?cid=18188024688148237390,smash-head-burger-solaris,1,59.433680,24.750942,ChIJxTDQSACVkkYRTkwc7xbYaPw
,,,Prõks! Coffee Shop,4.3,28,$,,Coffee Shop,coffee; cheap-eats,thin review count,"Ehitajate tee 5 Tallinna Tehnikaülikool, Tudengimaja, 19806 Tallinn",19806,Mon 09:30-18:00; Tue 09:30-18:00; Wed 09:30-18:00; Thu 09:30-18:00; Fri 09:30-17:30; Sat closed; Sun closed,,https://www.facebook.com/prkscoffee/,https://maps.google.com/?cid=8495078466621176846,proks-coffee-shop,1,59.395493,24.670678,ChIJ3R65TQGVkkYRDnwGRtuU5HU
,,,OlyBet Sports Bar,4.3,26,,,Sports Bar,pub,thin review count,"Vana-Viru tn 14, 10148 Tallinn",10148,Mon 00:00-24:00; Tue 00:00-24:00; Wed 00:00-24:00; Thu 00:00-24:00; Fri 00:00-24:00; Sat 00:00-24:00; Sun 00:00-24:00,+372 630 5341,https://www.olybet.ee/shops,https://maps.google.com/?cid=14711498355982590250,olybet-sports-bar,,59.437158,24.752134,ChIJ4V8fK-iTkkYRKuEVVs-9Kcw
,,,Osman,4.2,1443,$$,Turkish,Turkish Restaurant,restaurant,"possible second location of ""Pirosmani"" (6.9 km away) - verify","A. H. Tammsaare tee 99c, 12918 Tallinn",12918,Mon 11:00-00:00; Tue 11:00-00:00; Wed 11:00-00:00; Thu 11:00-00:00; Fri 11:00-02:00; Sat 11:00-02:00; Sun 11:00-00:00,+372 5858 9495,http://www.osmangrill.ee/,https://maps.google.com/?cid=8210586528675617335,osman,2,59.407547,24.691331,ChIJUdEFmvmUkkYRN1pRP_Lc8XE
,,,Comandor,4.2,679,$$,,Restaurant,restaurant,temporarily closed; no hours,"Linnamäe tee 91, 13912 Tallinn",13912,,+372 636 3801,https://www.instagram.com/comandor.grill.restoran,https://maps.google.com/?cid=14781180571193820518,comandor,2,59.449347,24.886612,ChIJ43Yms-TskkYRZsXpWmpNIc0
,,,Restaurant Viktoria,4.2,560,,,Restaurant,restaurant,temporarily closed; no hours,"Keevise tn 6, 11415 Tallinn",11415,,+372 5554 9680,http://www.restoranviktoria.ee/,https://maps.google.com/?cid=3245553530148095858,restaurant-viktoria,,59.421382,24.798776,ChIJLYC_KFTrkkYRcgf-b72FCi0
,,,My Indian Store,4.2,255,,Asian,Asian Grocery Store,restaurant; asian,may not be a restaurant,"Narva mnt 6, 10117 Tallinn",10117,Mon 10:00-22:00; Tue 10:00-22:00; Wed 10:00-22:00; Thu 10:00-22:00; Fri 10:00-22:00; Sat 10:00-22:00; Sun 10:00-22:00,+372 550 2980,https://myindianstore.eu/,https://maps.google.com/?cid=1617611807544292338,my-indian-store,,59.437078,24.761348,ChIJAcTLeWGTkkYR8rMnVV7pchY
,,,"Armeenia restoran ""Aparan""",4.2,206,,Eastern European,Eastern European Restaurant,restaurant,temporarily closed; no hours,"Peterburi tee 90f, 13816 Tallinn",13816,,+372 5823 1445,,https://maps.google.com/?cid=7427052010460736436,armeenia-restoran-aparan,,59.431911,24.858632,ChIJtT1b5JPskkYRtOvcC3QwEmc
,,,"Restaurant ""Turg""(Market)",4.2,74,,Pizza,Hamburger Restaurant,restaurant,temporarily closed; no hours,"Mündi tn 3, 10146 Tallinn",10146,,+372 5551 4517,,https://maps.google.com/?cid=13905730139615343231,restaurant-turg-market,,59.437929,24.744981,ChIJ3TbMRmKTkkYRfzI34uIT-8A
,,,OlyBet Sports Bar,4.2,52,,,Sports Bar,pub,thin review count,"Ahtri 9, 10151 Tallinn",10151,Mon 00:00-24:00; Tue 00:00-24:00; Wed 00:00-24:00; Thu 00:00-24:00; Fri 00:00-24:00; Sat 00:00-24:00; Sun 00:00-24:00,+372 630 5369,https://www.olybet.ee/shops,https://maps.google.com/?cid=16237908147495485667,olybet-sports-bar-2,,59.440462,24.762874,ChIJ0a-1HMaTkkYR48Djkm2jWOE
,,,OTTO's Veinibaar,4.2,50,$$,Spanish,Wine Bar,pub,thin review count,"Toompuiestee 23, 10137 Tallinn",10137,Mon 12:00-14:00; Tue 12:00-23:00; Wed 12:00-23:00; Thu 12:00-23:00; Fri 12:00-23:00; Sat 12:00-23:00; Sun 12:00-23:00,+372 660 0711,https://www.facebook.com/ottos.winebar,https://maps.google.com/?cid=9130116406090204446,otto-s-veinibaar,2,59.434625,24.732800,ChIJJeOm4_mVkkYRHgX5dn-wtH4
,,,Starmaker OÜ,4.2,46,$$,,Restaurant,restaurant,thin review count,"Vana turg 1, 10140 Tallinn",10140,Mon 11:00-00:00; Tue 11:00-00:00; Wed 11:00-00:00; Thu 11:00-00:00; Fri 11:00-00:00; Sat 11:00-00:00; Sun 11:00-00:00,+372 627 9020,,https://maps.google.com/?cid=14369016172320735803,starmaker-ou,2,59.436685,24.745939,ChIJixj-GmKTkkYRO0IFExQAacc
,,,Kristiine Peetri Pizza & Pasta,4.2,28,$,Pizza,Pizza Restaurant,restaurant; cheap-eats,thin review count,"Sõpruse pst 174, 13424 Tallinn",13424,Mon 10:00-21:00; Tue 10:00-21:00; Wed 10:00-21:00; Thu 10:00-21:00; Fri 10:00-21:40; Sat 10:00-21:40; Sun 10:00-21:00,+372 5303 5822,https://peetripizza.ee/pizzeria/kristiine-sopruse-rimi,https://maps.google.com/?cid=11165543768904650479,kristiine-peetri-pizza-pasta,1,59.414616,24.707267,ChIJZzIr1LuVkkYR706jdeb685o
,,,Labor Baar,4.1,2050,$$,,Cocktail Bar,pub,"possible second location of ""Laboratooriumi 23"" (0.6 km away) - verify","Suur-Karja tn 10, 10140 Tallinn",10140,Mon 17:00-02:00; Tue 17:00-02:00; Wed 17:00-02:00; Thu 17:00-02:00; Fri 16:00-03:00; Sat 16:00-03:00; Sun 17:00-02:00,+372 5699 4160,https://www.facebook.com/LaborBaar/,https://maps.google.com/?cid=7658154313768035152,labor-baar,2,59.435614,24.746243,ChIJeVcd_GGTkkYRUONEE8Y6R2o
,,,Coccodrillo Viimsi,4.1,730,$$,,Restaurant,restaurant,outside Tallinn (Viimsi),"Pargi tee 12, 74001 Viimsi",74001,Mon 13:00-21:00; Tue 13:00-21:00; Wed 13:00-21:00; Thu 13:00-21:00; Fri 12:00-22:00; Sat 12:00-22:00; Sun 12:00-22:00,+372 603 0600,,https://maps.google.com/?cid=14753553488341822077,coccodrillo-viimsi,2,59.502131,24.834565,ChIJRf7KSL2SkkYRfepW37omv8w
,,ariran,Ariran Restaurant,4.1,294,$$,Korean,Korean Restaurant,restaurant; asian,already published,"Telliskivi tn 35, 10611 Tallinn",10611,Mon 11:00-22:00; Tue 11:00-22:00; Wed 11:00-22:00; Thu 11:00-22:00; Fri 11:00-22:00; Sat 11:00-22:00; Sun 11:00-22:00,+372 673 3992,,https://maps.google.com/?cid=601725476213088126,ariran-restaurant,2,59.437240,24.722770,ChIJAwQUdoGUkkYRft_77SHCWQg
,,badam,Badam restoran,4.1,270,$$,,Restaurant,restaurant,already published,"Lastekodu tn 35, 10113 Tallinn",10113,Mon 11:00-22:00; Tue 11:00-22:00; Wed 11:00-22:00; Thu 11:00-22:00; Fri 11:00-23:00; Sat 11:00-23:00; Sun 11:00-22:00,+372 5821 4430,https://badam.ee/,https://maps.google.com/?cid=4747457907492951085,badam-restoran,2,59.427643,24.775494,ChIJvcRW8vCVkkYRLZQ8UtBb4kE
,,,Cheat Meal,4.1,237,$$,,Fast Food Restaurant,restaurant,"same address as published ""Pudel"", ""Q Pizza Jaam"", ""Telliskivi Šašlõkk"" - verify","Telliskivi tn 62, 10412 Tallinn",10412,Mon 17:00-02:00; Tue 17:00-02:00; Wed 17:00-02:00; Thu 17:00-02:00; Fri 17:00-02:00; Sat 17:00-02:00; Sun 17:00-02:00,+372 550 4007,,https://maps.google.com/?cid=9981782904965357553,cheat-meal,2,59.440535,24.730727,ChIJs4UFOQuTkkYR8d-Gk6pqhoo
,,,Voilà,4.1,82,,,Cafe,coffee,temporarily closed; no hours,"Narva mnt 5, 10117 Tallinn",10117,,+372 682 5024,,https://maps.google.com/?cid=8354348952348990690,voila,,59.438319,24.758659,ChIJYc0xu2CTkkYR4hxr4huc8HM
,,,Viimsi Pizzakiosk,4.1,79,$,,Takeout Restaurant,restaurant; cheap-eats,outside Tallinn (Haabneeme),"Sõpruse tee 15, 74001 Haabneeme",74001,Mon 11:00-21:00; Tue 11:00-21:00; Wed 11:00-21:00; Thu 11:00-21:00; Fri 11:00-21:00; Sat 11:00-21:00; Sun 11:00-21:00,+372 612 8080,https://www.pizzakiosk.ee/,https://maps.google.com/?cid=16634227063424450777,viimsi-pizzakiosk,1,59.504674,24.827045,ChIJ3U3ZZJmSkkYR2YCa3GGl2OY
,,,Meie Gruusia Viru Keskus,4.1,54,$$,Eastern European,Eastern European Restaurant,restaurant,thin review count,"Viru väljak 4, 10111 Tallinn",10111,Mon 11:00-21:00; Tue 11:00-21:00; Wed 11:00-21:00; Thu 11:00-21:00; Fri 11:00-22:00; Sat 11:00-22:00; Sun 11:00-20:00,+372 5199 7466,https://www.meiegruusia.ee/,https://maps.google.com/?cid=3292062484470697621,meie-gruusia-viru-keskus,2,59.436061,24.754935,ChIJ37XylceTkkYRlQ5ENWPBry0
,,,Kiir Söök,4.1,52,$,,Fast Food Restaurant,restaurant; cheap-eats,thin review count,"Peterburi tee 90K, 11415 Tallinn",11415,Mon 08:00-19:00; Tue 08:00-19:00; Wed 08:00-19:00; Thu 08:00-19:00; Fri 08:00-19:00; Sat 09:00-19:00; Sun closed,+372 5683 3313,,https://maps.google.com/?cid=1295178049386293555,kiir-sook,1,59.432441,24.858079,ChIJi5W7-NntkkYRM6mN4pJl-RE
,,,Simple Resto,4.1,35,$,,Restaurant,restaurant; cheap-eats,thin review count,"Tartu mnt 83-103, 10115 Tallinn",10115,Mon 08:00-16:00; Tue 08:00-16:00; Wed 08:00-16:00; Thu 08:00-16:00; Fri 08:00-16:00; Sat closed; Sun closed,+372 5660 4744,https://simpleresto.ee/,https://maps.google.com/?cid=18031413223429241076,simple-resto,1,59.427535,24.778878,ChIJ8SbExeSVkkYR9PjHzMpyPPo
,,,Marina Summer Café,4.1,29,$,,Cafe,coffee; cheap-eats,temporarily closed; thin review count; no hours,"Vesilennuki tn 6, 10415 Tallinn",10415,,+372 5866 0023,https://revalcafe.ee/kohvik/meremuuseum/,https://maps.google.com/?cid=12308486200376091811,marina-summer-cafe,1,59.454418,24.739882,ChIJ54bmW3OTkkYRo-Q2cPyG0Ko
,,,PROTO suveterrass,4.1,29,$$,,Restaurant,restaurant,thin review count,"Noblessner, Peetri tn 10, 10415 Tallinn",10415,Mon closed; Tue closed; Wed closed; Thu 17:00-22:00; Fri 17:00-22:00; Sat 13:00-23:00; Sun 13:00-23:00,+372 5450 0840,https://prototehas.ee/en/summer-terrace/,https://maps.google.com/?cid=16342442063757461682,proto-suveterrass,2,59.451513,24.730532,ChIJ-XFQEymTkkYRskiqlHgEzOI
,,,Caffe Centrale,4.0,1136,$$,Italian,Italian Restaurant,restaurant,"same address as published ""Mikkeller Tallinn Old Town"" - verify","Kullassepa tn 4, 10146 Tallinn",10146,Mon 11:00-23:00; Tue 11:00-23:00; Wed 11:00-23:00; Thu 11:00-23:00; Fri 11:00-23:00; Sat 10:00-23:00; Sun 11:00-23:00,+372 517 1316,http://caffecentrale.ee/,https://maps.google.com/?cid=10144623445058051588,caffe-centrale,2,59.436730,24.744554,ChIJ06mfDWKTkkYRBN7IVkbxyIw
,,,Taqueria,4.0,1111,$$,Mexican,Taco Restaurant,restaurant,"same address as published ""Gobi"" - verify","Rotermanni tn 14, 10111 Tallinn",10111,Mon 11:45-22:00; Tue 11:45-22:00; Wed 11:45-22:00; Thu 11:45-22:00; Fri 11:45-00:00; Sat 12:00-00:00; Sun 12:00-22:00,+372 5699 8898,https://taqueria.ee/,https://maps.google.com/?cid=8414887115497708252,taqueria,2,59.439225,24.758297,ChIJbRp5tWCTkkYR3JpAYD-vx3Q
,,,HAN’s Street Food VIRU,4.0,313,$$,Chinese,Chinese Restaurant,restaurant; asian,"possible second location of ""HAN's Restoran"" (0.5 km away) - verify","Viru väljak 4, 10111 Tallinn",10111,Mon 11:00-21:00; Tue 11:00-21:00; Wed 11:00-21:00; Thu 11:00-21:00; Fri 11:00-22:00; Sat 11:00-22:00; Sun 11:00-21:00,+372 503 7448,,https://maps.google.com/?cid=2466964852746342704,hans-street-food-viru,2,59.435847,24.755312,ChIJXdUYBACTkkYRMNFRiXZrPCI
,,,Tempo Resto&Bar,4.0,211,$$,,Restaurant,restaurant,"possible second location of ""Cafe Tempo"" (1.3 km away) - verify","Sadama tn 9, 10111 Tallinn",10111,"Mon 07:00-10:00, 11:30-14:30; Tue 07:00-10:00, 11:30-14:30; Wed 07:00-10:00, 11:30-14:30; Thu 07:00-10:00, 11:30-14:30; Fri 07:00-10:00, 11:30-14:30; Sat 08:00-11:00; Sun 08:00-11:00",+372 667 8752,https://hotels.tallink.com/et/toit-ja-jook/restoranid/tempo,https://maps.google.com/?cid=18326418071099804910,tempo-resto-bar,2,59.444158,24.755889,ChIJLfHSc2aTkkYR7gw0XSOEVP4
,,,Restoran Baieri kelder,4.0,157,,German,German Restaurant,restaurant,temporarily closed; no hours,"Roosikrantsi tn 2a, 10119 Tallinn",10119,,+372 640 0045,,https://maps.google.com/?cid=16000730550819332820,restoran-baieri-kelder,,59.431994,24.743157,ChIJ-b-YmZ6UkkYR1KJTFKkDDt4
,,,kot.NOBLESSNER,4.0,130,$,American,Fast Food Restaurant,restaurant; cheap-eats,"same address as published ""KotKot"" - verify","Peetri tn 12, 10411 Tallinn",10411,Mon 11:00-23:00; Tue 11:00-23:00; Wed 11:00-23:00; Thu 11:00-23:00; Fri 11:00-23:00; Sat 11:00-23:00; Sun 12:00-21:00,,https://www.eatkot.com/,https://maps.google.com/?cid=16481879219228644773,kot-noblessner,1,59.452453,24.730824,ChIJBe-wq-iTkkYRpRUEPdNlu-Q
,,,Fono,4.0,83,$$,,Cocktail Bar,pub,"same address as published ""Pudel"", ""Q Pizza Jaam"", ""Telliskivi Šašlõkk"" - verify; no hours","Telliskivi tn 62, 10412 Tallinn",10412,,,http://www.fonoteek.ee/,https://maps.google.com/?cid=3572978303431072778,fono,2,59.440612,24.732177,ChIJt-RErT6TkkYRCtwvJtbElTE
,,,Pizzakiosk Peetri,4.0,57,$,Pizza,Pizza Restaurant,restaurant; cheap-eats,thin review count; outside Tallinn (Peetri),"Küti tee 4, 75312 Peetri",75312,Mon 10:00-21:00; Tue 10:00-21:00; Wed 10:00-21:00; Thu 10:00-21:00; Fri 10:00-21:00; Sat 10:00-21:00; Sun 10:00-21:00,+372 5892 1010,https://www.pizzakiosk.ee/,https://maps.google.com/?cid=4946170465809793026,pizzakiosk-peetri,1,59.397629,24.804824,ChIJa9tkVMLrkkYRAgAfLdVTpEQ
,,,Hesburger Tallinn Merimetsa Selver,4.0,55,,American,Hamburger Restaurant,restaurant,thin review count,"Paldiski mnt 56, 10617 Tallinn",10617,Mon 09:00-21:30; Tue 09:00-21:30; Wed 09:00-21:30; Thu 09:00-21:30; Fri 09:00-21:30; Sat 09:00-21:30; Sun 09:00-21:30,+372 5558 8911,https://www.hesburger.ee/restoranid?tid=666,https://maps.google.com/?cid=11036789099390200106,hesburger-tallinn-merimetsa-selver,,59.430172,24.697773,ChIJwTr_mGOUkkYRKmkO4jWNKpk
,,,Meat & Bun Burger Järveotsa,4.0,42,$,,Restaurant,restaurant; cheap-eats,thin review count,"Järveotsa tee 20, 13520 Tallinn",13520,Mon 10:00-01:00; Tue 10:00-01:00; Wed 10:00-01:00; Thu 10:00-01:00; Fri 10:00-01:00; Sat 10:00-01:00; Sun 10:00-01:00,+372 5770 5677,https://www.facebook.com/Meat-Bun-Burger-111381254062167,https://maps.google.com/?cid=6274765908980097509,meat-bun-burger-jarveotsa,1,59.406232,24.643507,ChIJ92Fb1_-VkkYR5WF9XVlyFFc
,,,Katharinenthal Stockmann,4.0,31,$,,Cafe,coffee; cheap-eats,thin review count,"Liivalaia tn 53, 10145 Tallinn",10145,Mon 09:00-21:00; Tue 09:00-21:00; Wed 09:00-21:00; Thu 09:00-21:00; Fri 09:00-21:00; Sat 10:00-20:00; Sun 09:00-21:00,+372 683 9692,http://katharinenthal.ee/,https://maps.google.com/?cid=4098905354900392504,katharinenthal-stockmann,1,59.432112,24.761558,ChIJAxeEx3KVkkYROMrIDrQ84jg
,,,Viru Rooftop Terrace,4.0,27,$,,Bar,pub; cheap-eats,thin review count,"Viru väljak 4-23rd floor, 10111 Tallinn",10111,Mon 15:00-23:00; Tue 15:00-23:00; Wed 15:00-23:00; Thu 15:00-23:00; Fri 15:00-01:00; Sat 15:00-01:00; Sun 15:00-23:00,+372 680 9300,https://m.facebook.com/virurooftopbar/,https://maps.google.com/?cid=12994216012837728497,viru-rooftop-terrace,1,59.436485,24.754911,ChIJP32_kgWTkkYR8bDiC566VLQ
,,,Kebaboom Balti Jaam,3.9,223,$,Middle Eastern,Kebab Shop,restaurant; cheap-eats,"same address as published ""Cafe Cape Town"" - verify","Kopli tn 1, 10149 Tallinn",10149,Mon 10:30-20:00; Tue 10:30-20:00; Wed 10:30-20:00; Thu 10:30-20:00; Fri 10:30-20:00; Sat 10:30-20:00; Sun 10:30-18:00,+372 5880 4568,https://kebaboom.ee/,https://maps.google.com/?cid=988275390985823485,kebaboom-balti-jaam,1,59.441070,24.735312,ChIJ8_dF74CTkkYR_WT4YzsPtw0
,,,Chi,3.9,216,$$,Asian,Asian Restaurant,restaurant; asian,outside Tallinn (Haabneeme),"Rohuneeme tee, 74001 Haabneeme",74001,Mon 11:00-21:00; Tue 11:00-21:00; Wed 11:00-21:00; Thu 11:00-21:00; Fri 11:00-21:00; Sat 11:00-21:00; Sun 11:00-21:00,+372 631 3090,http://www.chirestoran.ee/viimsi/,https://maps.google.com/?cid=5290672590993727473,chi,2,59.504898,24.827896,ChIJBVjU8peSkkYR8Z8TubA-bEk
,,,Shaurma Kebab,3.9,176,$,Middle Eastern,Middle Eastern Restaurant,restaurant; cheap-eats,"possible second location of ""Shaurma Kebab Linnamäe"" (7.1 km away) - verify","Suur-Karja tn 18a, 10146 Tallinn",10146,Mon 11:00-23:00; Tue 11:00-23:00; Wed 11:00-23:00; Thu 11:00-23:00; Fri 11:00-06:00; Sat 11:00-06:00; Sun 11:00-23:00,+372 5552 5529,https://shaurmakebab.ee/et,https://maps.google.com/?cid=4650898713326422780,shaurma-kebab-2,1,59.434469,24.746526,ChIJz0Hy8f-VkkYR_Iok_rxPi0A
,,,Vapiano Viimsi,3.9,91,$$,Italian,Italian Restaurant,restaurant,outside Tallinn (Haabneeme),"Sõpruse tee 15, 74001 Haabneeme",74001,Mon 11:00-21:00; Tue 11:00-21:00; Wed 11:00-21:00; Thu 11:00-21:00; Fri 11:00-21:00; Sat 11:00-21:00; Sun 11:00-21:00,+372 5635 5060,https://vapiano.ee/,https://maps.google.com/?cid=12243229532387195112,vapiano-viimsi,2,59.504674,24.827045,ChIJY9KtOACTkkYR6LiCbWSw6Kk
,,,Tähesaju Pizzakiosk,3.9,54,$$,,Takeout Restaurant,restaurant,thin review count,"Tähesaju tee 1, 13917 Tallinn",13917,Mon 11:00-21:00; Tue 11:00-21:00; Wed 11:00-21:00; Thu 11:00-21:00; Fri 11:00-21:00; Sat 11:00-21:00; Sun 11:00-21:00,+372 603 0067,http://www.pizzakiosk.ee/,https://maps.google.com/?cid=5857788658803187565,tahesaju-pizzakiosk,2,59.441700,24.849375,ChIJTYFm98DskkYRbZ9G0b8LS1E
,,,Sushiro Kesklinn,3.9,49,$,Japanese,Japanese Restaurant,restaurant; asian; cheap-eats,thin review count,"Viru 13-15, 10111 Tallinn",10111,Mon 12:00-00:00; Tue 12:00-00:00; Wed 12:00-00:00; Thu 12:00-00:00; Fri 12:00-00:00; Sat 12:00-00:00; Sun 12:00-00:00,+372 5629 3777,https://wolt.com/et/est/tallinn/restaurant/sushiro-vanalinn,https://maps.google.com/?cid=17607179778037207498,sushiro-kesklinn,1,59.436783,24.749206,ChIJJc1jRZOVkkYRylFZprhEWfQ
,,,Plus Kohvik Ülemiste Tervisemaja 1,3.9,45,$,,Restaurant,restaurant; cheap-eats,thin review count,"Ülemiste City, Valukoja tn 7, 11415 Tallinn",11415,Mon 10:00-16:00; Tue 10:00-16:00; Wed 10:00-16:00; Thu 10:00-16:00; Fri 10:00-16:00; Sat closed; Sun closed,+372 5885 9505,http://pluskohvikud.ee/,https://maps.google.com/?cid=8561827812931921949,plus-kohvik-ulemiste-tervisemaja-1,1,59.420663,24.806556,ChIJa_Oh5xXrkkYRHejdiQi50XY
,,,Pagaripoisid,3.9,33,$,,Cafe,coffee; cheap-eats,thin review count,"Mustakivi tee 17, 13912 Tallinn",13912,Mon 09:00-20:00; Tue 09:00-20:00; Wed 09:00-20:00; Thu 09:00-20:00; Fri 09:00-20:00; Sat 09:00-19:00; Sun 10:00-18:00,+372 5626 0433,http://www.pagaripoisid.ee/,https://maps.google.com/?cid=17083848568042062399,pagaripoisid-3,1,59.443049,24.863294,ChIJAzNFeenskkYRP4K2LsIFFu0
,,,MySushi Pirita Keskus,3.9,30,$$,,Restaurant,restaurant,thin review count,"Merivälja tee 24, 12112 Tallinn",12112,Mon 11:00-21:00; Tue 11:00-21:00; Wed 11:00-21:00; Thu 11:00-21:00; Fri 11:00-22:00; Sat 11:00-22:00; Sun 11:00-21:00,+372 5777 7720,https://takeaway-pirita.mysushi.menu/,https://maps.google.com/?cid=17913200185837469820,mysushi-pirita-keskus,2,59.468688,24.835210,ChIJhe_E2A-TkkYRfMBNK6l4mPg
,,,Padellino,3.9,29,$$,Italian,Italian Restaurant,restaurant,temporarily closed; thin review count; no hours,"Suur-Karja tn 11, 10140 Tallinn",10140,,,,https://maps.google.com/?cid=16242702949350269802,padellino,2,59.435669,24.746479,ChIJ86EdXACVkkYRamM2YEasaeE
,,,Foodstop OÜ,3.9,28,$,,Restaurant,restaurant; cheap-eats,thin review count,"Lastekodu tn 46, 10112 Tallinn",10112,Mon 07:30-20:00; Tue 07:30-20:00; Wed 07:30-20:00; Thu 07:30-20:00; Fri 07:30-20:00; Sat 07:30-20:00; Sun 07:30-20:00,+372 514 0554,,https://maps.google.com/?cid=2326696805693464809,foodstop-ou,1,59.427408,24.774014,ChIJbQHyZ6iUkkYR6SBl22oWSiA
,,,Tähtikaraoke,3.8,178,$$,,Bar,pub,no hours,"Viru 21, 10148 Tallinn",10148,,,,https://maps.google.com/?cid=4574662750311460414,tahtikaraoke,2,59.436717,24.750391,ChIJnfsNOouTkkYRPq6Gp4h3fD8
,,,NuFace Balti Jaama turg,3.8,173,$,Chinese,Chinese Restaurant,restaurant; asian; cheap-eats,"same address as published ""Cafe Cape Town"" - verify","Kopli tn 1, 10412 Tallinn",10412,Mon 09:00-20:00; Tue 09:00-20:00; Wed 09:00-20:00; Thu 09:00-20:00; Fri 09:00-20:00; Sat 09:00-20:00; Sun 09:00-18:00,+372 5781 8540,http://www.nuface.ee/,https://maps.google.com/?cid=13566943557711960002,nuface-balti-jaama-turg,1,59.441214,24.734542,ChIJj8wi57WTkkYRwhcy9Uh3R7w
,,,MySushi Viimsi,3.8,149,$$,Japanese,Sushi Restaurant,restaurant; asian,outside Tallinn (Haabneeme),"Randvere tee 9, 11912 Haabneeme",11912,Mon 12:00-20:00; Tue 12:00-20:00; Wed 12:00-20:00; Thu 12:00-20:00; Fri 11:00-22:00; Sat 11:00-22:00; Sun 12:00-21:00,+372 777 7773,https://takeaway-viimsi.mysushi.menu/,https://maps.google.com/?cid=6300851838658081157,mysushi-viimsi,2,59.505511,24.828252,ChIJG6wDFpmSkkYRhfGUKV0fcVc
,,,Marii Bistroo,3.8,43,$,,Bistro,restaurant; cheap-eats,thin review count,"Mustamäe tee 16, 10621 Tallinn",10621,Mon 09:30-16:30; Tue 09:30-16:30; Wed 09:30-16:30; Thu 09:30-16:30; Fri 09:30-16:30; Sat closed; Sun closed,+372 5385 5017,,https://maps.google.com/?cid=4852261510451019935,marii-bistroo,1,59.422484,24.697719,ChIJdcDlH2CUkkYRn8C7pyKyVkM
,,,Vrapikohvik Wrap ́n ́Roll Balti Jaama Turul,3.7,128,$,,Fast Food Restaurant,restaurant; cheap-eats,"same address as published ""Cafe Cape Town"" - verify","Kopli tn 1, 10411 Tallinn",10411,Mon 09:00-20:00; Tue 09:00-20:00; Wed 09:00-20:00; Thu 09:00-20:00; Fri 09:00-20:00; Sat 09:00-20:00; Sun 09:00-18:00,+372 5691 0050,https://www.vrapikohvik.ee/,https://maps.google.com/?cid=9067602763364763775,vrapikohvik-wrap-n-roll-balti-jaama-turul,1,59.441067,24.735275,ChIJORLH-XyTkkYRfwi1yquY1n0
,,,Tantra restaurant,3.7,41,$$,Indian,Indian Restaurant,restaurant; asian,thin review count,"Nunne tn 7, 10133 Tallinn",10133,Mon 12:00-22:30; Tue 12:00-22:30; Wed 12:00-22:30; Thu 12:00-22:30; Fri 12:00-22:30; Sat 12:00-22:30; Sun 12:00-22:30,+372 675 5590,https://www.tantrarestoran.com/?utm_source=google&utm_medium=wix_google_business_profile&utm_campaign=12083657740984807712,https://maps.google.com/?cid=5883344475849813401,tantra-restaurant,2,59.438490,24.742619,ChIJbyjJsO6TkkYRme1IJqHWpVE
,,,Mama Shaurma,3.6,57,$,Middle Eastern,Shawarma Restaurant,restaurant; cheap-eats,thin review count,"Kadaka tee 7, 12611 Tallinn",12611,Mon 10:00-22:00; Tue 10:00-22:00; Wed 10:00-22:00; Thu 10:00-22:00; Fri 09:00-23:30; Sat 11:00-23:30; Sun 11:00-23:00,+372 518 0852,,https://maps.google.com/?cid=14141057259881457454,mama-shaurma,1,59.415949,24.678472,ChIJJ7yn9_GVkkYRLmexw6cgP8Q
,,,Sushi Vibes Kadaka,3.6,29,$$,,Takeout Restaurant,restaurant,thin review count,"Kadaka tee 7, 12915 Tallinn",12915,Mon 10:00-21:00; Tue 10:00-21:00; Wed 10:00-21:00; Thu 10:00-21:00; Fri 10:00-22:00; Sat 11:00-22:00; Sun 11:00-22:00,+372 518 0852,https://sushivibes.ee/,https://maps.google.com/?cid=8886340621939301817,sushi-vibes-kadaka,2,59.415737,24.678141,ChIJX6FObNiVkkYRud3Qu7afUns
,,,Vihmametsa restoran,3.6,25,$$,,Restaurant,restaurant,thin review count,"Tallinn, 13517 Tallinn",13517,Mon 10:00-19:00; Tue 10:00-19:00; Wed 10:00-19:00; Thu 10:00-19:00; Fri 10:00-19:00; Sat 10:00-19:00; Sun 10:00-19:00,,,https://maps.google.com/?cid=13489297634006805100,vihmametsa-restoran,2,59.420135,24.660767,ChIJi7AUVQCVkkYRbCp-kLqcM7s
,,,Wall Street Burger Kadaka,3.5,49,$$,American,Hamburger Restaurant,restaurant,thin review count,"Kadaka tee 70c, 12618 Tallinn",12618,Mon 12:00-01:00; Tue 12:00-01:00; Wed 12:00-01:00; Thu 12:00-01:00; Fri 12:00-01:00; Sat 12:00-01:00; Sun 12:00-01:00,+372 5600 3719,https://wallst.ee/,https://maps.google.com/?cid=7616121521167538152,wall-street-burger-kadaka,2,59.406895,24.658817,ChIJcaWzSF6VkkYR6Bdm6yvmsWk
,,,Mad House,3.5,35,$$,,Restaurant,restaurant,temporarily closed; thin review count; no hours,"Viru 23, 10148 Tallinn",10148,,+372 5807 9209,https://www.instagram.com/madhouse.lounge/,https://maps.google.com/?cid=119969464639620723,mad-house,2,59.436708,24.750768,ChIJv7vr9HmTkkYRcwa9q5c3qgE
,,,Mi Casa Burritos,3.4,48,$,Mexican,Mexican Restaurant,restaurant; cheap-eats,thin review count,"Passenger Terminal, 10112 Tallinn",10112,Mon 10:00-20:00; Tue 10:00-20:00; Wed 10:00-20:00; Thu 10:00-20:00; Fri 10:00-20:00; Sat 10:00-20:00; Sun 10:00-20:00,,,https://maps.google.com/?cid=3583577915227845671,mi-casa-burritos,1,59.416578,24.799533,ChIJyYUm42zrkkYRJzQXliBtuzE
,,,Meat & Bun Burger Peetri,3.4,47,$$,,Fast Food Restaurant,restaurant,thin review count,"Vägeva tee 3a, 75312 Tallinn",75312,Mon 10:30-23:00; Tue 10:30-23:00; Wed 10:30-23:00; Thu 10:30-23:00; Fri 10:30-00:00; Sat 11:30-00:00; Sun 11:30-23:00,+372 5555 8036,,https://maps.google.com/?cid=12264538951705301440,meat-bun-burger-peetri,2,59.393265,24.819061,ChIJLaxL6EuVkkYRwBFWPjJlNKo
,,,Chef Lawash Mustamäe,3.4,39,$,,Fast Food Restaurant,restaurant; cheap-eats,thin review count,"Artelli tn 19, 10621 Tallinn",10621,Mon 11:00-03:00; Tue 11:00-03:00; Wed 11:00-03:00; Thu 11:00-03:00; Fri 11:00-03:00; Sat 11:00-03:00; Sun 11:00-03:00,+372 5604 5645,https://cheflawash.ee/chef-lawash-mustamae,https://maps.google.com/?cid=15982612512995813185,chef-lawash-mustamae,1,59.416944,24.685751,ChIJI8eyJgCVkkYRQSfUq2alzd0
,,,Raekoja Pubi,3.4,29,$$,,Restaurant,restaurant,thin review count,"Raekoja plats 13, 10146 Tallinn",10146,Mon 12:00-00:00; Tue 12:00-00:00; Wed 12:00-00:00; Thu 12:00-00:00; Fri 12:00-00:00; Sat 12:00-00:00; Sun 12:00-00:00,+372 5367 7745,,https://maps.google.com/?cid=14024096721821763783,raekoja-pubi,2,59.437579,24.746162,ChIJf-xLBwCTkkYRxwjoZ6qZn8I
,,,Peetri Pizza,3.3,46,$,Pizza,Pizza Restaurant,restaurant; cheap-eats,thin review count; outside Tallinn (Peetri),"Veesaare tee 2, 75312 Peetri",75312,Mon 11:00-20:00; Tue 11:00-20:00; Wed 11:00-20:00; Thu 11:00-20:00; Fri 11:00-21:00; Sat 11:00-21:00; Sun 11:00-20:00,+372 601 8011,https://peetripizza.ee/pizzeria/peetri-selver,https://maps.google.com/?cid=4911429284247340201,peetri-pizza-11,1,59.402403,24.811292,ChIJCcGOv0HrkkYRqYQDg-nmKEQ
,,,Sushi Velvet,3.3,41,$$$,Japanese,Sushi Restaurant,restaurant; asian,thin review count,"Supluse pst 1, 11911 Tallinn",11911,Mon 11:00-22:30; Tue 11:00-22:30; Wed 11:00-22:30; Thu 11:00-23:30; Fri 11:00-23:30; Sat 11:00-23:30; Sun 11:00-22:30,+372 5334 0200,http://sushivelvet.ee/,https://maps.google.com/?cid=7339096671706489906,sushi-velvet,3,59.471926,24.831570,ChIJk0-oO9SSkkYRMiRR6Ym12WU
,,,Bistro Bauhaus,3.3,39,$,,Cafe,coffee; cheap-eats,thin review count,"Tähesaju tee 8, 13917 Tallinn",13917,Mon 08:00-19:00; Tue 08:00-19:00; Wed 08:00-19:00; Thu 08:00-19:00; Fri 08:00-19:00; Sat closed; Sun closed,,,https://maps.google.com/?cid=13204881814439849850,bistro-bauhaus,1,59.441656,24.856725,ChIJFb3xeurskkYReu-zOgwqQbc
,,,Hesburger Viimsi Keskus,3.2,292,,American,Hamburger Restaurant,restaurant,outside Tallinn (Haabneeme),"Sõpruse tee 15, 74001 Haabneeme",74001,Mon 08:00-22:00; Tue 08:00-22:00; Wed 08:00-22:00; Thu 08:00-22:00; Fri 08:00-22:00; Sat 08:00-22:00; Sun 08:00-22:00,+372 5551 0696,https://www.hesburger.ee/restoranid?tid=719,https://maps.google.com/?cid=13798253608206661213,hesburger-viimsi-keskus,,59.504674,24.827045,ChIJbTPb8peSkkYRXfbo5Yw-fb8
,,,Hesburger Peetri Selver,3.2,149,,American,Hamburger Restaurant,restaurant,outside Tallinn (Peetri),"Veesaare tee 2, 75312 Peetri",75312,Mon 08:00-22:00; Tue 08:00-22:00; Wed 08:00-22:00; Thu 08:00-22:00; Fri 08:00-22:00; Sat 08:00-22:00; Sun 08:00-22:00,+372 5553 7881,https://www.hesburger.ee/restoranid?tid=665,https://maps.google.com/?cid=18318428149359434886,hesburger-peetri-selver,,59.402068,24.811756,ChIJQU6YxkHrkkYRhtwVvlghOP4
,,,Caffeine EE,3.2,35,$,,Coffee Shop,coffee; cheap-eats,thin review count,"Tallinn, 10143 Tallinn",10143,Mon 08:00-21:00; Tue 08:00-21:00; Wed 08:00-21:00; Thu 08:00-21:00; Fri 08:00-21:00; Sat 08:00-21:00; Sun 09:00-20:00,,https://caffeine.ee/,https://maps.google.com/?cid=1625595748121197308,caffeine-ee-7,1,59.433781,24.750844,ChIJyQVIBgCVkkYR_DomW7hGjxY
,,,Sauna Club Tallinn,3.2,34,,,Association / Organization,restaurant,may not be a restaurant; thin review count,"Vana-Viru tn 14, 10148 Tallinn",10148,Mon 00:00-24:00; Tue 00:00-24:00; Wed 00:00-24:00; Thu 00:00-24:00; Fri 00:00-24:00; Sat 00:00-24:00; Sun 00:00-24:00,+372 642 0444,http://www.saunaclub.ee/,https://maps.google.com/?cid=16574745610758953499,sauna-club-tallinn,,59.437000,24.752670,ChIJ-8L1rGGTkkYRG5rA81BTBeY
,,,Lautanen Grill-Baar,3.1,103,,,Restaurant,restaurant,temporarily closed; no hours,"Sadama 6, Kai tn 5, 10111 Tallinn",10111,,+372 5906 8800,,https://maps.google.com/?cid=14633749815851296782,lautanen-grill-baar,,59.443232,24.755402,ChIJgZamh2aTkkYRDijBseyFFcs
,,,Estburger,3.0,74,$,,Restaurant,restaurant; cheap-eats,temporarily closed; no hours,"Harju tn 40a, 10130 Tallinn",10130,,+372 5556 2032,,https://maps.google.com/?cid=7379740513361479191,estburger,1,59.435008,24.742845,ChIJbyfv652UkkYRF0Z4ueUaamY
,,,Restoran Grill 250°,3.0,62,$$,,Buffet Restaurant,restaurant,temporarily closed; no hours,"Paldiski mnt 4, 10149 Tallinn",10149,,+372 628 8153,http://www.facebook.com/restoranGrill250/?ref=page_internal,https://maps.google.com/?cid=10915461947266638005,restoran-grill-250,2,59.435238,24.731198,ChIJlcYoIIOUkkYRtSAf9s6Ce5c
,,,Blender,2.9,51,$$,,Juice Shop,restaurant,thin review count,"Shopping Centre Nautica 10151 Tallinn, 10151 Tallinn",10151,Mon 09:00-20:00; Tue 09:00-20:00; Wed 09:00-20:00; Thu 09:00-20:00; Fri 09:00-20:00; Sat 09:00-20:00; Sun 09:00-18:00,,http://blenderjuice.ee/,https://maps.google.com/?cid=18042094500833011000,blender,2,59.441239,24.761997,ChIJjT2LjTaTkkYROCUufltlYvo
,,,Makai,2.9,41,$$,Japanese,Sushi Restaurant,restaurant; asian,thin review count,"Mere pst, 10111 Tallinn",10111,Mon 12:00-22:00; Tue 12:00-22:00; Wed 12:00-22:00; Thu 12:00-22:00; Fri 12:00-22:00; Sat 12:00-22:00; Sun 12:00-22:00,,http://www.makai.ee/,https://maps.google.com/?cid=7306926295129551810,makai,2,59.438195,24.754326,ChIJq_LXYwCTkkYRwnMobcBqZ2U
,,,Peetri Pizza Tähesaju,2.9,31,$,Pizza,Pizza Restaurant,restaurant; cheap-eats,thin review count,"Mustakivi tee 17, 13912 Tallinn",13912,Mon 11:00-21:00; Tue 11:00-21:00; Wed 11:00-21:00; Thu 11:00-21:00; Fri 11:00-21:00; Sat 11:00-21:00; Sun 11:00-21:00,+372 648 5485,https://www.peetripizza.ee/telli/pizzeria,https://maps.google.com/?cid=4426385985903616653,peetri-pizza-tahesaju,1,59.442906,24.862310,ChIJWQPzDO7tkkYRjWKNKJqubT0
,,,Ron Maca Resto,2.7,41,,,Restaurant,restaurant,thin review count,"Rävala pst, 10117 Tallinn",10117,Mon 10:00-19:00; Tue 10:00-19:00; Wed 10:00-19:00; Thu 10:00-19:00; Fri 10:00-19:00; Sat 10:00-19:00; Sun 10:00-18:00,,,https://maps.google.com/?cid=16284715928620500313,ron-maca-resto,,59.431948,24.761537,ChIJX60gYl-TkkYRWQWSYdvu_uE
,,,Bailabaila,2.4,49,,,Bar,pub,thin review count,"Sauna tn 1, 10140 Tallinn",10140,Mon closed; Tue closed; Wed closed; Thu closed; Fri 23:00-05:00; Sat 23:00-05:00; Sun closed,,https://www.facebook.com/BailaBarTallinn,https://maps.google.com/?cid=13905068379181366046,bailabaila,,59.435947,24.747659,ChIJs2u9QwCTkkYRHjufxgS6-MA
