name,category,cuisine,rating,reviews,price,status,address,postal_code,city,phone,website,opening_hours,tags,latitude,longitude,maps_url,place_id
Ruk Thai Tai Köök Kadriorg,Thai Restaurant,Thai,5.0,117,$$,Open,A. Weizenbergi tn 9,10150,Tallinn,+372 5650 6357,http://www.rukthai.ee/,Mon 12:00-20:00; Tue 12:00-20:00; Wed 12:00-20:00; Thu 12:00-20:00; Fri 12:00-20:00; Sat 12:00-20:00; Sun closed,Thai Restaurant,59.439020,24.778672,https://maps.google.com/?cid=4782107412051201906,ChIJUdUjCV2TkkYRcg8TxVp1XUI
Kartul,Restaurant,,5.0,101,$,Open,Kopli tn 16,10412,Tallinn,+372 529 2456,https://kartul.space/,Mon closed; Tue closed; Wed 12:00-20:00; Thu 12:00-20:00; Fri 12:00-23:00; Sat 12:00-23:00; Sun 12:00-20:00,Cafe; Bar,59.441827,24.733238,https://maps.google.com/?cid=6753440464125635272,ChIJS2PX_Y6TkkYRyCr1I1IKuV0
Austerium oyster bar & wine,Oyster Bar Restaurant,Seafood,5.0,95,$$$,Open,Rävala pst 19,10143,Tallinn,+372 5622 3688,http://www.austerium.ee/,Mon closed; Tue 17:00-21:00; Wed 17:00-21:00; Thu closed; Fri 17:00-22:00; Sat 17:00-21:00; Sun closed,Oyster Bar Restaurant; Wine Bar; Bar; Farm; Seafood Restaurant; Service,59.430621,24.748519,https://maps.google.com/?cid=12099634709869731183,ChIJcZzHCzeVkkYRb53FeamJ6qc
Grüne Resto,Restaurant,,5.0,45,$,Open,Meistri tn 14,13517,Tallinn,+372 5668 0540,https://restogryne.ee/,Mon 08:30-15:30; Tue 08:30-15:30; Wed 08:30-15:30; Thu 08:30-15:30; Fri 08:30-15:30; Sat closed; Sun closed,Wedding Venue; Event Venue; Service,59.414291,24.661509,https://maps.google.com/?cid=13814589807582779869,ChIJs2xWQLKVkkYR3Rm0tjxIt78
Ocean Sushi Tallinn,Sushi Restaurant,Japanese,5.0,39,$$,Open,Liivalaia tn 14,10118,Tallinn,+372 5858 4582,https://oceansushi.ee/,Mon 11:00-22:00; Tue 11:00-22:00; Wed 11:00-22:00; Thu 11:00-22:00; Fri 11:00-23:00; Sat 11:00-23:00; Sun 11:00-22:00,Sushi Restaurant; Japanese Restaurant,59.427614,24.747576,https://maps.google.com/?cid=98547156745918478,ChIJx8oey_-VkkYRDhh37x0cXgE
KIN KIN Taiköök,Thai Restaurant,Thai,5.0,29,$$,Open,Katusepapi tn 4/1,11412,Tallinn,+372 5846 6190,,Mon 10:30-19:00; Tue 10:30-19:00; Wed 10:30-19:00; Thu 10:30-19:00; Fri 10:30-19:00; Sat 11:00-18:00; Sun 12:00-18:00,Thai Restaurant,59.427563,24.782701,https://maps.google.com/?cid=11638165935652800597,ChIJ8dmu7cGVkkYRVQijv0ESg6E
Don Kartashon,Bar,,5.0,26,$$,Open,C. R. Jakobsoni tn 4,10128,Tallinn,+372 5346 9342,https://donkartashon.eu/,Mon closed; Tue 12:00-20:00; Wed 12:00-20:00; Thu 12:00-20:00; Fri 12:00-22:00; Sat 12:00-22:00; Sun closed,Bar; Fast Food Restaurant,59.431938,24.769420,https://maps.google.com/?cid=9328560757232767725,ChIJMS3wbSiVkkYR7RKCeJW0dYE
Saffron Restoran,Asian Restaurant,Asian,4.9,733,$$,Open,Gonsiori tn 12,10117,Tallinn,+372 558 4898,https://www.saffronrestoran.com/,Mon 11:00-23:00; Tue 11:00-23:00; Wed 11:00-23:00; Thu 11:00-23:00; Fri 11:00-23:00; Sat 11:00-23:00; Sun 11:00-23:00,Asian Restaurant,59.434820,24.761991,https://maps.google.com/?cid=364066745150538279,ChIJQerzCduTkkYRJwI7m8ZsDQU
Ramen Taro Laulupeo,Ramen Restaurant,Japanese,4.9,530,$$,Open,Laulupeo tn 1,10121,Tallinn,+372 335 7735,https://www.ramentaro2023.com/,Mon 11:30-18:00; Tue 11:30-18:00; Wed 11:30-18:00; Thu 11:30-18:00; Fri 11:30-21:00; Sat 11:30-21:00; Sun 11:30-18:00,Ramen Restaurant; Noodle Shop; Japanese Restaurant,59.430261,24.772687,https://maps.google.com/?cid=18434660165404922851,ChIJAYRP8LuTkkYR4xMB2r8R1f8
Pizzeria Santa Lucia,Pizza Restaurant,Pizza,4.9,455,$$,Open,Kopli tn 27,10412,Tallinn,+372 5802 7586,https://santalucia.pizza/,Mon closed; Tue 16:00-22:00; Wed 16:00-22:00; Thu 16:00-22:00; Fri 16:00-22:00; Sat 13:00-22:00; Sun closed,Pizza Restaurant,59.449203,24.710323,https://maps.google.com/?cid=2640783189742611117,ChIJ5_Tggu6VkkYRrWpu0VHypSQ
Osteria Moderna Itaalia Restoran,Restaurant,,4.9,415,$$,Open,Tina tn 21,10126,Tallinn,+372 5387 8848,https://www.osteriamoderna.ee/,Mon closed; Tue 16:00-21:30; Wed 16:00-21:30; Thu 16:00-21:30; Fri 16:00-22:00; Sat 16:00-22:00; Sun closed,,59.435926,24.770253,https://maps.google.com/?cid=11895670272430842404,ChIJa-HQBOOVkkYRJCJqORbpFaU
KebabRA,Fast Food Restaurant,Middle Eastern,4.9,400,$,Open,Võrgu tn 3,10415,Tallinn,+372 5665 5804,https://kebabra.ee/,Mon 11:00-22:00; Tue 11:00-22:00; Wed 11:00-22:00; Thu 11:00-22:00; Fri 11:00-00:00; Sat 11:00-00:00; Sun 11:00-22:00,Fast Food Restaurant; Kebab Shop; Turkish Restaurant,59.445087,24.747876,https://maps.google.com/?cid=5211109615800229839,ChIJ79iYK4iTkkYRzx9l_5WUUUg
Restaurant Purèe,Vegetarian Restaurant,Vegan / Vegetarian,4.9,245,$,Open,Rotermanni tn 2,10111,Tallinn,+372 5304 5759,https://mymenuweb.com/int/restaurants/1762773/?utm_source=google_profile&utm_medium=google_profile&utm_campaign=admin,Mon 09:00-16:30; Tue 09:00-16:30; Wed 09:00-16:30; Thu 09:00-16:30; Fri 09:00-17:00; Sat closed; Sun closed,Vegetarian Restaurant,59.439062,24.758346,https://maps.google.com/?cid=11201692241835621988,ChIJnSTSt2CTkkYRZH7crb5ndJs
HalaLish Telliskivi,Fast Food Restaurant,,4.9,241,$$,Open,Telliskivi tn 24,10611,Tallinn,+372 5835 7478,https://halalish.ee/,Mon 12:00-00:00; Tue 12:00-00:00; Wed 12:00-00:00; Thu 12:00-00:00; Fri 12:00-01:00; Sat 12:00-01:00; Sun 12:00-00:00,Fast Food Restaurant,59.435897,24.720951,https://maps.google.com/?cid=11299354031685095655,ChIJsU62_W6VkkYR59D3EaBez5w
Akadeemia Kohv,Coffee Shop,,4.9,214,$,Open,Akadeemia tee 24,12611,Tallinn,+372 5686 0674,https://akadeemiakohv.ee/,Mon 09:00-18:00; Tue 09:00-18:00; Wed 09:00-18:00; Thu 09:00-18:00; Fri 09:00-18:00; Sat 09:00-18:00; Sun 09:00-16:00,Coffee Shop; Banquet Hall; Dessert Shop; Cafe; Event Venue; Association Or Organization; Confectionery; Food Store,59.397313,24.666831,https://maps.google.com/?cid=16015525508568982112,ChIJI64XVgCVkkYRYCJ2nZiTQt4
Klorofüll,Restaurant,Vegan / Vegetarian,4.9,188,$$,Open,"ARS Kunstilinnak, Pärnu mnt 154, Ruum 208",11317,Tallinn,+372 5650 7996,https://linktr.ee/Klorofull_Tallinn?utm_source=linktree_profile_share&ltsid=612e2c90-a129-4a96-abfc-52d2404b3a21,Mon 11:00-19:00; Tue 11:00-19:00; Wed 11:00-19:00; Thu 11:00-19:00; Fri 11:00-19:00; Sat 11:00-17:00; Sun closed,Vegan Restaurant; Vegetarian Restaurant,59.408213,24.734119,https://maps.google.com/?cid=8933771830053702653,ChIJq5zeFe6VkkYR_Qu-ciUi-3s
Nora's Kitchen,Filipino Restaurant,Filipino,4.9,166,$$,Open,Pärnu mnt. 32,10141,Tallinn,+372 8127 5709,https://noraskitcheneesti.com/,Mon closed; Tue 11:00-20:00; Wed 11:00-20:00; Thu 11:00-20:00; Fri 11:00-20:00; Sat 11:00-20:00; Sun 11:00-20:00,Filipino Restaurant,59.430498,24.744872,https://maps.google.com/?cid=11139560434017308639,ChIJ0zHU-reTkkYR3w-Z3zGrl5o
DVIN,Restaurant,,4.9,136,$$,Open,Kopli tn 71,11713,Tallinn,+372 5814 6100,,Mon 11:00-22:00; Tue 11:00-22:00; Wed 11:00-22:00; Thu 11:00-22:00; Fri 11:00-23:00; Sat 11:00-23:00; Sun 11:00-23:00,,59.455384,24.679977,https://maps.google.com/?cid=7321235581244264135,ChIJ87gTW--TkkYRx84DufhAmmU
Tuletorn Brewing,Brewpub,,4.9,132,$$,Open,Marati tn 5,11712,Tallinn,+372 5860 5504,https://tuletorn.beer/,Mon closed; Tue closed; Wed 17:00-22:00; Thu 17:00-22:00; Fri 17:00-23:00; Sat 14:00-23:00; Sun 14:00-18:00,Brewpub; Pub; Bar,59.456132,24.674932,https://maps.google.com/?cid=10202453870348513600,ChIJLUD23_KTkkYRQLFue71llo0
Bagus Bali,Indonesian Restaurant,Indonesian,4.9,117,$,Open,Raudtee tn 15,11621,Tallinn,+372 5687 6131,https://www.facebook.com/p/Bagus-Bali-61571619090499/,Mon closed; Tue 12:00-19:00; Wed 12:00-19:00; Thu 12:00-19:00; Fri 12:00-20:00; Sat 12:00-20:00; Sun closed,Indonesian Restaurant,59.385906,24.686810,https://maps.google.com/?cid=2623149960498310110,ChIJL9dJDgCVkkYR3usUtP1MZyQ
Casamia Pizza Tallinn,Pizza Restaurant,Pizza,4.9,109,$$,Temporarily closed,Tartu mnt 13,10145,Tallinn,+372 515 1648,https://casamiapizza.ee/,,Pizza Restaurant; Pizza Delivery; Meal Delivery; Food Delivery,59.434204,24.761420,https://maps.google.com/?cid=10818823657633779466,ChIJczxmWFWTkkYRCo_ayMsuJJY
Foodstudio Kitchen OÜ,Restaurant,,4.9,104,,Open,Telliskivi tn 60a-7,10142,Tallinn,+372 655 6300,https://foodstudio.ee/,,,59.438585,24.728140,https://maps.google.com/?cid=2778007577379218643,ChIJqwOvNmeTkkYR0yQIUSx3jSY
Balagan,Middle Eastern Restaurant,Middle Eastern,4.9,97,$$,Open,Kalma tn 11,10411,Tallinn,+372 512 5064,http://balagan.st/,Mon closed; Tue 10:00-21:00; Wed 10:00-21:00; Thu 10:00-21:00; Fri 10:00-21:00; Sat 10:00-21:00; Sun 10:00-21:00,Middle Eastern Restaurant,59.443323,24.734787,https://maps.google.com/?cid=2703532413529299834,ChIJH24JGYaTkkYRehsr-2fghCU
Lokaal Tilk,Bar,Vegan / Vegetarian,4.9,96,$$,Temporarily closed,Pärnu mnt. 66,10135,Tallinn,+372 5646 3525,https://www.tilk.ee/,,Bar; Vegan Restaurant; Vegetarian Restaurant; Catering Service; Food Delivery; Event Venue; Association Or Organization; Service,59.424962,24.742078,https://maps.google.com/?cid=15413401173509708888,ChIJXb8dqWGVkkYRWJyiH7Rm59U
VÕIVÕI Vanalinn,Restaurant,,4.9,85,$$$,Open,Dunkri tn 8,10123,Tallinn,+372 558 8335,https://voivoi.ee/vanalinn,Mon 12:00-00:00; Tue 12:00-00:00; Wed 12:00-00:00; Thu 12:00-00:00; Fri 12:00-00:00; Sat 12:00-00:00; Sun 12:00-00:00,,59.436968,24.743297,https://maps.google.com/?cid=2026828797879516426,ChIJb4FCEJmTkkYRCv0jlg2-IBw
Veska Söök ja Kook kohvik,Restaurant,,4.9,81,$,Open,Mustjõe tn 43,10617,Tallinn,+372 5612 2156,http://www.veska.ee/,Mon 08:30-15:00; Tue 08:30-15:00; Wed 08:30-15:00; Thu 08:30-15:00; Fri 08:30-15:00; Sat closed; Sun closed,,59.423820,24.684939,https://maps.google.com/?cid=12242521389811524425,ChIJGxeLmCyVkkYRSWPWIlcs5qk
Pastalicious,Restaurant,,4.9,80,$$,Open,Türi tn 7,11314,Tallinn,+372 5889 8654,,Mon closed; Tue 12:00-19:00; Wed 12:00-21:00; Thu 12:00-21:00; Fri 12:00-22:00; Sat 15:00-21:00; Sun closed,,59.409606,24.742414,https://maps.google.com/?cid=14098388482821085546,ChIJYbmNIaCVkkYRalkC8KCJp8M
F.Resto,Restaurant,,4.9,64,$$,Open,Võrgu tn 3,10415,Tallinn,+372 5385 5502,http://www.fresto.ee/,Mon closed; Tue 17:00-23:00; Wed 17:00-23:00; Thu 17:00-23:00; Fri 17:00-23:00; Sat 11:00-23:00; Sun 11:00-19:00,,59.445171,24.747783,https://maps.google.com/?cid=17279733356591261745,ChIJmRp9egCTkkYRMSgXle_xze8
Porgandipomm Bakery,Dessert Restaurant,,4.9,62,$,Open,Manufaktuuri t. 7/1,10412,Tallinn,+372 5812 3916,https://www.facebook.com/porgandipomm,Mon closed; Tue closed; Wed 10:00-18:00; Thu 10:00-18:00; Fri 10:00-18:00; Sat 10:00-18:00; Sun 10:00-17:00,Dessert Restaurant; Bakery; Coffee Shop; Food Store; Cafe,59.449157,24.703142,https://maps.google.com/?cid=10589207881341950414,ChIJ0bkm32uTkkYRzlknzHZs9JI
A.JU restoran,Restaurant,,4.9,54,$$$$,Open,Tartu mnt 82,10112,Tallinn,+372 5322 5165,https://ajuresto.ee/,Mon closed; Tue 12:00-23:00; Wed 12:00-23:00; Thu 12:00-23:00; Fri 17:00-00:00; Sat 17:00-00:00; Sun closed,,59.425625,24.780571,https://maps.google.com/?cid=3172423627057452249,ChIJlVe3qbWVkkYR2dTQB3u2Biw
Sepa Terrass Papa grilliga,Family Restaurant,,4.9,54,$,Open,Sepa tn 19,11712,Tallinn,+372 5358 0004,,Mon 11:00-15:00; Tue 11:00-15:00; Wed 11:00-15:00; Thu 11:00-15:00; Fri 11:00-15:00; Sat closed; Sun closed,Family Restaurant,59.460676,24.676537,https://maps.google.com/?cid=9531703158499848764,ChIJB0AC_W6TkkYRPDLagoVpR4Q
"Marok'Est OB French Tacos and Burgers ""Halal""",Fast Food Restaurant,,4.9,52,,Temporarily closed,Keevise 9-OB Keevise 9-OB,11415,Tallinn,+372 502 0048,http://instagram.com/marokest_ob?utm_source=qr,,Fast Food Restaurant,59.420162,24.799971,https://maps.google.com/?cid=14450070830853280600,ChIJDw5nyzvrkkYRWFM-ZNz2iMg
My Asian Foods,Asian Restaurant,Asian,4.9,45,$,Open,Tuukri tn 19,10152,Tallinn,+372 5688 6479,,Mon 11:00-23:00; Tue 11:00-23:00; Wed 11:00-23:00; Thu 11:00-23:00; Fri 11:00-23:00; Sat 11:00-23:00; Sun 11:00-23:00,Asian Restaurant,59.440952,24.774363,https://maps.google.com/?cid=15837985675486147265,ChIJoeZNVwCTkkYRwbITAQ_Uy9s
Amijami Sushi Põhja-Tallinn,Sushi Restaurant,Japanese,4.9,37,$$,Open,Marati tn 4a-1,11712,Tallinn,+372 5835 7555,https://www.amijami.ee/,Mon 11:30-22:00; Tue 11:30-22:00; Wed 11:30-22:00; Thu 11:30-22:00; Fri 11:30-22:00; Sat 11:30-22:00; Sun 11:30-22:00,Sushi Restaurant; Japanese Restaurant,59.457091,24.674147,https://maps.google.com/?cid=8949552863921258394,ChIJeZ4DN4mTkkYRmj-buOkyM3w
The Naturist Street Food Wonderland,Vegan Restaurant,Vegan / Vegetarian,4.9,37,$,Temporarily closed,Telliskivi tn 60m,10412,Tallinn,,,,Vegan Restaurant; Vegetarian Restaurant,59.439599,24.730882,https://maps.google.com/?cid=17401964077583034799,ChIJ3_UcDjyVkkYRr-lxBiEygPE
Kebabi Plaza Liivalaia,Kebab Shop,Middle Eastern,4.9,35,$,Open,Liivalaia tn 32,10118,Tallinn,,https://www.instagram.com/kebabiplaza/,Mon 10:00-19:00; Tue 10:00-19:00; Wed 10:00-19:00; Thu 10:00-19:00; Fri 10:00-19:00; Sat closed; Sun closed,Kebab Shop; Fast Food Restaurant; Turkish Restaurant,59.428972,24.755778,https://maps.google.com/?cid=15536089082872798020,ChIJe2lxTQCVkkYRRBt1B7VGm9c
Little Thai Kitchen in Estonia,Thai Restaurant,Thai,4.9,31,$,Temporarily closed,Kopli tee 36,75312,Peetri,,,,Thai Restaurant,59.397425,24.797578,https://maps.google.com/?cid=6052631505431129597,ChIJBb_QBr_rkkYR_W2PNUlE_1M
Elmans Bite's,Restaurant,,4.9,28,$,Open,Kopli tn 4,10411,Tallinn,+372 5382 6600,https://www.facebook.com/profile.php?id=61576176623275&sk=about,Mon closed; Tue closed; Wed 14:00-00:00; Thu 14:00-02:30; Fri 14:00-04:00; Sat 16:00-04:00; Sun 13:00-00:00,,59.441622,24.737450,https://maps.google.com/?cid=8313120603642278234,ChIJ--NPDdSTkkYRWjEU6yQjXnM
Restaurant Rataskaevu 16,Restaurant,,4.8,6587,,Open,Rataskaevu tn 16,10123,Tallinn,+372 642 4025,http://rataskaevu16.ee/,Mon 12:00-23:00; Tue 12:00-23:00; Wed 12:00-23:00; Thu 12:00-23:00; Fri 12:00-00:00; Sat 12:00-00:00; Sun 12:00-23:00,,59.436926,24.742430,https://maps.google.com/?cid=769019694017834454,ChIJAcfoe2KTkkYR1m02V1YbrAo
Vegan Restoran V,Vegan Restaurant,Vegan / Vegetarian,4.8,3245,$$,Open,Rataskaevu tn 12,10123,Tallinn,+372 626 9087,http://www.veganrestoran.ee/,Mon 12:00-23:00; Tue 12:00-23:00; Wed 12:00-23:00; Thu 12:00-23:00; Fri 12:00-23:00; Sat 12:00-23:00; Sun 12:00-23:00,Vegan Restaurant; Vegetarian Restaurant,59.437158,24.742531,https://maps.google.com/?cid=3596886369407509786,ChIJofpVY2KTkkYRGqX6iRi16jE
RØST Bakery,Bakery,,4.8,3041,$,Open,Rotermanni tn 14,10111,Tallinn,+372 5622 3239,https://rost.ee/,,Bakery,59.439123,24.758244,https://maps.google.com/?cid=11814469129852094720,ChIJP73vtWCTkkYRAAmn7hNt9aM
Väike-rataskaevu​,Restaurant,,4.8,1546,$$,Open,Niguliste tn 6,10123,Tallinn,+372 601 1311,http://rataskaevu16.ee/,Mon 18:00-23:00; Tue 18:00-23:00; Wed 18:00-23:00; Thu 18:00-23:00; Fri 18:00-00:00; Sat 12:00-00:00; Sun 18:00-23:00,,59.436425,24.742901,https://maps.google.com/?cid=5539592102894662136,ChIJIXcwdmKTkkYR-HGY5aqV4Ew
Restoran Mimosa,Restaurant,,4.8,1426,$$,Open,Viljandi mnt 6,11214,Tallinn,+372 631 3001,http://www.restoranmimosa.ee/,Mon 12:00-21:00; Tue 12:00-21:00; Wed 12:00-21:00; Thu 12:00-21:00; Fri 12:00-22:00; Sat 12:00-22:00; Sun closed,,59.391476,24.728022,https://maps.google.com/?cid=2938695815374271043,ChIJ0dFwitiUkkYRQ3JPMkZYyCg
The Kurze,Restaurant,,4.8,1220,$$,Open,Kopli tn 23,10412,Tallinn,+372 5682 2238,https://thekurze.ee/,Mon 12:00-22:00; Tue 12:00-22:00; Wed 12:00-22:00; Thu 12:00-22:00; Fri 12:00-23:00; Sat 12:00-23:00; Sun 12:00-21:00,Family Restaurant,59.444223,24.721698,https://maps.google.com/?cid=17296156696795361959,ChIJfcbci8STkkYRpzL7c-BKCPA
MyShisha Estonia - Mere resto,Hookah Bar,Japanese,4.8,1062,$$,Open,Mere pst 4,10111,Tallinn,+372 889 8888,http://shisha-estonia.ee/,Mon 13:00-23:00; Tue 13:00-23:00; Wed 13:00-00:00; Thu 13:00-00:00; Fri 13:00-02:00; Sat 13:00-02:00; Sun 13:00-23:00,Hookah Bar; Cocktail Bar; Sushi Restaurant; Gastropub; Bar; Live Music Venue; Event Venue; Japanese Restaurant,59.438238,24.754350,https://maps.google.com/?cid=1272603195919251775,ChIJi_xRHmGTkkYRPznLON0xqRE
Mix,Restaurant,,4.8,742,$$,Open,Vana-Posti tn 11,10146,Tallinn,+372 622 0998,http://www.mixrestoran.ee/,Mon 12:00-23:00; Tue 12:00-23:00; Wed 12:00-23:00; Thu 12:00-23:00; Fri 12:00-23:00; Sat 12:00-23:00; Sun 12:00-23:00,,59.435321,24.745903,https://maps.google.com/?cid=8963456619528684643,ChIJ4f4nB56UkkYRY4ShFk6YZHw
Veinirestoran Dominic,Restaurant,Italian,4.8,635,$$$,Open,Vene tn 10,10123,Tallinn,+372 641 0400,https://www.restoran.ee/,Mon 12:00-23:00; Tue 12:00-23:00; Wed 12:00-23:00; Thu 12:00-23:00; Fri 12:00-23:00; Sat 12:00-23:00; Sun closed,Wine Bar; Italian Restaurant; European Restaurant; Bar,59.437553,24.747300,https://maps.google.com/?cid=1163440819741877401,ChIJu1VyJmKTkkYRmWTn6UJfJRA
Veg Machine,Restaurant,,4.8,631,$$,Open,Kopli tn 1,10149,Tallinn,+372 5647 6253,https://vegmachine.ee/balta/?y_source=1_MzU5NjMwNzgtNzE1LWxvY2F0aW9uLndlYnNpdGU%3D,Mon 11:00-19:45; Tue 11:00-19:45; Wed 11:00-19:45; Thu 11:00-19:45; Fri 11:00-19:45; Sat 11:00-19:45; Sun 11:00-17:45,Catering Service; Food Delivery; Service,59.441052,24.735355,https://maps.google.com/?cid=5950689044911232668,ChIJx9u64nyTkkYRnBa-gigYlVI
Rohe,Vegan Restaurant,Vegan / Vegetarian,4.8,545,$$,Open,Kopli tn 4,10416,Tallinn,+372 437 0095,http://www.rohekohvik.ee/,Mon 09:00-21:00; Tue 09:00-21:00; Wed 09:00-21:00; Thu 09:00-21:00; Fri 09:00-21:00; Sat 09:00-21:00; Sun 09:00-21:00,Vegan Restaurant; Vegetarian Restaurant,59.441249,24.738167,https://maps.google.com/?cid=16572602546247991922,ChIJx8U92MqTkkYRcoLY3DW2_eU
In The 372 - Malaysian Kitchen - A Hidden Food Paradise,Malaysian Restaurant,Malaysian,4.8,513,$$,Open,"West Annex, Kopli tn 4",10416,Tallinn,+372 5851 2800,https://www.inthe372.ee/,Mon closed; Tue 17:00-21:30; Wed 16:00-21:30; Thu 17:00-21:30; Fri 17:00-21:30; Sat 13:00-21:30; Sun 13:00-21:30,Malaysian Restaurant; Bistro,59.441226,24.737387,https://maps.google.com/?cid=444719088875878959,ChIJHYfk4bqTkkYRLzpItaf1KwY
Varkizana Kreeka tavern,Greek Restaurant,Greek,4.8,475,$$,Temporarily closed,Virbi tn 4,13629,Tallinn,+372 644 6000,https://www.facebook.com/Varkizana-Kreeka-tavern-965764546774951/,,Greek Restaurant; Mediterranean Restaurant; European Restaurant,59.440814,24.842208,https://maps.google.com/?cid=2636817514342205816,ChIJ8ezFqbjskkYReEnlD4_blyQ
KOGU Resto,Restaurant,,4.8,468,$$$,Open,Võrgu tn 6,10415,Tallinn,+372 550 1621,https://koguresto.ee/,Mon closed; Tue 17:00-23:00; Wed 17:00-23:00; Thu 17:00-23:00; Fri 17:00-23:00; Sat 12:00-23:00; Sun 12:00-20:00,,59.445393,24.747801,https://maps.google.com/?cid=8861035876254323644,ChIJFdzatuGTkkYRvJMhgi65-Ho
"Port Desina Bistroo, Pitsa, Sushi, Šašlõkk",Bistro,,4.8,456,$,Open,"Paavli 1, Kopli tn 33",10412,Tallinn,+372 5822 5654,http://www.portdesina.ee/,Mon 09:00-19:00; Tue 09:00-19:00; Wed 09:00-19:00; Thu 09:00-19:00; Fri 09:00-22:00; Sat 11:00-22:00; Sun 11:00-19:00,Bistro,59.450112,24.708478,https://maps.google.com/?cid=3338760764234988615,ChIJLa8A0V-TkkYRR_w8vjmpVS4
Shaurma Kebab Õismäe,Turkish Restaurant,Middle Eastern,4.8,453,$,Open,Õismäe tee 1c,13511,Tallinn,+372 5800 0808,https://shaurmakebab.ee/et,Mon 00:00-24:00; Tue 00:00-24:00; Wed 00:00-24:00; Thu 00:00-24:00; Fri 00:00-24:00; Sat 00:00-24:00; Sun 00:00-24:00,Turkish Restaurant; Fast Food Restaurant; Middle Eastern Restaurant,59.413139,24.654397,https://maps.google.com/?cid=11214898010542713224,ChIJW74Q0COVkkYRiCmiTlJSo5s
Alanya Grill Turkish,Turkish Restaurant,Turkish,4.8,415,$$,Temporarily closed,Keldrimäe tn 9,10113,Tallinn,+372 5668 8981,https://alanyagrill.ee/,,Turkish Restaurant,59.429873,24.766951,https://maps.google.com/?cid=2393676390006883540,ChIJRxdwJ4STkkYR1ISZlf4LOCE
Pizzer,Pizza Restaurant,Pizza,4.8,404,$$,Open,Toompuiestee 37,10149,Tallinn,+372 550 2128,https://www.facebook.com/pizzeripizza/,Mon 12:00-21:00; Tue 12:00-21:00; Wed 12:00-21:00; Thu 12:00-21:00; Fri 12:00-21:00; Sat 12:00-21:00; Sun 12:00-21:00,Pizza Restaurant,59.440722,24.737686,https://maps.google.com/?cid=10372499915162989789,ChIJRWkl2XyTkkYR3TQPjLeF8o8
Garden Cafe,Restaurant,,4.8,389,$$,Open,Vana-Kalamaja tn 7a,10412,Tallinn,+372 550 4900,http://www.flowergarden.ee/,Mon closed; Tue 12:00-21:00; Wed 10:00-21:00; Thu 10:00-21:00; Fri 10:00-22:00; Sat 10:00-22:00; Sun 11:00-19:00,Cafe,59.442511,24.737996,https://maps.google.com/?cid=8985909993158455547,ChIJu0KfZUCTkkYR-7DXhYddtHw
Como restoran & pizzeria,Italian Restaurant,Italian,4.8,307,$$,Open,Narva mnt 36,10120,Tallinn,+372 554 1451,http://www.comorestoran.ee/,Mon 12:00-22:00; Tue 12:00-22:00; Wed 12:00-22:00; Thu 12:00-22:00; Fri 12:00-00:00; Sat 12:00-00:00; Sun 12:00-22:00,Italian Restaurant; European Restaurant; Pizza Restaurant,59.438201,24.771510,https://maps.google.com/?cid=8991008083365107301,ChIJbXAHLgCTkkYRZZakJTd6xnw
SIIAM Tai söögikoht,Thai Restaurant,Thai,4.8,307,$,Open,Juurdeveo tn 27,11313,Tallinn,+372 5670 0135,http://www.siiam.ee/,Mon 11:00-19:00; Tue 11:00-19:00; Wed 11:00-19:00; Thu 11:00-19:00; Fri 11:00-19:00; Sat closed; Sun closed,Thai Restaurant,59.413277,24.745979,https://maps.google.com/?cid=359157812101125001,ChIJhVYFINCVkkYRiROYkCD8-wQ
New Thai Kalamaja,Thai Restaurant,Thai,4.8,304,$$,Open,Vana-Kalamaja tn 18,10414,Tallinn,+372 5665 3952,http://newthai.ee/,Mon 12:00-21:00; Tue 12:00-21:00; Wed 12:00-21:00; Thu 12:00-21:00; Fri 12:00-21:00; Sat 13:00-21:00; Sun 13:00-21:00,Thai Restaurant,59.443953,24.738111,https://maps.google.com/?cid=2313182755448457131,ChIJ8xcZO7uTkkYRq4cQ13UTGiA
Kooker Kadaka tee,Restaurant,,4.8,272,$,Open,Kadaka tee 5,10621,Tallinn,+372 5192 0709,https://kooker.ee/,Mon 07:30-20:00; Tue 07:30-20:00; Wed 07:30-20:00; Thu 07:30-20:00; Fri 07:30-20:00; Sat 07:30-20:00; Sun 07:30-20:00,Cafe,59.415973,24.680887,https://maps.google.com/?cid=11499699043828444775,ChIJY7lAV7WVkkYRZy5LM1ojl58
Kleo Gastro,Restaurant,,4.8,271,$$,Open,Pikk tn 37-A,10133,Tallinn,+372 524 3533,https://www.facebook.com/kleogastropub/,Mon 12:00-22:00; Tue 12:00-22:00; Wed 12:00-22:00; Thu 12:00-22:00; Fri 12:00-23:00; Sat 12:00-23:00; Sun 12:00-21:00,Bar,59.439261,24.746613,https://maps.google.com/?cid=16705180628810654479,ChIJHZmHcfGTkkYRD-P-KEa51Oc
Ports Kitchen & Bar,Restaurant,,4.8,271,$$,Open,Pikk tn 36,10133,Tallinn,+372 5698 2886,https://ports.ee/,Mon 12:00-22:00; Tue 12:00-23:00; Wed 12:00-23:00; Thu 12:00-23:00; Fri 12:00-01:00; Sat 12:00-01:00; Sun 12:00-22:00,,59.439769,24.747163,https://maps.google.com/?cid=16672793497553966913,ChIJMdIrl8WTkkYRQZcli1mpYec
Kooker Raekoja plats,Restaurant,,4.8,247,$,Open,"Tallinna raekoda, Raekoja plats 1",10146,Tallinn,+372 5197 1231,https://kooker.ee/,Mon 11:00-20:00; Tue 11:00-20:00; Wed 11:00-20:00; Thu 11:00-20:00; Fri 10:00-20:00; Sat 10:00-20:00; Sun 10:00-20:00,Cafe,59.437021,24.744984,https://maps.google.com/?cid=9121891510279279569,ChIJ82k5pBqTkkYR0RPZrf93l34
KÜÜSLAUK - Wok & Kebab,Restaurant,,4.8,226,$$,Open,Sadama tn 7,10111,Tallinn,+372 5424 0020,http://www.kuuslauk.eu/,Mon 11:30-21:00; Tue 11:30-21:00; Wed 11:30-21:00; Thu 11:30-21:00; Fri 11:30-21:00; Sat 11:30-21:00; Sun 12:00-20:00,,59.444461,24.754755,https://maps.google.com/?cid=4638692778599232040,ChIJ6TVYVt6TkkYRKLKTWoHyX0A
Veg B12 VEGANKOHVIK,Vegan Restaurant,Vegan / Vegetarian,4.8,226,$,Open,Kopli tn,10412,Tallinn,+372 5199 7679,http://www.vegb12.ee/,Mon 09:00-19:00; Tue 09:00-19:00; Wed 09:00-19:00; Thu 09:00-19:00; Fri 09:00-19:00; Sat 09:00-19:00; Sun 09:00-17:00,Vegan Restaurant; Vegetarian Restaurant,59.441021,24.736740,https://maps.google.com/?cid=10704290377059026976,ChIJ8wAlKgqTkkYRIEg8WWJHjZQ
Kaheksa,Tapas Restaurant,Spanish,4.8,211,$$,Open,Suur-Karja tn 8,10140,Tallinn,+372 5886 8213,http://www.kaheksas.ee/,Mon 12:00-23:00; Tue 12:00-23:00; Wed 12:00-23:00; Thu 12:00-23:00; Fri 12:00-00:00; Sat 12:00-00:00; Sun 12:00-22:00,Tapas Restaurant; Spanish Restaurant; European Restaurant; Event Venue,59.435709,24.746088,https://maps.google.com/?cid=5803404787744546936,ChIJU9O32D2TkkYReKBQHejViVA
MyShisha Estonia - Kai resto,Hookah Bar,,4.8,187,$$,Temporarily closed,Mere pst 20c,10111,Tallinn,+372 755 6000,https://shisha-estonia.ee/,,Hookah Bar; Cocktail Bar; Live Music Venue; Event Venue; Bar,59.448137,24.753646,https://maps.google.com/?cid=14485810814831495117,ChIJ5RofRsWTkkYRzQeL3S_wB8k
Nunne Õllekoda,Restaurant,,4.8,183,$$,Open,Rüütli 28,10130,Tallinn,+372 502 8901,https://www.facebook.com/nunneollekoda/,Mon 12:00-20:00; Tue 12:00-20:00; Wed 12:00-20:00; Thu 12:00-22:00; Fri 12:00-22:00; Sat 12:00-00:00; Sun closed,,59.434816,24.741761,https://maps.google.com/?cid=6917640649224917211,ChIJtx3AcwCVkkYR25Da7IRlAGA
TukTuk,Thai Restaurant,Thai,4.8,178,$$,Open,Tulika tn 19B,10613,Tallinn,+372 5619 3504,https://www.facebook.com/Tuktutaifoods/,Mon 11:00-21:00; Tue 11:00-21:00; Wed 11:00-21:00; Thu 11:00-21:00; Fri 11:00-21:00; Sat 12:00-21:00; Sun 12:00-20:00,Thai Restaurant,59.429250,24.720329,https://maps.google.com/?cid=10760413053039670790,ChIJ6yq6WzzrkkYRBvbnHqmqVJU
Sushi Guru Kristiine,Delivery Restaurant,,4.8,172,,Temporarily closed,Tulika tn 19,10613,Tallinn,+372 5880 0038,http://www.sushiguru.ee/,,Meal Delivery; Food Delivery,59.429088,24.720120,https://maps.google.com/?cid=7065787721373142769,ChIJH0yoX7SVkkYR8U7DFn-4DmI
Hungry Papa,Hamburger Restaurant,American,4.8,158,$$,Open,Tähesaju tee 11,13917,Tallinn,+372 5605 0130,https://hungrypapa.choiceqr.com/delivery/section:menuu-ja-tellimine,Mon closed; Tue 11:00-22:00; Wed 11:00-22:00; Thu 11:00-22:00; Fri 12:00-22:55; Sat 12:00-22:55; Sun 12:00-22:55,Hamburger Restaurant; Bar; American Restaurant,59.442981,24.855783,https://maps.google.com/?cid=12825846691712885789,ChIJuaUoR5vtkkYRHWQqo5yP_rE
Anatoolia Restoran,Restaurant,,4.8,146,$$,Open,Pärnu mnt. 146-51,11317,Tallinn,+372 5552 2628,http://www.anatoolia.eu/,Mon 11:00-22:00; Tue 11:00-22:00; Wed 11:00-22:00; Thu 11:00-22:00; Fri 11:00-22:00; Sat 11:00-22:00; Sun 11:00-20:00,,59.410028,24.735592,https://maps.google.com/?cid=8197321466929495301,ChIJA15ccMqVkkYRBT0EYnG8wnE
Le Lac Restoran,Restaurant,,4.8,146,$$,Open,"Hotell Ülemiste, Lennujaama tee 2",11101,Tallinn,+372 698 9616,https://lelac.ee/,Mon 12:00-22:00; Tue 12:00-22:00; Wed 12:00-22:00; Thu 12:00-22:00; Fri 12:00-22:00; Sat 12:00-22:00; Sun 12:00-22:00,,59.419633,24.793935,https://maps.google.com/?cid=3475927872371723531,ChIJeUZdJrTrkkYRC42Y0fv5PDA
Morel Bistroo,Restaurant,,4.8,142,$$,Open,Toom-Kuninga tn 21,10122,Tallinn,+372 517 3121,https://www.instagram.com/morelbistroo/,Mon 12:00-22:00; Tue 12:00-23:00; Wed 12:00-23:00; Thu 12:00-23:00; Fri 12:00-23:00; Sat 11:00-23:00; Sun closed,,59.426694,24.736032,https://maps.google.com/?cid=12356734503417428679,ChIJ9eDhaQCVkkYRxzoC5I_we6s
Best Fries,Fast Food Restaurant,,4.8,140,$,Open,Viru 26,10140,Tallinn,+372 5786 7400,https://golden-fry-conversion.lovable.app/,Mon 11:00-00:00; Tue 11:00-00:00; Wed 11:00-00:00; Thu 11:00-00:00; Fri 11:00-04:00; Sat 11:00-04:00; Sun 11:00-00:00,Fast Food Restaurant,59.436467,24.750493,https://maps.google.com/?cid=9201248661160394376,ChIJ3fx2SACTkkYRiP6AMuhmsX8
Lumen Restaurant,Restaurant,,4.8,134,$$$$,Open,Rataskaevu tn 8,10123,Tallinn,+372 5451 1164,http://www.lumenresto.ee/,Mon 17:00-23:00; Tue 17:00-23:00; Wed 17:00-23:00; Thu 17:00-23:00; Fri 14:00-23:00; Sat 14:00-23:00; Sun 12:00-21:00,,59.437278,24.742650,https://maps.google.com/?cid=13815012630074436081,ChIJaVxO2wmTkkYR8Skfv8rIuL8
1falafel,Falafel Restaurant,Middle Eastern,4.8,125,$,Temporarily closed,Kotzebue 18E Sesoonist edasi hoovi :,10411,Tallinn,+372 8282 0009,https://1falafel.com/,,Falafel Restaurant; Food Store,59.443040,24.734681,https://maps.google.com/?cid=8356562681602459683,ChIJuajpEVyTkkYRI0gz5Ht5-HM
Kodu Coffee Roaster,Coffee Shop,,4.8,123,$,Open,Sadama tn 4,10111,Tallinn,+372 5690 6266,https://www.kodu.coffee/,Mon 08:00-18:00; Tue 08:30-18:00; Wed 08:30-18:00; Thu 08:00-18:00; Fri 08:00-18:00; Sat 08:00-18:00; Sun 08:00-18:00,Brunch Restaurant; Coffee Shop; Coffee Roastery; Pastry Shop; Dessert Shop; Breakfast Restaurant; Cafe; Confectionery; Bakery; Food Store,59.443675,24.755790,https://maps.google.com/?cid=12950556719705897052,ChIJa3N4WbqTkkYRXDieubieubM
Riva restoran,Restaurant,,4.8,122,$$$$,Open,Sadama tn 4-Ankur building,10111,Tallinn,+372 511 1457,https://riva-resto.ee/,Mon 12:00-23:00; Tue 12:00-23:00; Wed 12:00-23:00; Thu 12:00-23:00; Fri 12:00-23:00; Sat 12:00-23:00; Sun 11:00-21:00,,59.443615,24.755318,https://maps.google.com/?cid=13083510621575911686,ChIJad0PPgCTkkYRBhkVRpf3kbU
Meathub Resto Bar,Restaurant,,4.8,112,,Open,Vene tn 6-1,10123,Tallinn,+372 5594 0440,https://meathub.ee/,Mon 12:00-02:00; Tue 12:00-02:00; Wed 12:00-02:00; Thu 12:00-02:00; Fri 12:00-04:00; Sat 12:00-04:00; Sun 12:00-02:00,,59.437234,24.746889,https://maps.google.com/?cid=12679876530616700519,ChIJ9dJS3zeTkkYRZ444E4b4968
Aarde Pagari Leivabaar,Restaurant,,4.8,111,$$,Open,Telliskivi tn 60a-1,10412,Tallinn,+372 528 9933,http://www.aardepagar.ee/,"Mon 08:30-14:00; Tue 08:30-14:00; Wed 08:30-14:00; Thu 08:30-14:00, 18:00-23:00; Fri 08:30-14:00, 18:00-23:00; Sat 08:30-14:00, 18:00-23:00; Sun 08:30-14:00",,59.439556,24.728510,https://maps.google.com/?cid=12660027096262369979,ChIJp27kJKaVkkYRu-KJf5Fzsa8
BEP,Restaurant,,4.8,111,$$,Open,Kalma tn 11,10414,Tallinn,+372 5470 0076,https://www.bep.ee/,Mon 11:30-21:00; Tue 11:30-21:00; Wed 11:30-21:00; Thu 11:30-21:00; Fri 11:30-21:00; Sat 12:00-21:00; Sun 12:00-21:00,,59.443047,24.735100,https://maps.google.com/?cid=17606840652751868985,ChIJX6YpWhSTkkYROZQu5EkQWPQ
Kaks Kokapoissi,Hamburger Restaurant,American,4.8,98,$,Open,Telliskivi tn 62,10412,Tallinn,+372 5569 7578,https://kakskokapoissi.ee/online-menu,Mon 15:00-23:00; Tue 15:00-23:00; Wed 15:00-23:00; Thu 15:00-23:00; Fri 15:00-23:00; Sat 15:00-23:00; Sun 15:00-23:00,Hamburger Restaurant; American Restaurant,59.440528,24.730594,https://maps.google.com/?cid=11561972402176214224,ChIJFeM8AmfzkkYR0ESVTqRgdKA
Puusepa pitsa,Pizza Restaurant,Pizza,4.8,95,$$,Open,Marati tn 5,11712,Tallinn,+372 5626 7004,https://www.puusepapitsa.ee/,Mon closed; Tue closed; Wed 14:00-21:00; Thu 14:00-21:00; Fri 16:00-22:00; Sat 12:00-22:00; Sun 12:00-19:00,Pizza Restaurant,59.456012,24.673880,https://maps.google.com/?cid=17323302953276133287,ChIJ6b1hAgCTkkYRp89_0kC8aPA
Veska Grill & Coffee,Restaurant,,4.8,91,$,Open,Haabersti tn 3,13516,Tallinn,+372 5437 0301,http://www.veskagrill.ee/,Mon 10:00-20:00; Tue 10:00-20:00; Wed 10:00-20:00; Thu 10:00-20:00; Fri 10:00-20:00; Sat 10:00-18:00; Sun 10:00-16:00,Coffee Shop; Cafe; Food Store,59.426141,24.644371,https://maps.google.com/?cid=13788921564755177881,ChIJiwrwqD6UkkYRmbH0NhsXXL8
APPETHAIZER - Thai cuisine,Thai Restaurant,Thai,4.8,86,$,Open,Urva tn 2,12012,Tallinn,+372 5306 2062,https://www.facebook.com/profile.php?id=100092391288155,Mon 12:00-19:00; Tue 12:00-19:00; Wed 12:00-19:00; Thu 12:00-19:00; Fri 12:00-19:00; Sat closed; Sun closed,Thai Restaurant,59.458115,24.830530,https://maps.google.com/?cid=18090892524587156516,ChIJVR8qN4ftkkYRJITJxebCD_s
Vixen Steakhouse,Restaurant,,4.8,86,,Open,Lai 44,10133,Tallinn,+372 5883 7200,https://www.vixen.ee/steakhouse,Mon closed; Tue closed; Wed 17:00-22:00; Thu 17:00-22:00; Fri 17:00-22:00; Sat 17:00-22:00; Sun 17:00-22:00,,59.440737,24.746779,https://maps.google.com/?cid=5803098628273434638,ChIJuQDZRyuTkkYRDnDLznS_iFA
Bunz Smash Burgers,Hamburger Restaurant,American,4.8,77,$$,Open,Odra tn 16,10144,Tallinn,+372 553 1289,https://bunz.ee/en/,Mon 11:30-23:00; Tue 11:30-23:00; Wed 11:30-23:00; Thu 11:30-23:00; Fri 11:30-23:00; Sat 11:00-23:00; Sun 11:00-21:00,Hamburger Restaurant; American Restaurant,59.427746,24.771901,https://maps.google.com/?cid=3514267080740346880,ChIJb7aILRCVkkYRAJxgYUovxTA
François Boulangerie,Bakery,,4.8,63,$,Open,Härjapea tn 17,10320,Tallinn,+372 5591 3909,https://www.francois.ee/,Mon closed; Tue closed; Wed closed; Thu closed; Fri closed; Sat 10:00-13:00; Sun closed,Bakery; Meal Takeaway; Food Store,59.437693,24.716206,https://maps.google.com/?cid=7877176428401912852,ChIJ3655K4GUkkYRFOz5_zlaUW0
Kooker Balti Jaam,Restaurant,,4.8,57,$,Open,Kopli tn 1,10412,Tallinn,+372 5301 7131,https://kooker.ee/,Mon 09:00-20:00; Tue 09:00-20:00; Wed 09:00-20:00; Thu 09:00-20:00; Fri 09:00-20:00; Sat 09:00-20:00; Sun 09:00-18:00,Cafe,59.441044,24.735422,https://maps.google.com/?cid=16283887802127461701,ChIJAfUTK2yTkkYRRa0fKK79--E
The food corner - tänavatoit | Stroomi,Restaurant,American,4.8,54,$,Open,Stromi rand,10316,Tallinn,+372 5696 4980,http://www.tfc.ee/,,Hamburger Restaurant; Meal Takeaway; Coffee Stand; American Restaurant,59.440512,24.684200,https://maps.google.com/?cid=12876947990381545761,ChIJl7aCSgWVkkYRIUnf5fgbtLI
Blue Dragon,Restaurant,,4.8,50,$,Open,Lembitu tn 6,10114,Tallinn,+372 5606 1544,https://bluedragon.ee/,Mon 11:00-23:40; Tue 11:00-23:40; Wed 11:00-23:40; Thu 11:00-23:40; Fri 11:00-23:40; Sat 11:00-23:40; Sun 11:00-23:40,,59.431687,24.753320,https://maps.google.com/?cid=11021512167734081823,ChIJXUGM6c-VkkYRH3lvDexG9Jg
Koyo Omakase,Japanese Restaurant,Japanese,4.8,45,$$$$,Open,Dunkri tn 8,10123,Tallinn,+372 618 8830,https://koyo.theburmanhotel.com/,"Mon closed; Tue closed; Wed 18:00-20:00, 20:30-22:30; Thu 18:00-20:00, 20:30-22:30; Fri 18:00-20:00, 20:30-22:30; Sat 18:00-20:00, 20:30-22:30; Sun closed",Japanese Restaurant,59.436933,24.743033,https://maps.google.com/?cid=16870367141379179712,ChIJide8lQGTkkYRwARUNIiVH-o
Telli Kokk Koju OÜ,Restaurant,,4.8,40,,Open,Kaarli pst 11,10145,Tallinn,+372 525 5015,http://www.kokkkoju.ee/,Mon 12:00-21:00; Tue 12:00-21:00; Wed 12:00-21:00; Thu 12:00-21:00; Fri 12:00-21:00; Sat 12:00-21:00; Sun 12:00-21:00,,59.431837,24.740722,https://maps.google.com/?cid=15595848233398953277,ChIJR2sRfl-TkkYRPeWlglaVb9g
SABA,Takeout Restaurant,,4.8,36,$$,Open,Telliskivi tn 60-1,10412,Tallinn,+372 5695 5446,https://sabasaba.ee/,"Mon 12:00-15:00, 16:00-21:00; Tue 12:00-15:00, 16:00-21:00; Wed 12:00-15:00, 16:00-21:00; Thu 12:00-15:00, 16:00-21:00; Fri 12:00-15:00, 16:00-21:00; Sat 12:00-15:00, 16:00-21:00; Sun 12:00-15:00, 16:00-21:00",Meal Takeaway; Fast Food Restaurant,59.440338,24.729571,https://maps.google.com/?cid=5544576431189104776,ChIJNeed6YWTkkYRiJgHQ-NK8kw
Estonia restoran,Restaurant,,4.8,35,,Open,"Estonia National Opera, Estonia pst 4",10148,Tallinn,+372 5305 1595,https://estonia-digital-charm.lovable.app/,Mon closed; Tue closed; Wed 16:00-21:00; Thu 16:00-21:00; Fri 16:00-21:00; Sat 12:00-21:00; Sun closed,,59.434540,24.750856,https://maps.google.com/?cid=8192983518110159893,ChIJJ30KX6eVkkYRFRSW9xlTs3E
Écrin Restaurant,Restaurant,,4.8,34,$$$$,Temporarily closed,Rataskaevu tn 7,10123,Tallinn,+372 618 8820,https://ecrin.theburmanhotel.com/,,,59.436957,24.742892,https://maps.google.com/?cid=15050030539623872945,ChIJNUTapKmTkkYRsbkPjQlz3NA
Kaja Pizza Köök,Pizza Restaurant,Pizza,4.7,2477,$$,Open,Õle tn 33,10319,Tallinn,+372 660 1611,http://kajapizza.ee/,Mon 11:30-19:00; Tue 11:30-19:00; Wed 11:30-19:00; Thu 11:30-19:00; Fri 11:30-19:00; Sat 11:30-19:00; Sun 11:30-19:00,Pizza Restaurant,59.439580,24.717237,https://maps.google.com/?cid=7672612065864270912,ChIJvU1yboCUkkYRQEQ3zQWYemo
Odesa Restaurant,Ukrainian Restaurant,Ukrainian,4.7,2375,$$,Open,Pikk tn 30,10133,Tallinn,+372 5302 5557,http://www.odessaresto.ee/,Mon 16:00-23:00; Tue 11:00-23:00; Wed 11:00-23:00; Thu 11:00-23:00; Fri 11:00-23:00; Sat 11:00-23:00; Sun 11:00-23:00,Ukrainian Restaurant; European Restaurant; Eastern European Restaurant,59.439187,24.747139,https://maps.google.com/?cid=17926067149592558,ChIJj7Lgy2OTkkYR7terwKmvPwA
Pelmen kohvik,Restaurant,,4.7,2080,$$,Open,Vana-Viru tn 4-8,10111,Tallinn,+372 5304 8912,http://www.pelmen.ee/,Mon 11:00-22:00; Tue 11:00-22:00; Wed 11:00-22:00; Thu 11:00-23:00; Fri 11:00-23:00; Sat 11:00-23:00; Sun 11:00-22:00,Dumpling Restaurant,59.436872,24.750401,https://maps.google.com/?cid=17923764673253337112,ChIJlaIvAoCTkkYRGOj1kgEBvvg
Nikolay Bar-buffeé,Cafe,,4.7,1968,$$,Open,Gonsiori tn 10,10117,Tallinn,+372 673 2060,http://nikolay.ee/,Mon 09:00-21:00; Tue 09:00-21:00; Wed 09:00-21:00; Thu 09:00-21:00; Fri 09:00-21:00; Sat 09:00-21:00; Sun 10:00-21:00,Cafe; Bakery; Bar; Food Store,59.434932,24.761269,https://maps.google.com/?cid=6664369559631362114,ChIJpTuWpV-TkkYRQvjAHc6YfFw
Tuljak,Restaurant,European,4.7,1524,$$$,Open,Pirita tee 26e,12011,Tallinn,+372 5302 2020,http://www.tuljak.ee/,Mon 12:00-23:00; Tue 12:00-23:00; Wed 12:00-23:00; Thu 12:00-23:00; Fri 12:00-23:00; Sat 12:00-23:00; Sun 12:00-22:00,Fine Dining Restaurant; Cocktail Bar; Wedding Venue; European Restaurant; Event Venue; Bar; Service,59.448431,24.806755,https://maps.google.com/?cid=12634105294925058048,ChIJGYdT9zWTkkYRANDjztNbVa8
Kentmanni Sõõrikukohvik,Cafeteria,,4.7,1263,$,Open,Kentmanni tn 21,10116,Tallinn,+372 660 5002,http://soorikukohvik.ee/,Mon 08:00-19:00; Tue 08:00-19:00; Wed 08:00-19:00; Thu 08:00-19:00; Fri 08:00-19:00; Sat 09:00-19:00; Sun 09:00-19:00,Cafeteria; Donut Shop; Pastry Shop; Dessert Shop; Bakery; Confectionery; Food Store,59.429270,24.754116,https://maps.google.com/?cid=7370459906860729081,ChIJnemElqGUkkYR-UKxIzwiSWY
Ristikheina Cafe,Coffee Shop,,4.7,1217,$$,Open,Ristiku tn 57,10320,Tallinn,+372 660 1701,http://www.ristikheinakohvik.ee/,Mon 08:00-19:00; Tue 08:00-19:00; Wed 08:00-19:00; Thu 08:00-19:00; Fri 08:00-19:00; Sat 09:00-18:00; Sun 09:00-18:00,Coffee Shop; Breakfast Restaurant; Cafe; Food Store,59.440280,24.714437,https://maps.google.com/?cid=1131633646339996506,ChIJUw1yw3-UkkYRWrv5Qc5etA8
Siga la Vaca,Restaurant,Korean,4.7,1166,$$,Open,Vabriku tn 6-1,10414,Tallinn,+372 5395 7512,http://sigalavaca.ee/,Mon 12:00-22:00; Tue 12:00-22:00; Wed 12:00-22:00; Thu 12:00-22:00; Fri 12:00-22:00; Sat 12:00-22:00; Sun 12:00-21:00,Argentinian Restaurant; Wine Bar; Latin American Restaurant; South American Restaurant; Bar; Korean Restaurant,59.442444,24.733270,https://maps.google.com/?cid=15194090551855772102,ChIJFya2Fk2TkkYRxnF77NpA3NI
Restoran Härg,Restaurant,,4.7,1130,$$$,Open,"Maakri 21 (sissepääs, Tornimäe tn",10145,Tallinn,+372 5382 5003,https://resto.harg.ee/,Mon 11:30-23:00; Tue 11:30-23:00; Wed 11:30-23:00; Thu 11:30-23:00; Fri 11:30-00:00; Sat 14:00-00:00; Sun closed,,59.432805,24.760120,https://maps.google.com/?cid=4655987249127532830,ChIJ1y-et4CTkkYRHqn-DrxjnUA
Kanuti Ramen Bar,Ramen Restaurant,Japanese,4.7,1115,$$,Open,Aia tn 10a-1,10111,Tallinn,+372 5415 4004,https://www.facebook.com/Kanuti-Ramen-102080842036790/,Mon 12:00-22:00; Tue 12:00-22:00; Wed 12:00-22:00; Thu 12:00-22:00; Fri 12:00-22:00; Sat 12:00-22:00; Sun 12:00-22:00,Ramen Restaurant; Wine Bar; Sushi Restaurant; Dumpling Restaurant; Bar; Japanese Restaurant,59.438594,24.751646,https://maps.google.com/?cid=4299664477173281014,ChIJrfIVA0STkkYR9nBHtw96qzs
Cantina Carramba,Mexican Restaurant,Mexican,4.7,1103,$$,Open,A. Weizenbergi tn 20,10150,Tallinn,+372 601 3431,http://www.carramba.ee/,Mon 13:00-22:00; Tue 13:00-22:00; Wed 13:00-22:00; Thu 13:00-22:00; Fri 13:00-22:00; Sat 13:00-22:00; Sun 13:00-20:00,Mexican Restaurant,59.438591,24.784802,https://maps.google.com/?cid=1633848136612458074,ChIJE_11clCTkkYRWi64RzmYrBY
KIUS,Restaurant,,4.7,1012,$$,Open,Turu plats 4,11614,Tallinn,+372 5333 3831,http://www.kius.ee/,Mon 09:00-22:00; Tue 09:00-22:00; Wed 09:00-22:00; Thu 09:00-22:00; Fri 09:00-23:00; Sat 10:00-23:00; Sun 10:00-22:00,,59.388326,24.683885,https://maps.google.com/?cid=16491548718703301925,ChIJodLiSQWVkkYRJdVbBi_A3eQ
Gotsu Kyuho's Kitchen,Korean Restaurant,Korean,4.7,1004,$$,Open,Pärnu mnt. 62a,10135,Tallinn,+372 614 0022,http://www.gotsu.ee/,Mon 11:15-20:00; Tue 11:15-20:00; Wed 11:15-20:00; Thu 11:15-20:00; Fri 11:15-20:00; Sat closed; Sun closed,Korean Restaurant,59.425728,24.742054,https://maps.google.com/?cid=4886311571268907470,ChIJOxoZNpiUkkYRzjFdO3yqz0M
SNOOB RESTO,Restaurant,,4.7,951,$$,Open,Pärnu mnt. 209a,11624,Tallinn,+372 677 2000,https://www.snoobresto.ee/,Mon 12:00-22:00; Tue 12:00-22:00; Wed 12:00-22:00; Thu 12:00-22:00; Fri 12:00-23:00; Sat 12:00-23:00; Sun 12:00-21:00,,59.388697,24.705734,https://maps.google.com/?cid=12182343519466081717,ChIJyYVwSx-VkkYRtc2O2eJgEKk
Bad Habits Balti Jaama Turg,Restaurant,,4.7,903,$$,Open,Kopli tn 1,10412,Tallinn,+372 600 8828,https://badhabits.ee/,Mon 11:00-21:00; Tue 11:00-21:00; Wed 11:00-21:00; Thu 11:00-23:00; Fri 11:00-23:00; Sat 11:00-23:00; Sun 11:00-21:00,,59.440934,24.734767,https://maps.google.com/?cid=14106017497697317472,ChIJ5coLGwCTkkYRYHKxYS2kwsM
Grill ja Pruul Vanalinn,Hamburger Restaurant,American,4.7,891,$$,Open,Inseneri tn 2,10111,Tallinn,+372 5911 1905,https://www.facebook.com/grillpruul/,Mon 11:00-22:30; Tue 11:00-22:30; Wed 11:00-22:30; Thu 11:00-22:30; Fri 11:00-23:00; Sat 11:00-23:00; Sun 13:00-22:30,Hamburger Restaurant; Brewpub; Pub; Bar; American Restaurant,59.438059,24.751515,https://maps.google.com/?cid=996724861700359758,ChIJpUvTfUaTkkYRTkZzGPsT1Q0
Rado restoran,Fine Dining Restaurant,,4.7,885,$$$,Open,Vene tn 7,10123,Tallinn,+372 5858 8995,http://www.radorestoran.ee/,Mon 12:00-23:00; Tue 12:00-23:00; Wed 12:00-23:00; Thu 12:00-23:00; Fri 12:00-23:00; Sat 12:00-23:00; Sun closed,Fine Dining Restaurant,59.437530,24.746907,https://maps.google.com/?cid=8561962717418054489,ChIJzUMp4-KTkkYRWWPXb7oz0nY
Gobi,Eastern European Restaurant,Eastern European,4.7,865,$$$,Open,Rotermanni tn 14,10111,Tallinn,+372 5554 4990,http://www.gobi.ee/,Mon 12:00-00:00; Tue 12:00-00:00; Wed 12:00-00:00; Thu 12:00-00:00; Fri 12:00-00:00; Sat 12:00-00:00; Sun 12:00-00:00,Eastern European Restaurant; European Restaurant,59.438982,24.757690,https://maps.google.com/?cid=15943114058333187383,ChIJofGOoaCTkkYRN218DMRRQd0
Ciao Ragazzi Restoran,Italian Restaurant,Italian,4.7,863,$$,Open,Tähesaju tee 11,13917,Tallinn,+372 673 0720,https://ragazziresto.ee/et,Mon 12:00-21:00; Tue 12:00-21:00; Wed 12:00-21:00; Thu 12:00-21:00; Fri 12:00-23:00; Sat 12:00-23:00; Sun 12:00-21:00,Italian Restaurant; European Restaurant,59.443062,24.856014,https://maps.google.com/?cid=3580692469197326396,ChIJoalc2jPtkkYRPEhsVNQssTE
Radio,Restaurant,,4.7,746,$$,Open,"Terase 16, Terase tn 16",10125,Tallinn,+372 550 4499,http://www.restoranradio.ee/,Mon 12:00-23:00; Tue 12:00-23:00; Wed 12:00-23:00; Thu 12:00-23:00; Fri 12:00-23:00; Sat 12:00-23:00; Sun 12:00-23:00,,59.434970,24.771868,https://maps.google.com/?cid=6692080787950166030,ChIJ9RVVj4mTkkYRDmD8PQUM31w
Eho Sushi Tallinn,Sushi Restaurant,Japanese,4.7,728,$$,Open,Sõpruse pst 209,13419,Tallinn,+372 522 7555,http://www.ehosushi.ee/,Mon 12:00-22:00; Tue 12:00-22:00; Wed 12:00-22:00; Thu 12:00-22:00; Fri 12:00-22:00; Sat 12:00-22:00; Sun 12:00-22:00,Sushi Restaurant; Meal Delivery; Food Delivery; Japanese Restaurant,59.400236,24.694596,https://maps.google.com/?cid=6994539922666690879,ChIJj4biifmVkkYRPxnWQQCZEWE
Restaurant Mantel & Korsten,Restaurant,,4.7,727,$$$,Open,Jaan Poska 19a,10126,Tallinn,+372 665 9555,http://www.mantel-korsten.ee/,Mon closed; Tue 17:00-23:00; Wed 17:00-23:00; Thu 17:00-23:00; Fri 17:00-23:00; Sat 14:00-23:00; Sun 14:00-22:00,,59.435865,24.781860,https://maps.google.com/?cid=12934990303698154511,ChIJrcVFo1CTkkYRD_QMESZRgrM
Carlo's Kitchen Old Town,Italian Restaurant,Italian,4.7,722,$$,Open,Pikk tn 35,10133,Tallinn,+372 565 9969,https://carloskitchen.ee/,Mon 09:00-22:00; Tue 09:00-22:00; Wed 09:00-22:00; Thu 09:00-22:00; Fri 09:00-23:00; Sat 09:00-23:00; Sun 09:00-22:00,Italian Restaurant; European Restaurant,59.439131,24.746573,https://maps.google.com/?cid=15274522670675082034,ChIJASklVWWTkkYRMjs963AB-tM
Pho Bar,Vietnamese Restaurant,Vietnamese,4.7,686,$$,Open,Tatari tn 6,10116,Tallinn,+372 5388 5900,https://phobar.ee/,Mon 11:30-21:00; Tue 11:30-21:00; Wed 11:30-21:00; Thu 11:30-21:00; Fri 11:30-21:00; Sat 12:00-21:00; Sun 12:00-21:00,Vietnamese Restaurant,59.431851,24.746306,https://maps.google.com/?cid=1222138952433793970,ChIJJ4Q_JuOVkkYRsvv77ebo9RA
Little Japan Sushi Bar,Sushi Restaurant,Japanese,4.7,599,$$,Open,Lootsi tn 3a,10151,Tallinn,+372 5637 7611,http://littlejapan.ee/,Mon 12:00-22:00; Tue 12:00-22:00; Wed 12:00-22:00; Thu 12:00-22:00; Fri 12:00-22:00; Sat 12:00-22:00; Sun 12:00-22:00,Sushi Restaurant; Meal Delivery; Food Delivery; Japanese Restaurant,59.441005,24.764313,https://maps.google.com/?cid=17256371713980643952,ChIJM44fUlmTkkYRcDrqS6Xyeu8
Von Krahl,Performing Arts Theater,,4.7,595,,Open,Telliskivi tn 60a-9,10412,Tallinn,+372 5444 0420,http://www.vonkrahl.ee/,,Performing Arts Theater; Live Music Venue; Event Venue,59.438205,24.728721,https://maps.google.com/?cid=1237938048057338003,ChIJLSste2KTkkYRk-hliBgKLhE
Hanköök,Korean Restaurant,Korean,4.7,545,$$,Open,Tartu mnt 13,10145,Tallinn,+372 5360 9630,https://www.facebook.com/HankookKoreanRestaurant/,Mon 11:30-15:00; Tue 11:30-18:00; Wed 11:00-18:00; Thu 11:30-18:00; Fri 11:30-18:00; Sat closed; Sun closed,Korean Restaurant,59.434448,24.761192,https://maps.google.com/?cid=13304919161147492475,ChIJ64RDduGVkkYRewh8DXyRpLg
Xinhai 1911 Restoran & Baar,Restaurant,Chinese,4.7,543,$$,Open,Kopli tn 2c,10412,Tallinn,+372 5692 8813,http://xinhai.ee/,Mon 11:00-23:00; Tue 11:00-23:00; Wed 11:00-23:00; Thu 11:00-23:00; Fri 11:00-23:00; Sat 11:00-23:00; Sun 12:00-21:00,Chinese Noodle Restaurant; Chinese Restaurant; Bar,59.441287,24.738564,https://maps.google.com/?cid=10293961650302694668,ChIJHbiyVaCTkkYRDDXJyZR_244
BWB Gastro Bar,Bar,Belgian,4.7,511,$$,Open,Vana-Viru tn 6,10111,Tallinn,+372 5684 1774,https://bwb.bar/,Mon 12:00-23:00; Tue 12:00-23:00; Wed 12:00-23:00; Thu 12:00-23:00; Fri 12:00-02:30; Sat 12:00-02:30; Sun 12:00-23:00,Bar; Cocktail Bar; Brewpub; Pub; Gastropub; Belgian Restaurant; European Restaurant,59.437007,24.750349,https://maps.google.com/?cid=8872791327055545012,ChIJ57z_dl2TkkYRtAJQr7N8Ins
Restaurant Tchaikovsky,Restaurant,Russian,4.7,506,$$$$,Open,Vene tn 9,10123,Tallinn,+372 600 0610,https://www.marriott.com/en-us/hotels/tllak-hotel-telegraaf-autograph-collection/dining/?scid=feed67b0-9a2f-4de1-8df6-114544116108,Mon 13:00-23:00; Tue 12:00-23:00; Wed 12:00-23:00; Thu 12:00-23:00; Fri 12:00-23:00; Sat 12:00-23:00; Sun 12:00-23:00,Russian Restaurant; European Restaurant; Eastern European Restaurant,59.437867,24.747343,https://maps.google.com/?cid=17936289598092260433,ChIJmSqCJmKTkkYRUbTS4luA6vg
Charcoal Grill,Fast Food Restaurant,,4.7,496,$,Open,Suur-Patarei tn 22,10415,Tallinn,+372 5622 1607,https://charcoalgrill.ee/online-menu,Mon closed; Tue 14:00-22:00; Wed 12:00-22:00; Thu 12:00-22:00; Fri 12:00-22:00; Sat 12:00-22:00; Sun 12:00-22:00,Fast Food Restaurant,59.448923,24.743440,https://maps.google.com/?cid=18429771195515745865,ChIJL8spF9GTkkYRSTZx2EGzw_8
Restaurant Friend's Mustamäe - Indian Restaurant,Asian Restaurant,Chinese,4.7,469,$$,Open,E. Vilde tee 128,12914,Tallinn,+372 5647 6008,https://restoranfriends.ee/,Mon 11:00-22:30; Tue 11:00-22:30; Wed 11:00-22:30; Thu 11:00-22:30; Fri 11:00-22:30; Sat 11:00-22:30; Sun 11:00-22:30,Asian Restaurant; Thai Restaurant; Indian Restaurant; Chinese Restaurant,59.403201,24.663007,https://maps.google.com/?cid=6216192079778254136,ChIJd_KZ0MyVkkYROI3HAsNZRFY
La Cantina 2.0 by Francesco Costa,Italian Restaurant,Italian,4.7,428,$$,Open,Staapli tn 3,10415,Tallinn,+372 5380 9889,http://lacantina.ee/,Mon 11:00-22:00; Tue 11:00-22:00; Wed 11:00-22:00; Thu 11:00-22:00; Fri 11:00-23:00; Sat 11:00-23:00; Sun 11:00-22:00,Italian Restaurant; European Restaurant,59.451886,24.728606,https://maps.google.com/?cid=7192872509176665275,ChIJYfEinlCTkkYRu9QlCHA30mM
Borsch & Varenyk,Ukrainian Restaurant,Ukrainian,4.7,423,$$,Open,Endla tn 56,10613,Tallinn,+372 5757 1015,https://www.borschvarenyk.ee/,Mon 11:00-23:00; Tue 11:00-23:00; Wed 11:00-23:00; Thu 11:00-23:00; Fri 11:00-23:00; Sat 11:00-23:00; Sun 11:00-23:00,Ukrainian Restaurant; Eastern European Restaurant; European Restaurant,59.427870,24.718032,https://maps.google.com/?cid=8761455179568346506,ChIJr4CpSEyVkkYRinWtzRDxlnk
HIKARU SUSHI&WINE,Restaurant,,4.7,406,$$,Open,Virmalise tn 24,10131,Tallinn,+372 565 9899,https://hikaru.ee/,Mon 11:00-02:00; Tue 11:00-02:00; Wed 11:00-02:00; Thu 11:00-02:00; Fri 11:00-02:00; Sat closed; Sun 11:00-02:00,,59.423150,24.738233,https://maps.google.com/?cid=3092631382674941411,ChIJM4R87PuVkkYR46WQads76yo
SÕLE GRILL,Family Restaurant,,4.7,404,$$,Open,Sõle tn 42b,10317,Tallinn,+372 5555 5483,http://s-grill.ee/,Mon 11:00-22:00; Tue 11:00-22:00; Wed 11:00-22:00; Thu 11:00-22:00; Fri 11:00-23:00; Sat 11:00-23:00; Sun 11:00-22:00,Family Restaurant; Cafe; Bar,59.443273,24.704426,https://maps.google.com/?cid=4419599030795778008,ChIJVXhNl3iUkkYR2Dc-COeRVT0
180 Degrees Restaurant,Fine Dining Restaurant,,4.7,398,$$$$,Open,"Port Noblessner, Staapli tn 4",10415,Tallinn,+372 661 0180,https://www.180degrees.ee/,Mon closed; Tue closed; Wed 18:00-23:00; Thu 18:00-23:00; Fri 18:00-23:00; Sat 18:00-23:00; Sun closed,Fine Dining Restaurant,59.452054,24.728923,https://maps.google.com/?cid=11467754862769825190,ChIJXcD9802TkkYRpmWn9kmmJZ8
Delicia,Italian Restaurant,Italian,4.7,315,$$,Open,Lai 32,10133,Tallinn,+372 5350 1686,https://www.facebook.com/DeliciaItalianRestoran,Mon 12:00-23:00; Tue 12:00-23:00; Wed 12:00-23:00; Thu 12:00-23:00; Fri 12:00-23:00; Sat 12:00-23:00; Sun 12:00-23:00,Italian Restaurant; European Restaurant,59.439623,24.745682,https://maps.google.com/?cid=15721562666463819886,ChIJpdaVxouTkkYRbnie4PI1Lto
"ANNO, Home restaurant & Wine Corner",Restaurant,,4.7,308,,Temporarily closed,Poldri tn 3,10154,Tallinn,+372 622 0044,https://www.anno.ee/sites/default/files/anno_menu/2026-07_anno_menu_soolane.pdf,,,59.440148,24.765583,https://maps.google.com/?cid=832169072859104297,ChIJfZC9vF2TkkYRKUTV3Fx1jAs
SAI!,Sandwich Shop,,4.7,304,$,Open,Pärnu mnt. 4,10148,Tallinn,+372 5567 4469,https://www.saisai.ee/,Mon 11:00-20:00; Tue 11:00-20:00; Wed 11:00-20:00; Thu 11:00-20:00; Fri 11:00-20:00; Sat 11:00-20:00; Sun 11:00-20:00,Sandwich Shop,59.435816,24.749330,https://maps.google.com/?cid=16561852186773592395,ChIJyz0HT8WVkkYRS5kqv9CE1-U
Annön,Korean Restaurant,Korean,4.7,303,$$,Open,Kalevipoja põik 10,13614,Tallinn,+372 632 7802,https://www.facebook.com/pages/Ann%C3%B6n/777252022331044,Mon 11:00-18:00; Tue 11:00-18:00; Wed 11:00-18:00; Thu 11:00-18:00; Fri 11:00-18:00; Sat closed; Sun closed,Korean Restaurant,59.438937,24.831102,https://maps.google.com/?cid=8705642967336273643,ChIJj8Eu27nskkYR68Z0gSeo0Hg
El Camino Taco bar,Taco Restaurant,Mexican,4.7,281,$$,Temporarily closed,Malmi tn 3-2,10412,Tallinn,+372 5883 0802,https://elcaminotaco.bar/,,Taco Restaurant,59.442117,24.731996,https://maps.google.com/?cid=15514455171263905932,ChIJedIK9E2TkkYRjEDodsdqTtc
IZAKAYA TARO Tallinn,Izakaya Restaurant,Japanese,4.7,271,$$,Open,Müürivahe 31,10140,Tallinn,,,Mon 15:00-22:00; Tue 15:00-22:00; Wed 15:00-22:00; Thu 15:00-22:00; Fri 15:00-22:00; Sat 12:00-22:00; Sun 12:00-22:00,Japanese Izakaya Restaurant; Ramen Restaurant; Japanese Restaurant,59.437225,24.749363,https://maps.google.com/?cid=12307040440922644043,ChIJtS1BS6CTkkYRS56PVRNky6o
La Pineta Restoran,Italian Restaurant,Italian,4.7,271,$$$,Open,Kalaranna tn 8-10,10415,Tallinn,+372 5300 4550,https://lapineta.ee/,Mon 12:00-22:00; Tue 12:00-22:00; Wed 12:00-22:00; Thu 12:00-22:00; Fri 12:00-23:00; Sat 11:00-23:00; Sun 11:00-21:00,Italian Restaurant; European Restaurant,59.447368,24.747723,https://maps.google.com/?cid=6363816747726742150,ChIJXbbNm7aTkkYRhiLvd53RUFg
Time to Wine Bar and Shop,Wine Bar,Spanish,4.7,258,$$,Open,Kopli tn 6,10412,Tallinn,+372 5352 5555,https://timetowine.ee/,Mon 15:00-21:00; Tue 14:00-23:00; Wed 14:00-23:00; Thu 14:00-23:00; Fri 14:00-02:00; Sat 12:00-02:00; Sun 15:00-21:00,Wine Bar; Liquor Store; Spanish Restaurant; Bar; European Restaurant,59.441542,24.736359,https://maps.google.com/?cid=2473051619123290262,ChIJRwE85XyTkkYRlmAMRVgLUiI
Raudtee Kohvik & Bistroo,Restaurant,,4.7,251,$,Temporarily closed,Toompuiestee 35,10149,Tallinn,+372 623 3008,https://bistrood.ee/raudtee/,,Bistro; Brunch Restaurant; Cafe,59.438556,24.734593,https://maps.google.com/?cid=10685974792154390954,ChIJic3GYH2TkkYRqiEk7XQ1TJQ
Sushi Guru Mustamäe (Vilde tee 101b),Delivery Restaurant,,4.7,231,,Open,E. Vilde tee 101b,12911,Tallinn,+372 5880 0060,https://www.sushiguru.ee/,Mon 11:00-22:00; Tue 11:00-22:00; Wed 11:00-22:00; Thu 11:00-22:00; Fri 11:00-23:00; Sat 11:00-23:00; Sun 11:00-22:00,Meal Delivery; Food Delivery; Meal Takeaway,59.404563,24.676501,https://maps.google.com/?cid=15111265181948867601,ChIJ_ygXIFCVkkYREXTKvJ7_tdE
iL FORNO Peterburi tee,Italian Restaurant,Italian,4.7,225,$$,Open,Peterburi tee 49,11415,Tallinn,+372 515 6269,http://www.ilforno.ee/,Mon 11:00-21:00; Tue 11:00-21:00; Wed 11:00-21:00; Thu 11:00-21:00; Fri 11:00-22:00; Sat 12:00-22:00; Sun 12:00-20:00,Italian Restaurant; European Restaurant,59.427338,24.813449,https://maps.google.com/?cid=4490866235818918361,ChIJu7F7qVvtkkYR2UHIPwzDUj4
Restaurant Friends Kristiine,Indian Restaurant,Indian,4.7,216,$$,Open,Mustamäe tee 5,10616,Tallinn,+372 521 5864,http://www.kristiine.restoranfriends.ee/,Mon 11:00-22:30; Tue 11:00-22:30; Wed 11:00-22:30; Thu 11:00-22:30; Fri 11:00-22:30; Sat 11:00-22:30; Sun 11:00-22:30,Indian Restaurant,59.426367,24.703752,https://maps.google.com/?cid=7107073533250734993,ChIJ1Yfe-omUkkYRkYv9PblloWI
UDU restoran,Restaurant,,4.7,202,$$,Open,Kai tn 4,10111,Tallinn,+372 5360 7889,https://reservation.uduresto.ee/,Mon 11:30-21:00; Tue 11:30-22:00; Wed 11:30-22:00; Thu 11:30-22:00; Fri 11:30-23:00; Sat 12:00-23:00; Sun 12:00-21:00,,59.442637,24.755023,https://maps.google.com/?cid=9587597335455004230,ChIJxxi3XxeTkkYRRvZGtfr8DYU
CHOOYU Asian Restaurant,Restaurant,,4.7,197,$$,Open,Katusepapi tn 4-1,11412,Tallinn,+372 671 9077,http://chooyu.ee/,Mon 10:00-22:00; Tue 10:00-22:00; Wed 10:00-22:00; Thu 10:00-22:00; Fri 10:00-22:00; Sat 10:00-22:00; Sun 10:00-22:00,,59.427550,24.782859,https://maps.google.com/?cid=14096738243936813976,ChIJ4ZPNnxqVkkYRmIOEwb6socM
VESTA,Restaurant,,4.7,192,$$,Open,Tööstuse tn 88,10416,Tallinn,+372 5353 3576,http://www.vestavesta.ee/,Mon closed; Tue 17:00-23:00; Wed 17:00-23:00; Thu 17:00-23:00; Fri 17:00-00:00; Sat 17:00-00:00; Sun closed,,59.454133,24.707203,https://maps.google.com/?cid=18111925966893317275,ChIJZUwQYwCTkkYRm3zZrrR8Wvs
The Gurkha’s Kitchen 🇳🇵,Restaurant,,4.7,190,$$,Open,Tartu mnt 13,10145,Tallinn,+372 5786 9021,,Mon 11:30-22:00; Tue 11:30-22:00; Wed 11:30-22:00; Thu 11:30-22:00; Fri 11:30-22:00; Sat 12:00-22:00; Sun 12:00-22:00,,59.434574,24.760775,https://maps.google.com/?cid=5171906010601678925,ChIJu8xXXGftkkYRTeieXR1Nxkc
Panoramic N5 Eesti Degustation Restaurant,Restaurant,,4.7,180,$$,Open,Raekoja plats 5,10146,Tallinn,+372 5668 6518,,Mon 11:00-23:00; Tue 11:00-23:00; Wed 11:00-23:00; Thu 11:00-00:00; Fri 11:00-01:00; Sat 10:00-01:00; Sun 11:00-00:00,,59.437193,24.744270,https://maps.google.com/?cid=3642354965537417733,ChIJz0_LQOiTkkYRBeq8Cos-jDI
Pelm Restoran Ülemiste,Russian Restaurant,Russian,4.7,176,$$,Open,Suur-Sõjamäe tn 4,11415,Tallinn,+372 600 1018,https://www.pelm.ee/,Mon 11:00-21:00; Tue 11:00-21:00; Wed 11:00-21:00; Thu 11:00-21:00; Fri 11:00-21:00; Sat 11:00-21:00; Sun 11:00-19:00,Russian Restaurant; Eastern European Restaurant; European Restaurant,59.421907,24.794422,https://maps.google.com/?cid=12341591356344283837,ChIJcYDmyivrkkYRvbLuNfMjRqs
Kopli Köök,Restaurant,,4.7,148,$$,Open,Marati tn 5,11712,Tallinn,+372 5688 3665,https://koplikook.ee/,Mon 11:00-16:00; Tue 11:00-16:00; Wed 11:00-16:00; Thu 11:00-16:00; Fri 11:00-16:00; Sat 11:00-16:00; Sun 11:00-16:00,,59.456150,24.673751,https://maps.google.com/?cid=6433618928510780000,ChIJIU_oIs-TkkYRYEIdJlTOSFk
Pekingi Part Restoran,Chinese Restaurant,Chinese,4.7,143,$$,Open,Tartu mnt 32,10115,Tallinn,+372 5594 0612,http://beijingrestoran.com/,Mon 11:00-22:00; Tue 11:00-22:00; Wed 11:00-22:00; Thu 11:00-22:00; Fri 11:00-22:00; Sat 11:00-22:00; Sun 11:00-22:00,Chinese Restaurant,59.431358,24.766966,https://maps.google.com/?cid=15089052349848211535,ChIJEQomJgCVkkYRT9D5vSoVZ9E
BurgerBros Tallinn,Fast Food Restaurant,,4.7,137,$,Open,Pärnu mnt. 80,10131,Tallinn,+372 5566 2316,,Mon 11:00-20:30; Tue 11:00-20:30; Wed 11:00-20:30; Thu 11:00-20:30; Fri 12:00-23:30; Sat 12:00-23:30; Sun 11:00-20:30,Fast Food Restaurant,59.423505,24.742014,https://maps.google.com/?cid=4935231813902814053,ChIJ30ug0WOVkkYRZUvizy93fUQ
Thai Stop,Thai Restaurant,Thai,4.7,133,$$,Open,Koidu tn 108,10139,Tallinn,+372 5664 8575,https://thaistop.netlify.app/,Mon 12:00-21:00; Tue 12:00-21:00; Wed 12:00-21:00; Thu 12:00-21:00; Fri 12:00-21:00; Sat 12:00-20:00; Sun 12:00-20:00,Thai Restaurant,59.422173,24.736708,https://maps.google.com/?cid=15279684945589107736,ChIJBdv9JzCVkkYRGPy4tYBYDNQ
Nautilus Oyster Bar,Seafood Restaurant,Seafood,4.7,129,,Open,Laeva tn 1,10111,Tallinn,+372 5780 7777,https://thenautilus.ee/,Mon 12:00-23:00; Tue 12:00-23:00; Wed 12:00-23:00; Thu 12:00-23:00; Fri 12:00-00:00; Sat 12:00-00:00; Sun 12:00-23:00,Seafood Restaurant; Oyster Bar Restaurant; Bar,59.441096,24.757969,https://maps.google.com/?cid=4307584226131517369,ChIJ13_M7OuTkkYRuR-l9gedxzs
MEIE GRUUSIA BALTI JAAMA TURG,Eastern European Restaurant,Eastern European,4.7,121,$,Open,"Balti Jaama Turg, Kopli tn 1",10412,Tallinn,+372 5550 9192,https://www.meiegruusia.ee/,Mon 09:00-19:00; Tue 09:00-19:00; Wed 09:00-19:00; Thu 09:00-19:00; Fri 09:00-19:00; Sat 09:00-19:00; Sun 09:00-17:00,Eastern European Restaurant; European Restaurant,59.441046,24.736253,https://maps.google.com/?cid=323428070872670458,ChIJidAojySTkkYR-mDB6h0MfQQ
Süüria Kebab,Asian Restaurant,Asian,4.7,119,$,Open,Tatari tn 42,10134,Tallinn,+372 5823 9047,,Mon 12:00-22:00; Tue 12:00-22:00; Wed 12:00-22:00; Thu 12:00-22:00; Fri 14:00-22:00; Sat 12:00-22:00; Sun 12:00-19:30,Asian Restaurant,59.427939,24.750168,https://maps.google.com/?cid=6483638686595109069,ChIJezZPNwCVkkYRzVB7ngiD-lk
Borsch & Varenyk Toompea,Ukrainian Restaurant,Ukrainian,4.7,117,$$,Open,Falgi tee 3-1,10613,Tallinn,+372 5757 1015,https://www.borschvarenyk.ee/,Mon 12:00-23:00; Tue 12:00-23:00; Wed 11:00-23:00; Thu 11:00-23:00; Fri 11:00-00:00; Sat 11:00-00:00; Sun 11:00-23:00,Ukrainian Restaurant; Eastern European Restaurant; European Restaurant,59.434722,24.733626,https://maps.google.com/?cid=9134002632372884498,ChIJobCTtmCVkkYREpQRCAB_wn4
Kaja Pizza Köök Punane Uks,Pizza Restaurant,Pizza,4.7,100,$$,Open,Rahumäe tee 27,11614,Tallinn,+372 5648 0114,https://kajapizza.ee/,Mon 12:00-20:00; Tue 12:00-20:00; Wed 12:00-20:00; Thu 12:00-20:00; Fri 12:00-20:00; Sat 12:00-20:00; Sun 12:00-20:00,Pizza Restaurant,59.388832,24.702973,https://maps.google.com/?cid=2971744877027544868,ChIJ070a_ZGVkkYRJE9QfjjCPSk
Ame Restaurant,Restaurant,,4.7,86,,Open,Nunne tn 14,10133,Tallinn,+372 677 6776,http://www.amerestoran.ee/,"Mon 07:00-11:00, 12:00-23:00; Tue 07:00-11:00, 12:00-23:00; Wed 07:00-11:00, 12:00-23:00; Thu 07:00-11:00, 12:00-23:00; Fri 07:00-11:00, 12:00-23:00; Sat 07:00-11:00, 12:00-23:00; Sun closed",,59.438908,24.742288,https://maps.google.com/?cid=4322114836112957417,ChIJ_7Jwi5CTkkYR6V_1PIs8-zs
Retro Burger,Fast Food Restaurant,,4.7,80,$,Temporarily closed,Puhangu tänav 71,10311,Tallinn,+372 565 4560,https://instagram.com/retroburgertallinn,,Fast Food Restaurant,59.443941,24.693943,https://maps.google.com/?cid=12042893053775782954,ChIJPemDmdyVkkYRKiRTKm3zIKc
Ramen Rush,Ramen Restaurant,Japanese,4.7,78,$,Open,Narva mnt 7,10117,Tallinn,+372 518 9884,,Mon 11:00-22:00; Tue 11:00-22:00; Wed 11:00-22:00; Thu 11:00-22:00; Fri 11:00-22:00; Sat 11:00-22:00; Sun 11:00-22:00,Ramen Restaurant; Fast Food Restaurant; Asian Restaurant; Japanese Restaurant,59.437441,24.759900,https://maps.google.com/?cid=10462996462213652646,ChIJ870_wcOTkkYRpuBp2NgHNJE
Raba kohvik,Restaurant,,4.7,75,$$,Open,Kopli tn 68a,10412,Tallinn,+372 5887 3324,http://www.rabakohvik.ee/,Mon 10:00-15:00; Tue 10:00-15:00; Wed 10:00-15:00; Thu 10:00-15:00; Fri 10:00-15:00; Sat closed; Sun closed,,59.445496,24.721254,https://maps.google.com/?cid=13845609067073036666,ChIJkSbti72VkkYReuHQ3RZ8JcA
Lahe kohvik,Caterer,,4.7,70,,Temporarily closed,Purje tn 8,11911,Tallinn,+372 639 8014,https://lahekohvik.ee/,,Catering Service; Food Delivery; Home Goods Store; Service,59.465442,24.826139,https://maps.google.com/?cid=1187313768207959355,ChIJk8hK5yuTkkYRO0X33pQvehA
Vesipapi Buffet,Restaurant,,4.7,68,$,Open,Vesipapi tn 4,10620,Tallinn,,https://www.facebook.com/profile.php?id=100087639377872,Mon 08:00-15:00; Tue 08:00-15:00; Wed 08:00-15:00; Thu 08:00-15:00; Fri 08:00-15:00; Sat closed; Sun closed,Brunch Restaurant,59.415353,24.692740,https://maps.google.com/?cid=9242558340034333373,ChIJ7dW-Jr6VkkYRvQqSUdcpRIA
LillGreen,Restaurant,,4.7,64,$$,Open,Roosikrantsi tn 2,10119,Tallinn,+372 611 0556,,Mon 08:00-16:00; Tue 08:00-16:00; Wed 08:00-16:00; Thu 08:00-16:00; Fri 08:00-16:00; Sat closed; Sun closed,,59.432358,24.743000,https://maps.google.com/?cid=14346423260518067629,ChIJWR2RnJ6UkkYRra2U4PG7GMc
Turg resto Nõmme,Hamburger Restaurant,Hawaiian,4.7,62,$$,Open,Turu plats 8,11614,Tallinn,+372 5551 5072,https://turg-resto.choiceqr.com/,Mon 10:00-18:00; Tue 10:00-18:00; Wed 10:00-18:00; Thu 10:00-18:00; Fri 10:00-18:00; Sat 10:00-18:00; Sun 10:00-17:00,Hamburger Restaurant; Hawaiian Restaurant; American Restaurant,59.389020,24.684665,https://maps.google.com/?cid=9180684118050506260,ChIJSR3GF9uVkkYRFIZ4Y5BXaH8
Nirvana Resto&Bar,Restaurant,,4.7,57,$$,Open,Vana-Viru tn 10,10111,Tallinn,+372 5848 6458,https://nirvana.ee/,Mon 11:00-00:00; Tue 11:00-00:00; Wed 11:00-00:00; Thu 11:00-00:00; Fri 11:00-02:00; Sat 11:00-02:00; Sun 11:00-00:00,,59.437244,24.750799,https://maps.google.com/?cid=13193588201685387309,ChIJ8br7cLqTkkYRLQg-GpEKGbc
BLU Resto,Restaurant,,4.7,54,$$,Open,Kalaranna tn 8-21,10415,Tallinn,+372 5440 0286,http://www.bluresto.ee/,Mon closed; Tue 12:00-22:00; Wed 12:00-22:00; Thu 12:00-22:00; Fri 12:00-23:00; Sat 11:00-23:00; Sun 11:00-21:00,,59.447853,24.746815,https://maps.google.com/?cid=18013697661302183816,ChIJy-u7qHuTkkYRiJczEZWC_fk
Sushi 7 Telliskivi,Asian Restaurant,Asian,4.7,48,$,Open,Telliskivi tn 2,10611,Tallinn,,https://sushi7.ee/,Mon 12:00-22:00; Tue 12:00-22:00; Wed 12:00-22:00; Thu 12:00-22:00; Fri 12:00-22:00; Sat 12:00-22:00; Sun 12:00-22:00,Asian Restaurant,59.433330,24.718229,https://maps.google.com/?cid=3486889933446149345,ChIJG_PwQqyVkkYR4XTxjevrYzA
Azerbaijan Šašlõkk,Middle Eastern Restaurant,Middle Eastern,4.7,46,$$,Open,Telliskivi tn 62,10412,Tallinn,+372 5810 2434,,Mon 10:30-22:30; Tue 10:30-22:30; Wed 10:30-22:30; Thu 10:30-22:30; Fri 10:30-22:30; Sat 10:30-22:30; Sun 10:30-22:30,Middle Eastern Restaurant; Eastern European Restaurant; European Restaurant,59.440550,24.730455,https://maps.google.com/?cid=17812875805172545426,ChIJjYshpN-TkkYRkrd1CysMNPc
Pepper Mill Cafe,Restaurant,,4.7,38,$,Open,Mäealuse tn 12,12618,Tallinn,+372 5813 0211,https://www.facebook.com/pipraveski.kohvik,"Mon 10:00-15:30; Tue 10:00-15:30; Wed 10:00-15:30, 16:00-21:30; Thu 10:00-15:30, 16:00-21:30; Fri 10:00-15:30, 16:00-21:30; Sat 12:00-22:00; Sun 12:00-22:00",,59.398691,24.648745,https://maps.google.com/?cid=9634784775887514217,ChIJRzS82N2VkkYRaeod1rShtYU
12 Tooli Cafe,Dessert Restaurant,,4.7,37,$$,Open,Odra tn 8,10144,Tallinn,,,Mon 10:00-18:00; Tue 10:00-18:00; Wed 10:00-18:00; Thu 10:00-18:00; Fri 10:00-18:00; Sat closed; Sun closed,Dessert Restaurant,59.427887,24.773237,https://maps.google.com/?cid=17715763137253859934,ChIJdaFAKt-VkkYRXuL5ELYI2_U
Bubblebirds Chicken Shop,Fast Food Restaurant,,4.7,35,$,Open,Kopli tn 1,10412,Tallinn,+372 5560 5290,https://www.lesmentbros.com/bubblebirds-chicken-shop,Mon 12:00-20:00; Tue 12:00-20:00; Wed 12:00-20:00; Thu 12:00-20:00; Fri 12:00-20:00; Sat 12:00-20:00; Sun 12:00-18:00,Fast Food Restaurant,59.441085,24.735228,https://maps.google.com/?cid=3152042141867421101,ChIJ4x0iKb-TkkYRra0Rt6BNvis
Lille Pagariäri,Bakery,,4.7,28,$,Open,Tehnika tn 35,10149,Tallinn,+372 5301 1946,http://lillepagar.ee/,Mon closed; Tue 08:00-16:00; Wed 08:00-16:00; Thu 08:00-16:00; Fri 08:00-16:00; Sat 09:00-15:00; Sun 09:00-15:00,Bakery; Breakfast Restaurant; Food Store,59.433805,24.724112,https://maps.google.com/?cid=6695261157150073165,ChIJr0w-kz2VkkYRTaFmpoxY6lw
Pub Kompressor,Restaurant,,4.6,8627,$$,Open,Rataskaevu tn 3,10123,Tallinn,+372 646 4210,http://kompressorpub.ee/,Mon 11:00-22:00; Tue 11:00-22:00; Wed 11:00-22:00; Thu 11:00-22:00; Fri 11:00-22:00; Sat 11:00-22:00; Sun 11:00-22:00,,59.437393,24.743207,https://maps.google.com/?cid=17166080864845768378,ChIJRyaVZWKTkkYRuibDxpgrOu4
Kamikadze Restaurant,European Restaurant,European,4.6,3114,$$,Open,Mustamäe tee 31,10616,Tallinn,+372 657 2377,http://www.kamikadze.ee/,Mon 11:00-23:00; Tue 11:00-23:00; Wed 11:00-23:00; Thu 11:00-23:00; Fri 11:00-00:00; Sat 11:00-00:00; Sun 11:00-23:00,European Restaurant; Banquet Hall; Bar; Event Venue,59.424191,24.700723,https://maps.google.com/?cid=13429452926513507610,ChIJhW4WcIqUkkYRGu2qzEgAX7o
Texas Cantina,Tex-Mex Restaurant,Mexican,4.6,2992,$$,Open,Pikk tn 45,10133,Tallinn,+372 631 1755,http://www.texas.ee/,Mon 16:00-23:00; Tue 16:00-23:00; Wed 16:00-23:00; Thu 16:00-23:00; Fri 16:00-23:00; Sat 12:00-23:00; Sun 12:00-23:00,Tex Mex Restaurant; American Restaurant,59.439815,24.746940,https://maps.google.com/?cid=6078949970210007264,ChIJVZfruGOTkkYR4Ci9TcrEXFQ
Grenka,Cafe,,4.6,2986,$$,Open,Pärnu mnt. 76,10131,Tallinn,+372 655 5514,https://www.grenka.ee/,Mon 09:00-20:00; Tue 09:00-20:00; Wed 09:00-20:00; Thu 09:00-21:00; Fri 09:00-21:00; Sat 09:00-21:00; Sun 09:00-18:00,Cafe,59.423896,24.742162,https://maps.google.com/?cid=7516762293709161823,ChIJcezlipeUkkYRX8WVCXvnUGg
Shaurma Kebab Punane,Turkish Restaurant,Middle Eastern,4.6,2617,$,Open,Punane 37a,13611,Tallinn,+372 5699 1933,https://shaurmakebab.ee/et,Mon 00:00-24:00; Tue 00:00-24:00; Wed 00:00-24:00; Thu 00:00-24:00; Fri 00:00-24:00; Sat 00:00-24:00; Sun 00:00-24:00,Turkish Restaurant; Fast Food Restaurant; Middle Eastern Restaurant,59.433546,24.827319,https://maps.google.com/?cid=18232235636773649194,ChIJ84z_6rrskkYRKnscj7bpBf0
Chakra,Indian Restaurant,Indian,4.6,2561,$$,Open,Bremeni käik 1,10123,Tallinn,+372 641 2615,http://www.chakra.ee/,Mon 12:00-22:30; Tue 12:00-22:30; Wed 12:00-22:30; Thu 12:00-22:30; Fri 12:00-23:00; Sat 12:00-23:00; Sun 13:00-22:30,Indian Restaurant; Vegan Restaurant; Halal Restaurant; Vegetarian Restaurant,59.439357,24.749388,https://maps.google.com/?cid=17524943801077446822,ChIJ36bd22OTkkYRprjnM4kbNfM
Restaurant Moon,Eastern European Restaurant,Eastern European,4.6,2396,$$,Open,Telliskivi tn 60-4,10412,Tallinn,+372 631 4575,http://www.restoranmoon.ee/,Mon 12:00-23:00; Tue 12:00-23:00; Wed 12:00-23:00; Thu 12:00-23:00; Fri 12:00-00:00; Sat 12:00-00:00; Sun 13:00-21:00,Eastern European Restaurant; European Restaurant,59.439668,24.731866,https://maps.google.com/?cid=347069091441607175,ChIJwZYTGWWTkkYRBwLl838J0QQ
Põhjala Brewery & Tap Room,Brewery,Barbecue,4.6,1877,,Open,Peetri tn 5,10415,Tallinn,+372 5666 2800,https://pohjalabeer.com/taproom,Mon closed; Tue 12:00-00:00; Wed 12:00-00:00; Thu 12:00-00:00; Fri 12:00-01:00; Sat 12:00-01:00; Sun 10:00-17:00,Brewery; Barbecue Restaurant; Manufacturer; Service,59.450270,24.727208,https://maps.google.com/?cid=483900591713668356,ChIJ-X-2JUyTkkYRBM2xOwYptwY
La Prima Vanalinn,Restaurant,Pizza,4.6,1739,$$,Open,Müürivahe 2,10130,Tallinn,+372 5631 3363,https://laprima.restaurant/vanalinn,Mon 08:00-23:00; Tue 08:00-23:00; Wed 08:00-23:00; Thu 08:00-23:00; Fri 08:00-01:00; Sat 08:00-01:00; Sun 08:00-22:00,Winery; Pizza Restaurant; Farm; Manufacturer; Service,59.434687,24.743792,https://maps.google.com/?cid=4737530060030287412,ChIJYfJlq1uVkkYRNB7XNH0Wv0E
Tondi Resto - Grill & BBQ,Restaurant,,4.6,1718,$$,Open,A. H. Tammsaare tee 62-1,11316,Tallinn,+372 5918 0000,https://www.tondiresto.ee/,Mon 11:00-22:00; Tue 11:00-22:00; Wed 11:00-22:00; Thu 11:00-22:00; Fri 11:00-23:00; Sat 12:00-23:00; Sun 12:00-21:00,,59.403158,24.714915,https://maps.google.com/?cid=1194084356787352386,ChIJV4-5X-aUkkYRQjMpXmU9khA
Farm,European Restaurant,Nordic,4.6,1580,$$$,Open,Müürivahe 27b,10140,Tallinn,+372 5482 0333,http://restaurant.farm/,Mon 17:00-22:00; Tue 17:00-22:00; Wed 17:00-22:00; Thu 17:00-22:00; Fri 17:00-23:00; Sat 15:00-23:00; Sun 15:00-22:00,European Restaurant; Scandinavian Restaurant; Eastern European Restaurant,59.436968,24.749352,https://maps.google.com/?cid=3471183231361707492,ChIJJzA8kmGTkkYR5G2b_8EeLDA
Restaurant & Bar Kolm Sibulat,Restaurant,,4.6,1546,$$,Open,Maakri tn 19-1,10145,Tallinn,+372 664 4055,http://www.kolmsibulat.eu/,Mon 11:30-23:00; Tue 11:30-23:00; Wed 11:30-23:00; Thu 11:30-23:00; Fri 11:30-23:00; Sat 13:00-23:00; Sun closed,Bar,59.433489,24.759787,https://maps.google.com/?cid=12091364887746001412,ChIJd88NlIaUkkYRBDq7d00ozac
Lee Brasserie,French Restaurant,French,4.6,1476,$$$$,Open,Uus tn 31,10111,Tallinn,+372 5304 3562,https://leebrasserie.ee/,Mon closed; Tue 18:00-23:00; Wed 18:00-23:00; Thu 18:00-23:00; Fri 18:00-23:00; Sat 18:00-23:00; Sun closed,French Restaurant; European Restaurant,59.441181,24.749294,https://maps.google.com/?cid=17170890643459361745,ChIJR7Jb9mOTkkYR0Ut5oBBCS-4
Kohalik,Restaurant,,4.6,1441,$$,Open,Manufaktuuri t. 4-1,10323,Tallinn,+372 5663 6996,http://kohalik.ee/,Mon 11:30-21:00; Tue 11:30-21:00; Wed 11:30-21:00; Thu 11:30-21:00; Fri 11:30-21:00; Sat 11:30-21:00; Sun 11:30-21:00,Coffee Shop; Food Store; Cafe,59.451770,24.706141,https://maps.google.com/?cid=6189631116220127987,ChIJ2Uc6xpCUkkYR81oBxbT85VU
Villa Thai,Thai Restaurant,Thai,4.6,1395,$$,Open,J. Vilmsi tn 6,10126,Tallinn,+372 641 9347,http://www.villathai.ee/,Mon 11:30-23:00; Tue 11:30-23:00; Wed 11:30-23:00; Thu 11:30-23:00; Fri 11:30-23:00; Sat 12:00-23:00; Sun 12:00-21:00,Thai Restaurant; Indian Restaurant,59.438219,24.774622,https://maps.google.com/?cid=10957950053340301177,ChIJ6aWPvVuTkkYReUfSC4R1Epg
Restoran Pull,Restaurant,,4.6,1364,$$$,Open,Rotermanni 2 Hobujaama ja Ahtri tn nurgal,10111,Tallinn,+372 5382 5000,http://www.pull.ee/,Mon 11:30-23:00; Tue 11:30-23:00; Wed 11:30-23:00; Thu 11:30-23:00; Fri 11:30-23:00; Sat 14:00-23:00; Sun closed,,59.439369,24.758658,https://maps.google.com/?cid=15895217350700330662,ChIJMZTPSmeTkkYRpm4eyPYnl9w
Restoran Gianni,Italian Restaurant,Italian,4.6,1328,$$$,Open,Jõe tn 4a,10151,Tallinn,+372 5770 3161,http://www.gianni.ee/,Mon 08:00-23:00; Tue 08:00-23:00; Wed 08:00-23:00; Thu 08:00-23:00; Fri 08:00-23:00; Sat 09:00-23:00; Sun 10:00-22:00,Italian Restaurant; European Restaurant,59.439023,24.764416,https://maps.google.com/?cid=14571557869590138861,ChIJTdH_2l2TkkYR7c_30K2SOMo
Kalevi Jahtklubi resto,Restaurant,,4.6,1317,$$,Open,"17 Pirita tee Tallinn Eesti Vabariik, Pirita tee 17",11911,Tallinn,+372 623 9158,http://www.jahtklubiresto.ee/,Mon 11:00-23:00; Tue 11:00-23:00; Wed 11:00-23:00; Thu 11:00-23:00; Fri 11:00-23:00; Sat 11:00-23:00; Sun 12:00-22:00,,59.465407,24.830030,https://maps.google.com/?cid=11079344178317514391,ChIJh_qn-yqTkkYRl1boTNS8wZk
Ginger Toompuiestee,Asian Restaurant,Indian,4.6,1315,$$,Open,Toompuiestee 29,10149,Tallinn,+372 656 6661,http://www.gingercafe.ee/,Mon 11:00-22:00; Tue 11:00-22:00; Wed 11:00-22:00; Thu 11:00-22:00; Fri 11:00-22:00; Sat 12:00-22:00; Sun 12:00-21:00,Asian Restaurant; Indian Restaurant,59.436368,24.732449,https://maps.google.com/?cid=9878803791112565540,ChIJ1V1EwoKUkkYRJPMLN7WPGIk
Uulits,Hamburger Restaurant,American,4.6,1226,$$,Open,Kadaka tee 135a,12915,Tallinn,+372 5300 8963,http://www.uulits.ee/,Mon 11:30-21:00; Tue 11:30-22:00; Wed 11:30-22:00; Thu 11:30-22:00; Fri 11:30-22:30; Sat 11:30-22:30; Sun 11:30-21:00,Hamburger Restaurant; Fast Food Restaurant; American Restaurant,59.411992,24.668064,https://maps.google.com/?cid=10260425144606410974,ChIJBa_DUVCUkkYR3kjAlE5aZI4
Ülo,Restaurant,,4.6,1127,$$,Open,Kopli tn 16,10412,Tallinn,+372 605 0052,https://www.ulo.ee/,Mon 17:00-23:00; Tue 17:00-23:00; Wed 17:00-23:00; Thu 17:00-23:00; Fri 17:00-00:00; Sat 12:00-00:00; Sun 12:00-22:00,,59.441821,24.732947,https://maps.google.com/?cid=13985381293017881167,ChIJNedHAEiTkkYRT1q5MjAOFsI
Antalya Restaurant,Turkish Restaurant,Turkish,4.6,1038,$$,Open,Nõmme tee 7,11315,Tallinn,+372 655 3316,http://www.antalya.ee/,Mon 12:00-22:30; Tue 12:00-22:30; Wed 12:00-22:30; Thu 12:00-22:30; Fri 12:00-23:30; Sat 12:00-23:30; Sun 12:00-22:30,Turkish Restaurant; Mediterranean Restaurant; European Restaurant,59.421087,24.724344,https://maps.google.com/?cid=7754124517584804012,ChIJf4FaLJKUkkYRrBjKZiovnGs
Mon Repos,Restaurant,,4.6,1020,$$$,Open,Narva mnt 92,10127,Tallinn,+372 507 0273,http://www.monrepos.ee/,Mon 12:00-23:00; Tue 12:00-23:00; Wed 12:00-23:00; Thu 12:00-23:00; Fri 12:00-00:00; Sat 12:00-00:00; Sun 11:00-22:00,,59.440569,24.787477,https://maps.google.com/?cid=10783910973442620133,ChIJczY970-TkkYR5fp7DeUlqJU
Repa Restoran,Eastern European Restaurant,Eastern European,4.6,996,$$,Open,Suur-Sõjamäe tn 4,11415,Tallinn,+372 600 1060,https://www.repa.ee/,Mon 11:00-21:00; Tue 11:00-21:00; Wed 11:00-21:00; Thu 11:00-21:00; Fri 11:00-21:00; Sat 11:00-21:00; Sun 11:00-19:00,Eastern European Restaurant; European Restaurant,59.421597,24.792253,https://maps.google.com/?cid=8679668005488555978,ChIJSa6lRjrrkkYRyvd3axBgdHg
Burger Box,Hamburger Restaurant,American,4.6,960,$$,Open,Kopli tn 4a,10412,Tallinn,+372 5800 6780,https://www.facebook.com/burgerboxbox/,Mon 15:00-01:00; Tue 15:00-01:00; Wed 15:00-01:00; Thu 15:00-01:00; Fri 15:00-03:00; Sat 15:00-03:00; Sun 15:00-01:00,Hamburger Restaurant; American Restaurant; Bar,59.441325,24.736872,https://maps.google.com/?cid=2426437045797689021,ChIJWbJy5nyTkkYRvZaeKKNvrCE
Dodo Pizza,Pizza Restaurant,Pizza,4.6,893,$$,Open,Sõpruse pst 211a,13422,Tallinn,+372 629 9209,https://www.dodopizza.ee/,Mon 09:00-00:00; Tue 09:00-00:00; Wed 09:00-00:00; Thu 09:00-00:00; Fri 09:00-02:00; Sat 10:00-02:00; Sun 10:00-00:00,Pizza Restaurant,59.399965,24.693625,https://maps.google.com/?cid=17382849448303589881,ChIJc924RwyVkkYR-fk6lnlJPPE
Guru Restoran,Indian Restaurant,Indian,4.6,856,$$,Open,Aia 10A,10111,Tallinn,+372 611 8018,https://restoranguru.ee/,Mon 12:00-22:00; Tue 12:00-22:00; Wed 12:00-22:00; Thu 12:00-22:00; Fri 12:00-23:00; Sat 12:00-23:00; Sun 13:00-22:00,Indian Restaurant,59.438516,24.751469,https://maps.google.com/?cid=5492350213533689538,ChIJ2dpQq5KTkkYRwma3Y2u_OEw
7Ürti Resto,Restaurant,,4.6,813,$$,Open,J. Vilmsi tn 45,10126,Tallinn,+372 772 6277,http://www.7urti.ee/,Mon closed; Tue closed; Wed 10:00-21:00; Thu 10:00-22:00; Fri 10:00-22:00; Sat 12:00-22:00; Sun 13:00-20:00,,59.433414,24.778545,https://maps.google.com/?cid=12304344963022965066,ChIJ17ZeYVeTkkYRSsnZeo3Qwao
Paju Villa,Restaurant,European,4.6,805,$$$,Open,Vabaduse pst 88,11617,Tallinn,+372 507 6242,http://pajuvilla.ee/,Mon closed; Tue closed; Wed 12:00-23:00; Thu 12:00-23:00; Fri 12:00-23:00; Sat 12:00-23:00; Sun closed,Fine Dining Restaurant; Wedding Venue; European Restaurant; Event Venue; Service,59.377982,24.686095,https://maps.google.com/?cid=12349388652674351952,ChIJP23qcRSVkkYRUAPlu4zXYas
Pelm,Restaurant,,4.6,729,$$,Open,Ahtri 9,10151,Tallinn,,https://www.facebook.com/restoranpelm,Mon 10:00-20:00; Tue 10:00-20:00; Wed 10:00-20:00; Thu 10:00-20:00; Fri 10:00-20:00; Sat 10:00-20:00; Sun 10:00-20:00,Dumpling Restaurant,59.441417,24.761578,https://maps.google.com/?cid=13985775543782934434,ChIJQ9wPoCSTkkYRogeH28F0F8I
Restoran Spot,Restaurant,,4.6,709,$$,Open,Vene tn 4,10123,Tallinn,+372 600 4977,http://www.restoranspot.ee/,Mon 12:00-22:30; Tue 12:00-22:30; Wed 12:00-23:00; Thu 12:00-23:00; Fri 12:00-00:00; Sat 12:00-00:00; Sun 12:00-22:00,,59.437169,24.747024,https://maps.google.com/?cid=5562612885691727793,ChIJiVSxIWKTkkYRsX-qkvJeMk0
Alex Kebab & Baar,Turkish Restaurant,Middle Eastern,4.6,706,$$,Temporarily closed,Tartu mnt 79a,10115,Tallinn,+372 5569 0556,https://alexkebab.ee/,,Internet Cafe; Fast Food Restaurant; Coffee Stand; Sports Bar; Snack Bar; Parking Lot; Kebab Shop; Turkish Restaurant; Meal Takeaway; Parking; Bar; Transportation Service; Service,59.427933,24.778006,https://maps.google.com/?cid=18268055655067978955,ChIJZ1gCPgjrkkYRy4xkedQrhf0
Weis Resto,Restaurant,,4.6,677,$$,Open,"Mustamäe tee 49, Kuldnoka tn 2",10619,Tallinn,+372 646 4552,http://www.weis.ee/,Mon 11:00-22:00; Tue 11:00-22:00; Wed 11:00-22:00; Thu 11:00-22:00; Fri 11:00-22:00; Sat 12:00-22:00; Sun 12:00-21:00,,59.421423,24.697761,https://maps.google.com/?cid=8289219854307951466,ChIJEettjX-VkkYRagMkEYo5CXM
Nõmme Kebab,Fast Food Restaurant,,4.6,657,$,Open,Jaama tn 3,11615,Tallinn,+372 521 7431,http://www.nommekebab.ee/,Mon 11:00-20:00; Tue 11:00-20:00; Wed 11:00-20:00; Thu 11:00-20:00; Fri 11:00-20:00; Sat 11:00-20:00; Sun 11:00-20:00,Fast Food Restaurant,59.387289,24.684953,https://maps.google.com/?cid=1881719062384157559,ChIJC8wlsBqVkkYRdyN9eIQ1HRo
HORISONT RESTAURANT & BAR,Restaurant,,4.6,620,,Open,Tornimäe tn 3,10145,Tallinn,+372 624 3000,https://horisontrestoran.ee/horisont-restaurant/?utm_source=google+Maps&utm_medium=seo+maps&utm_campaign=seo+maps,Mon 12:00-23:00; Tue 12:00-01:00; Wed 12:00-01:00; Thu 12:00-01:00; Fri 12:00-01:00; Sat 12:00-01:00; Sun 12:00-23:00,Bar,59.432927,24.761193,https://maps.google.com/?cid=4787924091596330096,ChIJTSD3fF-TkkYRcFQiA5gfckI
Vesivärava Grill,Hamburger Restaurant,American,4.6,618,$$,Open,Vesivärava tn 42,10152,Tallinn,+372 5665 5313,http://www.vesivarava.ee/,Mon 12:00-19:00; Tue 12:00-19:00; Wed 12:00-19:00; Thu 12:00-19:00; Fri 12:00-19:00; Sat 12:00-19:00; Sun 12:00-18:00,Hamburger Restaurant; Fast Food Restaurant; American Restaurant,59.434174,24.780732,https://maps.google.com/?cid=9245664700470572283,ChIJ59ZCT1eTkkYR-7TqNw8zT4A
T35 - The Breakfast Club,Cafe,,4.6,606,$$,Open,Tööstuse tn 35,10411,Tallinn,+372 5559 1535,https://menu.dinnero.eu/t35,Mon closed; Tue 09:00-17:00; Wed 09:00-17:00; Thu 09:00-17:00; Fri 09:00-17:00; Sat 09:00-17:00; Sun 09:00-17:00,Cafe; Breakfast Restaurant; Bakery; Food Store,59.446818,24.730780,https://maps.google.com/?cid=18146930268938921522,ChIJMZA_F3mTkkYRMmbj2-7Y1vs
Sakura Resto,Asian Restaurant,Japanese,4.6,603,$$,Open,Roosikrantsi tn 16,10119,Tallinn,+372 5486 0852,http://www.sakuraresto.ee/,Mon 11:30-23:00; Tue 11:30-23:00; Wed 11:30-23:00; Thu 11:30-23:00; Fri 11:30-01:00; Sat 12:00-01:00; Sun 12:00-22:00,Asian Restaurant; Sushi Restaurant; Asian Fusion Restaurant; Fusion Restaurant; Japanese Restaurant,59.430005,24.743700,https://maps.google.com/?cid=11949772495076465209,ChIJ35SJyreVkkYRORrEi8Ue1qU
Boksipeatus,Fast Food Restaurant,,4.6,564,$,Open,Veerenni tn 54,11313,Tallinn,+372 5852 8852,https://www.boksipeatus.ee/,Mon 10:00-19:00; Tue 10:00-19:00; Wed 10:00-19:00; Thu 10:00-19:00; Fri 10:00-19:00; Sat 12:00-19:00; Sun 12:00-19:00,Fast Food Restaurant,59.414120,24.756742,https://maps.google.com/?cid=4624670862421658056,ChIJo95X47mUkkYRyAm-laUhLkA
iL FORNO Pärnu mnt.,Italian Restaurant,Italian,4.6,561,$$,Open,Pärnu mnt. 20,10141,Tallinn,+372 5432 0500,http://ilforno.ee/,Mon 11:00-21:00; Tue 11:00-21:00; Wed 11:00-21:00; Thu 11:00-21:00; Fri 11:00-22:00; Sat 12:00-22:00; Sun 12:00-20:00,Italian Restaurant; European Restaurant,59.431860,24.745336,https://maps.google.com/?cid=10382885202572712949,ChIJ9R32ZFCVkkYR9ZsBsxRrF5A
Moos Resto,Restaurant,,4.6,531,$$,Open,Kadaka tee 133,12915,Tallinn,+372 600 1112,https://moosresto.ee/et,Mon 11:00-21:00; Tue 11:00-21:00; Wed 11:00-21:00; Thu 11:00-21:00; Fri 11:00-22:00; Sat 12:00-22:00; Sun 12:00-20:00,,59.412218,24.669148,https://maps.google.com/?cid=16264480269302007359,ChIJ6zoK4HmVkkYRP4YYzKEKt-E
Järve Resto & Grill,Restaurant,,4.6,508,$$,Open,Viljandi mnt 3,11214,Tallinn,+372 671 4163,http://www.facebook.com/jarveresto,Mon 11:00-22:00; Tue 11:00-22:00; Wed 11:00-22:00; Thu 11:00-22:00; Fri 11:00-22:00; Sat 12:00-22:00; Sun 12:00-22:00,,59.392017,24.728441,https://maps.google.com/?cid=17744823637161181699,ChIJs6bf9diUkkYRA4Ly9hRHQvY
Güllüzadem Kebab & Pizza & Baklava,Turkish Restaurant,Turkish,4.6,495,$,Open,Teatri v 1,10143,Tallinn,,https://grandbazaar.ee/,Mon 12:00-23:00; Tue 12:00-23:00; Wed 12:00-23:00; Thu 12:00-23:00; Fri 12:00-23:00; Sat 12:00-23:00; Sun 12:00-23:00,Turkish Restaurant,59.434231,24.752487,https://maps.google.com/?cid=13349541247884950593,ChIJuS8aixfrkkYRQXybOgkZQ7k
Pühaste Taproom Tallinn,Bar,,4.6,487,$$,Open,Rotermanni tn 2,10111,Tallinn,+372 557 9787,http://puhaste-taproom.ourmenu.com/?menu=226736,Mon 14:00-23:00; Tue 14:00-23:00; Wed 14:00-23:00; Thu 14:00-23:00; Fri 14:00-01:00; Sat 14:00-01:00; Sun 14:00-20:00,Bar; Cocktail Bar,59.438668,24.758085,https://maps.google.com/?cid=16725371773287553583,ChIJIZ4odQCTkkYRL1omUwN1HOg
Ala Turca Kebab,Fast Food Restaurant,Middle Eastern,4.6,485,$,Open,Aia tn 7,10111,Tallinn,+372 506 5036,http://alaturcatallinn.ee/,Mon 12:00-02:00; Tue 12:00-02:00; Wed 12:00-02:00; Thu 12:00-02:00; Fri 12:00-06:00; Sat 12:00-06:00; Sun 12:00-00:00,Fast Food Restaurant; Hamburger Restaurant; Kebab Shop; Turkish Restaurant; American Restaurant,59.438099,24.751030,https://maps.google.com/?cid=1424054746945483534,ChIJ34RCRBqTkkYRDvNkVD9CwxM
Vernalia cafe,Cafe,,4.6,464,$,Open,Tööstuse tn 48,10416,Tallinn,+372 652 9007,https://vernaliakohvik.ee/,Mon 09:00-17:00; Tue 09:00-17:00; Wed 09:00-17:00; Thu 09:00-17:00; Fri 09:00-17:00; Sat closed; Sun closed,Cafe; Breakfast Restaurant,59.449433,24.725480,https://maps.google.com/?cid=10318840877131824808,ChIJ4fkHhIKTkkYRqP44LxvjM48
Sushi 7 Sõpruse,Sushi Restaurant,Japanese,4.6,463,$$,Open,Sõpruse pst 209,13419,Tallinn,+372 5677 7720,https://sushi7.ee/,Mon 12:00-22:00; Tue 12:00-22:00; Wed 12:00-22:00; Thu 12:00-22:00; Fri 12:00-22:00; Sat 12:00-22:00; Sun 12:00-22:00,Sushi Restaurant; Japanese Restaurant,59.400236,24.694596,https://maps.google.com/?cid=13700440094821462543,ChIJySTfunaVkkYRDzJanq29Ib4
Mimosa Brooklyn Pizza Tallinn,Restaurant,Pizza,4.6,448,$$,Open,Suur-Karja tn 12,10140,Tallinn,+372 5860 7645,https://mimosabrooklyn-pizza.ee/mimosa-brooklin-pizza,Mon 10:00-22:00; Tue 10:00-22:00; Wed 10:00-22:00; Thu 10:00-22:00; Fri 10:00-23:00; Sat 10:00-23:00; Sun 10:00-20:00,Pizza Restaurant,59.435490,24.746180,https://maps.google.com/?cid=18294500372069291411,ChIJyU1EEPeVkkYRkxVx9Cgf4_0
Restoran Võru,Restaurant,,4.6,440,$$,Open,Pirita tee 20-1,12011,Tallinn,+372 5368 3900,https://www.restoranvoru.ee/,"Mon 11:00-15:00; Tue 11:00-15:00, 17:00-22:00; Wed 11:00-15:00, 17:00-22:00; Thu 11:00-15:00, 17:00-22:00; Fri 11:00-15:00, 17:00-23:00; Sat 12:00-23:00; Sun 12:00-17:00",,59.446653,24.802116,https://maps.google.com/?cid=7143285313391442131,ChIJdbhRiEmTkkYR0zj2USUMImM
Everest Grill & Restro,Indian Restaurant,Chinese,4.6,433,$$,Open,Narva mnt 15,10120,Tallinn,+372 5450 2301,https://everestgrill.ee/,Mon 11:00-00:30; Tue 11:00-00:30; Wed 11:00-00:30; Thu 11:00-00:30; Fri 11:00-01:00; Sat 11:00-01:00; Sun 11:00-00:30,Indian Restaurant; Chinese Restaurant,59.438049,24.767362,https://maps.google.com/?cid=14735674066654960771,ChIJi9EUURqTkkYRg5znnH2hf8w
MEKK Restaurant & Bar,Restaurant,,4.6,409,,Open,"3 Ravala Street, Rävala pst 3",10143,Tallinn,+372 682 3020,https://restoranmekk.ee/,Mon 06:30-23:00; Tue 06:30-23:00; Wed 06:30-23:00; Thu 06:30-23:00; Fri 06:30-23:00; Sat 07:00-23:00; Sun 07:00-23:00,Bar,59.433594,24.758119,https://maps.google.com/?cid=937566090621201875,ChIJTRBuG56UkkYR063tWGTnAg0
Asian wok,Restaurant,,4.6,402,$$,Open,Raua tn 1,10124,Tallinn,+372 5568 4477,https://asianwokrestaurant.ee/online-menu,Mon 11:30-23:00; Tue 11:30-23:00; Wed 11:30-23:00; Thu 11:30-23:00; Fri 11:30-23:00; Sat 12:00-23:00; Sun 12:00-23:00,,59.435630,24.764342,https://maps.google.com/?cid=7111011970176814990,ChIJHzRHZsOTkkYRjo_wC7Zjr2I
Viru Burger x Hobujaama,Restaurant,,4.6,401,$$,Open,Narva mnt 5,10411,Tallinn,+372 5333 2484,https://viruburger.ee/,Mon 11:30-21:00; Tue 11:30-21:00; Wed 11:30-21:00; Thu 11:30-21:00; Fri 11:30-22:00; Sat 11:30-22:00; Sun 11:30-20:00,,59.438420,24.758699,https://maps.google.com/?cid=5037699866545963506,ChIJAWusDeOTkkYR8kGBdlaB6UU
Monster Pizza,Pizza Restaurant,Pizza,4.6,399,$$,Open,Mustamäe tee 39,10619,Tallinn,+372 5391 3768,http://www.monsterpizza.ee/,Mon 12:00-21:00; Tue 12:00-21:00; Wed 12:00-21:00; Thu 12:00-21:00; Fri 12:00-22:00; Sat 12:00-22:00; Sun 12:00-21:00,Pizza Restaurant,59.422683,24.699476,https://maps.google.com/?cid=3808363112841656212,ChIJoXFqI5WVkkYRlLeg1BIG2jQ
Brööder Kebab,Turkish Restaurant,Turkish,4.6,357,$$,Open,Tervise tn 21,13419,Tallinn,+372 5456 1117,http://www.brooderkebab.ee/,Mon 11:00-21:00; Tue 11:00-21:00; Wed 11:00-21:00; Thu 11:00-21:00; Fri 11:00-21:00; Sat 11:00-21:00; Sun 11:00-20:00,Turkish Restaurant,59.395063,24.700524,https://maps.google.com/?cid=5462044318389213759,ChIJiy5M7fqVkkYRP5oHUV4UzUs
Kebaboom Solaris,Kebab Shop,Middle Eastern,4.6,357,$,Open,Estonia pst 9,11314,Tallinn,+372 5880 2291,https://kebaboom.ee/,Mon 10:45-21:00; Tue 10:45-21:00; Wed 10:45-21:00; Thu 10:45-21:00; Fri 10:45-22:00; Sat 10:45-22:00; Sun 10:45-21:00,Kebab Shop,59.433118,24.751926,https://maps.google.com/?cid=4286910849540871379,ChIJM3QmsXWVkkYR09SmYrQqfjs
STEFF GRILL,Eastern European Restaurant,Eastern European,4.6,357,$$,Open,Telliskivi tn 1,10611,Tallinn,+372 5867 0013,https://steffgrill.ee/,Mon closed; Tue 12:00-21:00; Wed 12:00-21:00; Thu 12:00-21:00; Fri 12:00-22:00; Sat 12:00-22:00; Sun 12:00-20:00,Eastern European Restaurant; European Restaurant,59.433716,24.717712,https://maps.google.com/?cid=10182689827385273043,ChIJO2hGRACVkkYR02pIo3IuUI0
Quick Bites,Turkish Restaurant,Turkish,4.6,356,$,Open,Väike-Karja tn 1,10140,Tallinn,+372 5388 0010,https://quickbites.choiceqr.com/online-menu,Mon 19:00-06:00; Tue 19:00-06:00; Wed 19:00-11:00; Thu 19:00-11:00; Fri 19:00-11:00; Sat 19:00-11:00; Sun 19:00-06:00,Turkish Restaurant; Hamburger Restaurant; Halal Restaurant; Lounge Bar; Pizza Restaurant; Cocktail Bar; Night Club; American Restaurant; Event Venue; Bar; Service,59.435972,24.746853,https://maps.google.com/?cid=8771955991976429139,ChIJSxlmtouTkkYRU0Ydt38_vHk
Stenhus restaurant,Restaurant,,4.6,345,$$$$,Open,Pühavaimu tn 13-15,10123,Tallinn,+372 699 7780,https://stenhusrestaurant.ee/en/,Mon 12:00-22:30; Tue 12:00-22:30; Wed 12:00-22:30; Thu 12:00-22:30; Fri 12:00-22:30; Sat 12:00-22:30; Sun 12:00-22:30,,59.438652,24.747688,https://maps.google.com/?cid=5660126800974542396,ChIJ_SaBzWOTkkYRPHbBO1bPjE4
Nõmme Jaamarestoran ELSA,Restaurant,,4.6,325,$$,Open,Jaama tn 18,11615,Tallinn,+372 5623 5167,http://www.jaamarestoran.ee/,Mon closed; Tue 12:00-22:00; Wed 12:00-22:00; Thu 12:00-22:00; Fri 12:00-23:00; Sat 12:00-23:00; Sun closed,,59.386213,24.685911,https://maps.google.com/?cid=11328673753060507912,ChIJc9fidRCVkkYRCIF2q8GIN50
Pappa Pizza Nõmme,Pizza Restaurant,Pizza,4.6,312,$,Open,Pärnu mnt. 326,11611,Tallinn,+372 677 0846,https://www.pappapizza.ee/pizzeria/nomme-parnu-mnt-326,Mon 11:00-22:00; Tue 11:00-22:00; Wed 11:00-22:00; Thu 11:00-22:00; Fri 11:00-22:00; Sat 11:00-22:00; Sun 11:00-22:00,Pizza Restaurant,59.388007,24.683257,https://maps.google.com/?cid=8748214660050091296,ChIJu183TwWVkkYRIH0mH-LmZ3k
Art Priori,Restaurant,,4.6,302,,Open,Olevimägi 7,10133,Tallinn,+372 5359 9895,https://www.artpriori.ee/?utm_source=google&utm_medium=wix_google_business_profile&utm_campaign=17021892367184414540,Mon closed; Tue closed; Wed 17:00-23:00; Thu 17:00-23:00; Fri 17:00-00:00; Sat 17:00-00:00; Sun closed,Fine Dining Restaurant,59.439998,24.747791,https://maps.google.com/?cid=14166691700432747038,ChIJe1CB6mOTkkYRHrrEDgszmsQ
Telliskivi KoHo,Restaurant,,4.6,302,$$,Open,Telliskivi tn 60-1,10412,Tallinn,+372 650 1020,https://telliskivi.koho.ee/,Mon 11:30-22:00; Tue 11:30-22:00; Wed 11:30-22:00; Thu 11:30-22:00; Fri 11:30-23:00; Sat 12:00-23:00; Sun 12:00-21:00,,59.440137,24.730352,https://maps.google.com/?cid=13870300278050355307,ChIJV3MbLN6TkkYRa3gxaZ00fcA
City Grill House,Barbecue Restaurant,Barbecue,4.6,297,$$,Open,A. Laikmaa tn 5,10145,Tallinn,+372 630 0818,http://tallinkhotels.com/en/tallink-city-hotel/city-grill-house,Mon 12:00-23:00; Tue 12:00-23:00; Wed 12:00-23:00; Thu 12:00-23:00; Fri 12:00-23:00; Sat 12:00-23:00; Sun 12:00-23:00,Barbecue Restaurant,59.436326,24.757790,https://maps.google.com/?cid=10405224710542240241,ChIJM_Uh0_iTkkYR8an8t77IZpA
Brööder Kebab,Kebab Shop,Middle Eastern,4.6,273,$$,Open,Kopli tn 1,10412,Tallinn,+372 5301 3133,https://www.brooderkebab.ee/,Mon 11:30-22:00; Tue 11:30-22:00; Wed 11:30-22:00; Thu 11:30-23:00; Fri 11:30-23:00; Sat 11:30-23:00; Sun 11:30-22:00,Kebab Shop,59.441190,24.734057,https://maps.google.com/?cid=12873932330816473966,ChIJTzcyUOGTkkYRbou78D5lqbI
Q Pizza&Pan,Pizza Restaurant,Pizza,4.6,272,$$,Open,Telliskivi tn 62,10412,Tallinn,+372 5847 2203,,Mon 18:00-02:00; Tue 18:00-02:00; Wed 18:00-02:00; Thu 18:00-03:00; Fri 18:00-05:00; Sat 18:00-05:00; Sun 18:00-06:00,Pizza Restaurant,59.440538,24.730682,https://maps.google.com/?cid=8330009548104393285,ChIJe_YwWhKTkkYRReJfuowjmnM
Jahu Pizza,Pizza Restaurant,Pizza,4.6,256,$$,Open,Lahepea tn 11,10617,Tallinn,+372 5690 0596,,Mon 12:00-22:00; Tue 12:00-22:00; Wed 12:00-22:00; Thu 12:00-22:00; Fri 12:00-23:00; Sat 12:00-23:00; Sun 12:00-22:00,Pizza Restaurant,59.433227,24.684915,https://maps.google.com/?cid=15678003792347152139,ChIJU0VJYdqVkkYRCz8ULmJ1k9k
Blossom,Asian Restaurant,Asian,4.6,243,$$,Open,Liivalaia tn 19,10118,Tallinn,+372 5556 5527,https://m.facebook.com/blossomliivalaia19/,Mon 11:00-00:00; Tue 11:00-00:00; Wed 11:00-00:00; Thu 11:00-00:00; Fri 11:00-00:00; Sat 12:00-00:00; Sun 12:00-00:00,Asian Restaurant,59.428649,24.750909,https://maps.google.com/?cid=3196915056962930130,ChIJzZdCpR6VkkYR0oVfa065XSw
Japosha sushi,Takeout Restaurant,,4.6,243,$$,Open,Jakobi tn 22,10144,Tallinn,+372 552 8730,http://www.japosha.ee/,Mon 11:00-22:00; Tue 11:00-22:00; Wed 11:00-22:00; Thu 11:00-22:00; Fri 11:00-22:00; Sat 11:00-22:00; Sun 11:00-22:00,Meal Takeaway,59.427976,24.770065,https://maps.google.com/?cid=723054849445585579,ChIJceX3zKeUkkYRq-JT_o3OCAo
Shaurma Kebab Pärnu mnt,Turkish Restaurant,Middle Eastern,4.6,231,$,Open,Pärnu mnt. 146a,11317,Tallinn,+372 5555 6562,https://shaurmakebab.ee/et,Mon 10:00-22:00; Tue 10:00-22:00; Wed 10:00-22:00; Thu 10:00-22:00; Fri 10:00-22:00; Sat 10:00-22:00; Sun 10:00-22:00,Turkish Restaurant; Middle Eastern Restaurant; Fast Food Restaurant,59.409633,24.735935,https://maps.google.com/?cid=10480686089105570053,ChIJkVg-3ROVkkYRBfmDD3jgcpE
SushiArt,Sushi Restaurant,Japanese,4.6,225,$$,Open,Erika tn 14,10416,Tallinn,+372 5322 6060,http://sushiart.ee/,Mon 11:00-21:00; Tue 11:00-21:00; Wed 11:00-21:00; Thu 11:00-21:00; Fri 11:00-21:00; Sat 11:00-21:00; Sun 11:00-21:00,Sushi Restaurant; Japanese Restaurant,59.451462,24.718583,https://maps.google.com/?cid=9368214916759343240,ChIJbWKUfISTkkYRiND09NSVAoI
Roku resto,Restaurant,,4.6,208,$$,Open,Poordi 1,10156,Tallinn,+372 5626 4887,https://rokuresto.ee/,Mon 12:00-21:00; Tue 12:00-21:00; Wed 12:00-21:00; Thu 12:00-21:00; Fri 12:00-23:00; Sat 12:00-23:00; Sun 12:00-21:00,,59.441158,24.754740,https://maps.google.com/?cid=8674257636701772040,ChIJv-dG5dSTkkYRCBnUxVwnYXg
Laims Cafe,Indian Restaurant,Indian,4.6,201,$$,Open,Liivalaia tn 32,10118,Tallinn,+372 5462 4954,https://www.instagram.com/laims.cafe.tallin/,Mon 12:00-23:30; Tue 12:00-23:30; Wed 12:00-23:30; Thu 12:00-23:30; Fri 12:00-23:30; Sat 12:00-23:30; Sun 12:00-23:30,Indian Restaurant,59.429035,24.755704,https://maps.google.com/?cid=372612709053293933,ChIJy3NWAu6VkkYRbeXq4UjJKwU
Gloria Veinikelder,Restaurant,,4.6,183,,Temporarily closed,Müürivahe 2,10130,Tallinn,+372 640 6804,http://gloriaveinikelder.ee/en/,,,59.434687,24.743792,https://maps.google.com/?cid=5750147333960581495,ChIJEa2h552UkkYRd0Hh3oigzE8
Purtse resto,Restaurant,,4.6,181,$$,Open,Telliskivi tn 60/2-I-hoone,10412,Tallinn,+372 5622 4228,http://purtseresto.ee/,Mon closed; Tue 12:00-22:00; Wed 12:00-22:00; Thu 12:00-22:00; Fri 12:00-00:00; Sat 14:00-00:00; Sun closed,,59.439654,24.732521,https://maps.google.com/?cid=7776175786989799797,ChIJq7VYQPyTkkYRdUmFpq2G6ms
Gloria restaurant,Restaurant,,4.6,177,,Open,Müürivahe 2,10130,Tallinn,+372 640 6800,https://www.gloria.ee/,Mon closed; Tue 14:00-23:00; Wed 14:00-23:00; Thu 14:00-23:00; Fri 14:00-23:00; Sat 14:00-23:00; Sun closed,,59.434618,24.743782,https://maps.google.com/?cid=10648678353512650133,ChIJkwTD4J2UkkYRlVWDHIu0x5M
Kinoma - The Ramen,Restaurant,Japanese,4.6,176,$$,Open,Telliskivi tn 24,10611,Tallinn,+372 5310 3445,http://www.kinoma.ee/,Mon closed; Tue 12:00-23:00; Wed 12:00-23:00; Thu 12:00-23:00; Fri 12:00-23:00; Sat 12:00-23:00; Sun 12:00-23:00,Japanese Restaurant,59.435842,24.721037,https://maps.google.com/?cid=11455396843662799537,ChIJKcxqY2GVkkYRsfKma7y--Z4
Poké Bowl Järve,Fast Food Restaurant,Hawaiian,4.6,174,$,Open,Pärnu mnt. 238,11624,Tallinn,+372 5810 0525,https://pokebowl.ee/,Mon 10:00-21:00; Tue 10:00-21:00; Wed 10:00-21:00; Thu 10:30-21:00; Fri 10:00-21:00; Sat 10:00-21:00; Sun 10:00-19:00,Fast Food Restaurant; Hawaiian Restaurant; American Restaurant,59.393391,24.720241,https://maps.google.com/?cid=17240233955086794948,ChIJlWkphs6TkkYRxICTgXCdQe8
Ajde Bre,European Restaurant,European,4.6,170,$$,Open,Aia tn 10a,10111,Tallinn,+372 5661 3685,https://ajdebre.ee/,Mon 15:00-23:00; Tue 15:00-23:00; Wed 15:00-23:00; Thu 15:00-23:00; Fri 15:00-00:00; Sat 15:00-00:00; Sun 15:00-23:00,European Restaurant,59.438520,24.751607,https://maps.google.com/?cid=14830970725294326426,ChIJQwgbT3eTkkYRmsJi-0sx0s0
Crock & Crumb Restaurant & Bakery,Restaurant,,4.6,153,$,Open,Pikk tn 31,10133,Tallinn,,,Mon 11:00-20:00; Tue 10:00-20:00; Wed 10:00-20:00; Thu 10:00-20:00; Fri 10:00-20:00; Sat 10:00-20:30; Sun 10:00-19:00,,59.438958,24.746304,https://maps.google.com/?cid=8267016646702532716,ChIJjVZssLWTkkYRbAjy8tZXunI
Veerenni Söökla,Restaurant,,4.6,136,$,Open,Veerenni tn 56,11313,Tallinn,+372 518 8012,http://www.veerennisookla.ee/,Mon 09:00-16:00; Tue 09:00-16:00; Wed 09:00-16:00; Thu 09:00-16:00; Fri 09:00-16:00; Sat closed; Sun closed,,59.412676,24.755471,https://maps.google.com/?cid=14637551631890355623,ChIJFZZYb-6VkkYRp5VD-KcHI8s
Fusion Sushi,Sushi Restaurant,Japanese,4.6,135,$$,Open,Virbi tn 10-13622,13629,Tallinn,+372 5855 2637,http://fusionsushi.ee/,Mon 11:00-22:00; Tue 11:00-22:00; Wed 11:00-22:00; Thu 11:00-22:00; Fri 11:00-22:00; Sat 11:00-22:00; Sun 11:00-22:00,Sushi Restaurant; Japanese Restaurant,59.440700,24.843337,https://maps.google.com/?cid=17962002791406923262,ChIJIbc9VcfskkYR_m1iPF_aRfk
Hem koduresto & aed,Restaurant,,4.6,135,$$$,Open,Telliskivi tn 21,10611,Tallinn,+372 510 0271,https://www.instagram.com/hem_koduresto/,Mon 16:00-22:00; Tue 16:00-22:00; Wed 16:00-22:00; Thu 16:00-22:00; Fri 16:00-23:00; Sat 16:00-23:00; Sun closed,,59.436342,24.720918,https://maps.google.com/?cid=10932552677601940006,ChIJ58NfTDyVkkYRJpK1tLw6uJc
Pelmen Käsitöö Kohvik,Eastern European Restaurant,Eastern European,4.6,130,$,Open,Kopli tn 1,10412,Tallinn,+372 5805 1852,https://pelmen.ee/,Mon 09:00-19:00; Tue 09:00-19:00; Wed 09:00-19:00; Thu 09:00-19:00; Fri 09:00-19:00; Sat 09:00-19:00; Sun 09:00-19:00,Eastern European Restaurant; European Restaurant,59.441246,24.734928,https://maps.google.com/?cid=6636110848551687459,ChIJ95y-wbiTkkYRIxUKOqgzGFw
Mahe Punane Telemaja Kohvik,Restaurant,,4.6,122,$,Temporarily closed,Gonsiori tn 27,10125,Tallinn,+372 662 8222,http://www.mahepunane.ee/,,,59.434165,24.770686,https://maps.google.com/?cid=17405594621499452327,ChIJi5c1pJ-UkkYRp6vs5hYYjfE
Ramen Taro Ülemiste,Ramen Restaurant,Japanese,4.6,118,$$,Open,Suur-Sõjamäe tn 4,11415,Tallinn,+372 335 7335,https://www.ramentaro2023.com/,Mon 10:00-21:00; Tue 10:00-21:00; Wed 10:00-21:00; Thu 10:00-21:00; Fri 10:00-21:00; Sat 10:00-21:00; Sun 10:00-19:00,Ramen Restaurant; Japanese Restaurant,59.421907,24.794422,https://maps.google.com/?cid=10097906274047120505,ChIJ868Few7rkkYReVTEV0H4Iow
Badass Pizza Aia,Pizza Restaurant,Pizza,4.6,111,$$,Open,Aia tn 7,10111,Tallinn,+372 600 8802,https://www.badasspizza.ee/,Mon 11:00-21:30; Tue 11:00-21:30; Wed 11:00-21:30; Thu 11:00-21:30; Fri 11:00-21:30; Sat 11:00-21:30; Sun 11:00-21:30,Pizza Restaurant,59.438307,24.750918,https://maps.google.com/?cid=9326953011206359963,ChIJRWsyc-mTkkYRmwu37Vj-b4E
Kanuti Resto,Restaurant,,4.6,104,$$,Temporarily closed,Mere pst 6 e,10111,Tallinn,+372 5627 1114,https://www.kanutiresto.ee/,,,59.439860,24.754113,https://maps.google.com/?cid=1842100728965396652,ChIJhXS3G36TkkYRrHh4Ztp0kBk
Rollit Sushi,Sushi Restaurant,Japanese,4.6,96,$$,Temporarily closed,Kalaranna tn 8-2,10415,Tallinn,+372 5666 3005,http://www.rollit.ee/,,Sushi Restaurant; Japanese Restaurant,59.447135,24.746577,https://maps.google.com/?cid=7894121893567431147,ChIJreebn-2TkkYR64G4jwmOjW0
Teatriresto,Restaurant,,4.6,91,$$,Open,Pärnu mnt. 326,11611,Tallinn,+372 5806 2882,https://teatriresto.ee/,Mon 12:00-16:00; Tue 12:00-16:00; Wed 12:00-16:00; Thu 12:00-22:00; Fri 12:00-22:00; Sat 12:00-22:00; Sun 12:00-18:00,,59.388165,24.683324,https://maps.google.com/?cid=1146378905792911233,ChIJHQaU_zuVkkYRgZfJgYrB6A8
Tiger Wok Pae,Asian Restaurant,Asian,4.6,85,$$,Open,Pae tn 80,13620,Tallinn,+372 670 9000,https://tigerwok.ee/menu,Mon 11:00-22:00; Tue 11:00-22:00; Wed 11:00-22:00; Thu 11:00-22:00; Fri 11:00-22:00; Sat 11:00-22:00; Sun 11:00-22:00,Asian Restaurant,59.436083,24.820718,https://maps.google.com/?cid=17089749630186837110,ChIJKTjsUADtkkYRdlSmR778Ku0
Suzani,Restaurant,,4.6,74,$$,Open,Vesilennuki tn 24,10415,Tallinn,+372 5666 4748,https://suzani.ee/,Mon closed; Tue 12:00-22:00; Wed 12:00-22:00; Thu 12:00-22:00; Fri 12:00-23:00; Sat 12:00-23:00; Sun 12:00-21:00,,59.452717,24.731672,https://maps.google.com/?cid=9731285282036865897,ChIJYer5WQCTkkYRaVvLy2d4DIc
Oppa's Kitchen,Korean Restaurant,Korean,4.6,72,$,Open,Lastekodu tn 12,10113,Tallinn,+372 5379 3344,https://www.facebook.com/profile.php?id=61556401911143,Mon 12:00-19:00; Tue 12:00-19:00; Wed 12:00-19:00; Thu 12:00-19:00; Fri 12:00-19:00; Sat 12:00-17:00; Sun closed,Korean Restaurant,59.430765,24.766975,https://maps.google.com/?cid=929844995145496977,ChIJn0RoSPOVkkYRkXnStxh55ww
Zoom Restaurant & Bar Tallinn,Restaurant,,4.6,72,$$,Open,Sadama tn 4,10111,Tallinn,+372 644 1234,https://www.hyattrestaurants.com/en/tallinn/restaurant-bar/zoom-restaurant-tallinn,Mon 17:00-23:00; Tue 17:00-23:00; Wed 17:00-23:00; Thu 17:00-23:00; Fri 17:00-23:00; Sat 17:00-23:00; Sun 17:00-23:00,,59.443691,24.755355,https://maps.google.com/?cid=16303944115528733637,ChIJdeNXFBWTkkYRxRPpg8o-Q-I
China Wok,Asian Restaurant,Asian,4.6,60,$$,Open,Karjavälja tn 4,12918,Tallinn,+372 523 4738,http://chinawok.ee/,Mon 10:00-21:00; Tue 10:00-21:00; Wed 10:00-21:00; Thu 10:00-21:00; Fri 10:00-21:00; Sat 10:00-21:00; Sun 10:00-19:00,Asian Restaurant,59.410641,24.681453,https://maps.google.com/?cid=4788888622495714444,ChIJr7fznU2VkkYRjEzEXNSMdUI
Kuldne 1988 Retroköök,Eastern European Restaurant,Ukrainian,4.6,60,$$,Open,Narva mnt 7d,10117,Tallinn,+372 5190 0265,http://www.kuldne88.com/,Mon closed; Tue 12:00-23:00; Wed 12:00-23:00; Thu 12:00-23:00; Fri 12:00-01:00; Sat 12:00-01:00; Sun 12:00-23:00,Eastern European Restaurant; Ukrainian Restaurant; Russian Restaurant; Family Restaurant; European Restaurant; Live Music Venue; Event Venue; Bar,59.438016,24.760654,https://maps.google.com/?cid=14730198398510600420,ChIJbfUzxfyTkkYR5JBARmYtbMw
Fries kiosk,Hamburger Restaurant,American,4.6,54,$$,Open,Aia tn 8,10111,Tallinn,+372 5376 5836,,Mon 11:00-21:00; Tue 11:00-21:00; Wed 11:00-21:00; Thu 11:00-21:00; Fri 11:00-23:00; Sat 11:00-23:00; Sun 11:00-21:00,Hamburger Restaurant; American Restaurant,59.438061,24.751552,https://maps.google.com/?cid=11924266223455606587,ChIJ3RYqJIuTkkYRO5dC6POAe6U
Otaku,Izakaya Restaurant,Japanese,4.6,51,$,Open,"West Annex, Kopli tn 4",10412,Tallinn,,,Mon closed; Tue closed; Wed 20:00-03:00; Thu 20:00-03:00; Fri 20:00-03:00; Sat 20:00-04:00; Sun closed,Japanese Izakaya Restaurant; Japanese Restaurant,59.441221,24.737319,https://maps.google.com/?cid=11167276066319309347,ChIJM_buwLSTkkYRIxqvYWoi-po
Siilisahver lõunarestoran,Restaurant,,4.6,51,$,Temporarily closed,Maakri tn 19-3 korrus,10145,Tallinn,+372 5656 1799,https://www.facebook.com/pages/category/Restaurant/SiiliSahver-2159253667645412/,,,59.433317,24.760115,https://maps.google.com/?cid=8613617060771235753,ChIJSc_796mTkkYRqYeDchS3iXc
Kiisu Kohvik,Restaurant,,4.6,44,$,Open,Kassi tn 4,12618,Tallinn,,,Mon 08:00-15:00; Tue 08:00-15:00; Wed 08:00-15:00; Thu 08:00-15:00; Fri 08:00-15:00; Sat closed; Sun closed,,59.401871,24.646999,https://maps.google.com/?cid=10391292009401351704,ChIJ-V-h4WeVkkYRGP648QZJNZA
Pelmen Balti Jaam,Eastern European Restaurant,Eastern European,4.6,42,$$,Open,"Balti jaama lilleputkad, Kopli tn 4c",10412,Tallinn,,,Mon 10:30-18:30; Tue 10:30-18:30; Wed 10:30-18:30; Thu 10:30-18:30; Fri 10:30-18:30; Sat 10:30-16:55; Sun 10:30-16:55,Eastern European Restaurant; European Restaurant,59.441002,24.735589,https://maps.google.com/?cid=4792350011421200775,ChIJ9RhxURGTkkYRh5EZxvHYgUI
Värav Volta,Breakfast Restaurant,,4.6,41,$$,Open,Volta tn 1a,10411,Tallinn,,,Mon 08:00-17:00; Tue 08:00-17:00; Wed 08:00-17:00; Thu 08:00-17:00; Fri 08:00-17:00; Sat 09:00-16:00; Sun 09:00-16:00,Breakfast Restaurant,59.445514,24.723502,https://maps.google.com/?cid=17644475813838682176,ChIJX1xwsUOTkkYRQHjTq0TF3fQ
Port Resto & Kondiiter,Restaurant,,4.6,38,$,Temporarily closed,Laeva tn 1,10111,Tallinn,+372 5679 1121,https://www.facebook.com/profile.php?id=61554864201621,,,59.441097,24.757968,https://maps.google.com/?cid=10968059404902372697,ChIJI_yzXb2TkkYRWZWW4OpfNpg
Marhaba,Middle Eastern Restaurant,Middle Eastern,4.6,36,$,Temporarily closed,Tare tn 14,10135,Tallinn,+372 5804 1559,,,Middle Eastern Restaurant,59.423039,24.751025,https://maps.google.com/?cid=151849201594673717,ChIJ52k9YmqVkkYRNSp6WAt6GwI
Bill the Butcher Solaris,Fast Food Restaurant,,4.6,29,$$,Open,Estonia pst 9,10143,Tallinn,+372 5596 4990,,Mon 10:45-21:00; Tue 10:45-21:00; Wed 10:45-21:00; Thu 10:45-21:00; Fri 10:45-22:00; Sat 10:45-22:00; Sun 11:00-21:00,Fast Food Restaurant,59.433340,24.751781,https://maps.google.com/?cid=2751705729303352598,ChIJVXUsLgCVkkYRFpWIGcgFMCY
Restoran Olde Hansa,Restaurant,,4.5,12238,$$$,Open,Vana turg 1,10140,Tallinn,+372 627 9020,http://www.oldehansa.com/,Mon 11:00-00:00; Tue 11:00-00:00; Wed 11:00-00:00; Thu 11:00-00:00; Fri 11:00-00:00; Sat 11:00-00:00; Sun 11:00-00:00,,59.436670,24.745920,https://maps.google.com/?cid=17345284877487964765,ChIJn6UcG2KTkkYRXQKgYrLUtvA
Restaurant Lido,Buffet Restaurant,,4.5,6681,$$,Open,Estonia pst 9,10143,Tallinn,+372 5551 5663,http://www.lido.ee/,Mon 10:00-21:00; Tue 10:00-21:00; Wed 10:00-21:00; Thu 10:00-21:00; Fri 10:00-21:00; Sat 10:00-21:00; Sun 11:00-21:00,Buffet Restaurant; Bistro; Cafe,59.433533,24.750668,https://maps.google.com/?cid=17791384209981512443,ChIJfQZDxp-UkkYR-xpxGq2x5_Y
Kochi Aidad,Brewpub,,4.5,4035,$$,Open,Lootsi tn 10-2,10151,Tallinn,+372 666 7308,http://www.kochiaidad.ee/,Mon 12:00-22:00; Tue 12:00-22:00; Wed 12:00-22:00; Thu 12:00-23:00; Fri 12:00-01:00; Sat 12:00-01:00; Sun 12:00-18:00,Brewpub; Pub; Liquor Store; Bar,59.442028,24.765293,https://maps.google.com/?cid=9014587974121563780,ChIJVXnVYl2TkkYRhCYGSgBAGn0
Cafe Maiasmokk,Cafe,,4.5,3892,$,Open,Pikk tn 16,10123,Tallinn,+372 646 4079,http://www.kohvikmaiasmokk.ee/,Mon 09:00-21:00; Tue 09:00-21:00; Wed 09:00-21:00; Thu 09:00-21:00; Fri 09:00-21:00; Sat 09:00-21:00; Sun 09:00-21:00,Cafe,59.438386,24.745630,https://maps.google.com/?cid=8708946976083603988,ChIJQ--MSGKTkkYRFPIs_SFl3Hg
Estonian Burger Factory,Hamburger Restaurant,American,4.5,3367,$$,Open,Lootsi tn 10,10151,Tallinn,+372 5908 2626,http://www.ebf.ee/,Mon 12:00-22:00; Tue 12:00-22:00; Wed 12:00-22:00; Thu 12:00-22:00; Fri 12:00-22:00; Sat 12:00-22:00; Sun 12:00-22:00,Hamburger Restaurant; American Restaurant,59.441560,24.765316,https://maps.google.com/?cid=14377219272069550533,ChIJM-kDR2iTkkYRxRGbEcEkhsc
Restaurant Argentina,Argentinian Restaurant,Argentinian,4.5,3106,$$$,Temporarily closed,"Valge Maja, Tartu mnt 63",10115,Tallinn,+372 660 5177,https://argentiina.ee/,,Argentinian Restaurant; South American Restaurant,59.429549,24.774147,https://maps.google.com/?cid=484739581257730534,ChIJ7aKAL5mUkkYR5klwtRQkugY
Restaurant Pegasus,Restaurant,,4.5,2788,$$,Open,Harju tn 1,10146,Tallinn,+372 662 3013,http://www.restoranpegasus.ee/,Mon 12:00-23:00; Tue 12:00-23:00; Wed 12:00-23:00; Thu 12:00-23:00; Fri 12:00-00:00; Sat 12:00-00:00; Sun 13:00-22:00,,59.435862,24.744450,https://maps.google.com/?cid=17039898636057885385,ChIJlVxZCGKTkkYRybrkOofheew
Restoran Controvento,Italian Restaurant,Italian,4.5,2599,$$,Open,"Vene, Katariina käik 12",10140,Tallinn,+372 644 0470,http://www.controvento.ee/,Mon 12:00-23:00; Tue 12:00-23:00; Wed 12:00-23:00; Thu 12:00-23:00; Fri 12:00-23:00; Sat 12:00-23:00; Sun 12:00-23:00,Italian Restaurant; Pizza Restaurant; European Restaurant; Meal Takeaway,59.437605,24.748533,https://maps.google.com/?cid=14470344638579836711,ChIJjwnVJ2KTkkYRJ4cHGMj90Mg
Kivi Paber Käärid,Restaurant,,4.5,2483,$$,Open,Telliskivi tn 60a-7,10412,Tallinn,+372 5350 1320,http://www.kivipaber.ee/,Mon 12:00-22:00; Tue 12:00-22:00; Wed 12:00-22:00; Thu 12:00-22:00; Fri 12:00-00:00; Sat 12:00-00:00; Sun 12:00-21:00,Live Music Venue; Event Venue,59.438585,24.728140,https://maps.google.com/?cid=9215277049406269264,ChIJY59eDoKUkkYRUKer3KY9438
Löwenruh,Restaurant,,4.5,2435,$$,Open,Mustamäe tee 59a,10621,Tallinn,+372 654 3413,http://www.lowenruh.ee/,Mon 11:00-23:00; Tue 11:00-23:00; Wed 11:00-23:00; Thu 11:00-23:00; Fri 11:00-23:00; Sat 11:00-23:00; Sun 11:00-23:00,,59.416864,24.694008,https://maps.google.com/?cid=46536416911015293,ChIJs04dwvWUkkYRfb0Z559UpQA
Argentiina restoran,Steak House,Steakhouse,4.5,2427,$$$,Open,Lootsi tn 8,10151,Tallinn,+372 660 5178,https://argentiina.ee/,Mon 12:00-22:00; Tue 12:00-22:00; Wed 12:00-00:00; Thu 12:00-00:00; Fri 12:00-00:00; Sat 12:00-00:00; Sun 12:00-22:00,Steak House,59.441293,24.765679,https://maps.google.com/?cid=6100858727167231862,ChIJH2O5s3iTkkYRdgelSbCaqlQ
Restaurant Amalfi,Italian Restaurant,Italian,4.5,2094,$$,Open,Vana-Viru tn 13,10111,Tallinn,+372 5819 1977,http://www.amalfiresto.ee/,Mon 12:00-22:00; Tue closed; Wed 12:00-22:00; Thu 12:00-22:00; Fri 12:00-23:00; Sat 12:00-23:00; Sun 12:00-22:00,Italian Restaurant; Pizza Restaurant; European Restaurant,59.437472,24.751967,https://maps.google.com/?cid=1770155906992894757,ChIJnZDZCWGTkkYRJfNeMWvbkBg
Bruxx - New Belgian,Belgian Restaurant,Belgian,4.5,2081,$$,Open,Rotermanni tn 2,10111,Tallinn,+372 5551 9945,http://www.bruxx.ee/,Mon 12:00-00:00; Tue 12:00-00:00; Wed 12:00-00:00; Thu 12:00-00:00; Fri 12:00-00:00; Sat 12:00-00:00; Sun 12:00-00:00,Belgian Restaurant; European Restaurant,59.438284,24.757757,https://maps.google.com/?cid=18332381487906897821,ChIJ5ewg6NeTkkYRnT-jidWzaf4
NOP Cafe and Shop,Cafe,,4.5,1933,$$,Open,J. Köleri tn 1,10150,Tallinn,+372 603 2270,http://www.nop.ee/,Mon 08:00-21:00; Tue 08:00-21:00; Wed 08:00-21:00; Thu 08:00-21:00; Fri 08:00-21:00; Sat 09:00-20:00; Sun 09:00-20:00,Cafe; Breakfast Restaurant,59.438351,24.776394,https://maps.google.com/?cid=16762303224813698348,ChIJy7vdrluTkkYRLL1n9Pipn-g
Tbilisi,Eastern European Restaurant,Eastern European,4.5,1856,$$,Open,Pikk tn 43,10133,Tallinn,+372 742 2828,http://www.tbilisi.ee/,Mon 12:00-23:00; Tue 12:00-23:00; Wed 12:00-23:00; Thu 12:00-23:00; Fri 12:00-23:00; Sat 12:00-23:00; Sun 12:00-23:00,European Restaurant; Eastern European Restaurant,59.439697,24.746746,https://maps.google.com/?cid=9448009413187136951,ChIJJR_ClZ2UkkYRt-2Q64ASHoM
Humalakoda Pub Restaurant Brewery,Restaurant,,4.5,1825,$$,Open,Kopli tn 1,10412,Tallinn,+372 699 9960,http://www.humalakoda.ee/,Mon 12:00-22:00; Tue 12:00-22:00; Wed 12:00-00:00; Thu 12:00-00:00; Fri 12:00-00:00; Sat 12:00-00:00; Sun 12:00-19:00,Pub; Brewery; Gastropub; Bar; Manufacturer; Service,59.440698,24.735349,https://maps.google.com/?cid=13137215231631702448,ChIJl0ckHX2TkkYRsDlCM6bDULY
Tommi Tavern,Restaurant,,4.5,1803,$$,Open,Tatari tn 64,74008,Tallinn,+372 625 7816,https://tommitavern.ee/,Mon 11:00-23:00; Tue 11:00-23:00; Wed 11:00-23:00; Thu 11:00-00:00; Fri 11:00-01:00; Sat 12:00-00:00; Sun 14:00-23:00,,59.425357,24.744306,https://maps.google.com/?cid=5509974168096339357,ChIJSRzqcpiUkkYRnfX1ElBcd0w
Viru Lokaal,Pub,,4.5,1562,$$,Open,Viru 6,10140,Tallinn,+372 5367 8294,"https://www.google.com/search?sca_esv=159f37a1251190f9&authuser=0&hl=en&gl=ee&q=Viru+Lokaal&ludocid=1299381175210006680&lsig=AB86z5UJrtSVHLeyjYfrVoj-7H_s&ved=1i:5,t:109124,e:4,p:D_EEZ4WNHY6C1fIPvYHxsAo:94",Mon 10:00-02:00; Tue 10:00-02:00; Wed 10:00-02:00; Thu 10:00-02:00; Fri 10:00-03:00; Sat 10:00-03:00; Sun 10:00-02:00,Pub; Sports Bar; Bar; Live Music Venue; Event Venue,59.436752,24.747462,https://maps.google.com/?cid=1299381175210006680,ChIJubrSXPOTkkYRmNg4YEtUCBI
Margherita Pizzeria & Trattoria,Italian Restaurant,Italian,4.5,1534,$$,Open,Lai 2,10133,Tallinn,+372 601 0575,https://margherita.ee/,Mon 12:00-22:30; Tue 12:00-22:30; Wed 12:00-22:30; Thu 12:00-22:30; Fri 12:00-23:00; Sat 12:00-23:00; Sun 12:00-22:30,Italian Restaurant; Family Restaurant; Pizza Restaurant; European Restaurant,59.438038,24.743192,https://maps.google.com/?cid=17008306659810486127,ChIJE3ylW9aTkkYRbyfqEMukCew
Lore Bistroo,Restaurant,,4.5,1348,$$$,Open,Peetri tn 12,10415,Tallinn,+372 511 8613,http://lorebistroo.ee/,Mon 12:00-22:00; Tue 12:00-22:00; Wed 12:00-22:00; Thu 12:00-22:00; Fri 12:00-23:00; Sat 12:00-23:00; Sun 13:00-20:00,Catering Service; Food Delivery; Service,59.452620,24.730812,https://maps.google.com/?cid=12852526818647826149,ChIJE7kMbseTkkYR5V6vwwtZXbI
Gallery Cafe,Brunch Restaurant,,4.5,1251,$$,Open,"Vana jahuladu, Rotermanni tn 6",10111,Tallinn,+372 5353 3123,https://gallerycafe.ee/,Mon 08:30-19:00; Tue 08:30-19:00; Wed 08:30-19:00; Thu 08:30-19:00; Fri 08:30-19:00; Sat 09:30-20:00; Sun 09:30-20:00,Brunch Restaurant; Cafe,59.438628,24.757108,https://maps.google.com/?cid=9011278908154062499,ChIJheJcPImTkkYRoyZ-VGx-Dn0
Gourmet Coffee,Restaurant,,4.5,1099,$$,Open,L. Koidula tn 13a,10125,Tallinn,+372 5300 1042,http://gourmetcoffee.ee/,Mon 08:30-22:00; Tue 08:30-22:00; Wed 08:30-22:00; Thu 08:30-22:00; Fri 08:30-22:00; Sat 09:00-22:00; Sun 09:00-22:00,Coffee Shop; Cafe; Food Store,59.437784,24.782918,https://maps.google.com/?cid=2539522829547875686,ChIJcQIweVCTkkYRZi0y-o4yPiM
Frenchy Bistro,French Restaurant,French,4.5,1084,$$,Open,Telliskivi tn 60a,10412,Tallinn,+372 5604 8262,https://frenchybistro.wixsite.com/mysite,Mon 12:00-23:00; Tue 12:00-23:00; Wed 12:00-23:00; Thu 12:00-23:00; Fri 12:00-00:00; Sat 12:00-00:00; Sun closed,French Restaurant; European Restaurant,59.438307,24.729217,https://maps.google.com/?cid=18239661449511760789,ChIJE74t8H2TkkYRlfOIUXNLIP0
Osteria il Cru,Restaurant,Italian,4.5,1067,$$,Open,Viru 8,10140,Tallinn,+372 614 0085,http://www.crurestoran.com/,Mon 13:00-23:00; Tue 13:00-23:00; Wed 13:00-21:00; Thu 13:00-23:00; Fri 12:00-00:00; Sat 12:00-00:00; Sun 12:00-22:00,European Restaurant; Italian Restaurant,59.436768,24.747456,https://maps.google.com/?cid=17238361353585070190,ChIJl1pSk2GTkkYRbpBCflH2Ou8
Restoran Armudu,Restaurant,Middle Eastern,4.5,1057,$$,Open,Lootsi tn 14,10151,Tallinn,+372 661 1422,https://www.restoranarmudu.ee/et,Mon 11:00-23:00; Tue 11:00-23:00; Wed 11:00-23:00; Thu 11:00-23:00; Fri 11:00-00:00; Sat 11:00-00:00; Sun 11:00-23:00,Eastern European Restaurant; European Restaurant; Middle Eastern Restaurant,59.442238,24.764743,https://maps.google.com/?cid=4595960570277092787,ChIJo2r5t3WTkkYRs10RyckhyD8
Samsa Family Bakers,Restaurant,,4.5,1041,$$,Open,"Toompuiestee 37A, Kopli tn 1",10412,Tallinn,+372 5550 0310,https://samsafamilybakers.ee/,Mon 09:00-19:00; Tue 09:00-19:00; Wed 09:00-19:00; Thu 09:00-19:00; Fri 09:00-19:00; Sat 09:00-19:00; Sun 09:00-17:00,Fast Food Restaurant; Tea House,59.441091,24.736323,https://maps.google.com/?cid=465153304036645646,ChIJT7KMjFyUkkYRDhs0LXeOdAY
Elevant resto,Indian Restaurant,Indian,4.5,1028,$$,Open,"Õpetajate Maja, Vene tn 5",10123,Tallinn,+372 631 3132,http://www.elevant.ee/,Mon 12:00-23:00; Tue 12:00-23:00; Wed 12:00-23:00; Thu 12:00-23:00; Fri 12:00-00:00; Sat 12:00-00:00; Sun 12:00-22:00,Indian Restaurant; Vegetarian Restaurant; Meal Takeaway,59.437380,24.746770,https://maps.google.com/?cid=740461192160260603,ChIJO0fGI2KTkkYR-7Gs-IelRgo
Restaurant Nok Nok,Thai Restaurant,Thai,4.5,1012,$$,Open,Vana-Posti tn 7,10146,Tallinn,+372 5333 1744,http://www.noknok.ee/,Mon 12:00-23:00; Tue 12:00-23:00; Wed 12:00-23:00; Thu 12:00-23:00; Fri 12:00-23:00; Sat 12:00-23:00; Sun closed,Thai Restaurant,59.435455,24.745383,https://maps.google.com/?cid=4378241804621588600,ChIJby7X_Z2UkkYReCg8cbmjwjw
LITERAAT | Telliskivi Rahva Raamat,Restaurant,,4.5,1001,$$,Open,Telliskivi tn 60-2 I-Hoone,10412,Tallinn,+372 615 0544,https://literaat.ee/resto/,Mon 09:00-22:00; Tue 09:00-22:00; Wed 09:00-22:00; Thu 09:00-22:00; Fri 09:00-23:00; Sat 11:00-22:00; Sun closed,Breakfast Restaurant; Book Store; Meal Takeaway,59.439866,24.733602,https://maps.google.com/?cid=16259623909702437422,ChIJ5awqC5iTkkYRLgpDd8zJpeE
Meat&Fire (Türgi BBQ),Turkish Restaurant,Middle Eastern,4.5,950,$$,Open,Kopli tn 4a,10412,Tallinn,+372 5334 0626,https://turgibbq.ee/,Mon 11:00-01:00; Tue 11:00-01:00; Wed 11:00-01:00; Thu 11:00-01:00; Fri 11:00-02:00; Sat 11:00-02:00; Sun 11:00-01:00,Turkish Restaurant; Kebab Shop; Family Restaurant,59.441284,24.736932,https://maps.google.com/?cid=16657677165777058130,ChIJv5NyQZKTkkYRUvlGSSD1K-c
Beer and Barrel,Restaurant,,4.5,948,$$,Open,Sauna tn 10,10140,Tallinn,+372 5554 4642,https://beerandbarrel.ee/,Mon 12:00-23:00; Tue 12:00-23:00; Wed 12:00-23:00; Thu 12:00-23:00; Fri 12:00-02:00; Sat 12:00-02:00; Sun 12:00-23:00,Pub; Bar,59.436221,24.748204,https://maps.google.com/?cid=2331918234926230840,ChIJAVBmLeCTkkYROK0IlkejXCA
La Prima Gonsiori,Pizza Restaurant,Pizza,4.5,910,$$,Open,Gonsiori tn 31,10147,Tallinn,+372 5386 4615,,Mon 12:00-23:00; Tue 12:00-23:00; Wed 12:00-23:00; Thu 12:00-23:00; Fri 12:00-23:00; Sat 12:00-23:00; Sun 12:00-23:00,Pizza Restaurant; Meal Takeaway,59.433782,24.773873,https://maps.google.com/?cid=11528377427661620958,ChIJn3d514iTkkYR3gZnxDAG_Z8
ISSEI Tallinn - Rooftop Restaurant & Sky Bar,Restaurant,,4.5,902,,Open,Rävala Street 3,10143,Tallinn,+372 682 3025,https://isseitallinn.ee/,Mon 17:00-00:00; Tue 17:00-00:00; Wed 17:00-00:00; Thu 17:00-00:00; Fri 17:00-02:00; Sat 17:00-02:00; Sun 17:00-00:00,,59.433696,24.757751,https://maps.google.com/?cid=1854748574350951972,ChIJkSINCsKTkkYRJMbZYQBkvRk
Pannkoogimaja,Cafeteria,,4.5,884,$$,Open,Tondi tn 17,11316,Tallinn,+372 5380 7707,http://pannkook.ee/,Mon 09:00-20:00; Tue 09:00-20:00; Wed 09:00-20:00; Thu 09:00-20:00; Fri 09:00-20:00; Sat 09:00-18:00; Sun 09:00-18:00,Cafeteria,59.412566,24.735902,https://maps.google.com/?cid=6306028667787704912,ChIJy4otDcCUkkYRUHrqnqmDg1c
Café Boulevard,Coffee Shop,,4.5,844,$$,Open,"Radisson Blu Hotel Olumpia, Liivalaia tn 33",10118,Tallinn,+372 631 5890,http://www.cafeboulevard.ee/,Mon 07:00-19:00; Tue 07:00-19:00; Wed 07:00-19:00; Thu 07:00-19:00; Fri 07:00-19:00; Sat 08:00-17:00; Sun 08:00-17:00,Coffee Shop; Pastry Shop; Breakfast Restaurant; Cafe; Dessert Shop; Bakery; Confectionery; Food Store,59.430167,24.757863,https://maps.google.com/?cid=15814608018731876772,ChIJP4EnAKGUkkYRpMGOIjTGeNs
Rukkilill Cafe,Cafe,,4.5,801,$$,Open,"Kuninga 8, Kullassepa tn 13",10146,Tallinn,+372 5866 5826,https://www.facebook.com/Rukkilill-Kohvik-379832789280920,Mon 12:00-22:00; Tue 12:00-22:00; Wed 12:00-22:00; Thu 12:00-22:00; Fri 12:00-23:00; Sat 12:00-23:00; Sun 12:00-22:00,Cafe; Pastry Shop; Cafeteria; Dessert Shop; Bistro; Confectionery; Bakery; Food Store,59.436471,24.744906,https://maps.google.com/?cid=11251638322451412194,ChIJNT6AVx6TkkYR4nTjxnDZJZw
Restaurant Salt,Restaurant,American,4.5,753,$$,Open,Vase tn 14,10125,Tallinn,+372 518 8510,https://saltrestoran.ee/,Mon 17:00-22:30; Tue 17:00-22:30; Wed 17:00-22:30; Thu 17:00-22:30; Fri 12:00-23:00; Sat 17:00-23:00; Sun closed,Fine Dining Restaurant; Asian Fusion Restaurant; Latin American Restaurant; Asian Restaurant; Seafood Restaurant; South American Restaurant; Fusion Restaurant; European Restaurant,59.435098,24.773413,https://maps.google.com/?cid=14412899243360650875,ChIJITprdFmTkkYRewYCwH_nBMg
Scheeli Restoran,Restaurant,,4.5,743,$$,Open,Vana turg 2,10140,Tallinn,+372 512 3852,http://www.scheeliresto.com/,Mon 12:00-22:00; Tue 12:00-22:00; Wed 12:00-22:00; Thu 12:00-23:00; Fri 12:00-23:00; Sat 12:00-23:00; Sun 12:00-22:00,,59.436594,24.746475,https://maps.google.com/?cid=6263712503765645497,ChIJ360lHWKTkkYRubgf6lUt7VY
KAI Estonia,Restaurant,Japanese,4.5,736,$$,Temporarily closed,Mere pst 20c,10111,Tallinn,+372 755 6000,http://kairesto.ee/,,Hookah Bar; Sushi Restaurant; Cocktail Bar; Japanese Restaurant; Bar; Association Or Organization,59.448160,24.753303,https://maps.google.com/?cid=10509044950529155209,ChIJNWPMs3GTkkYRiSDnBLSg15E
Argo baar,Eastern European Restaurant,Eastern European,4.5,735,$$,Open,F. R. Faehlmanni tn 3,10125,Tallinn,+372 601 5660,http://argoresto.ee/,Mon 11:00-22:00; Tue 11:00-22:00; Wed 11:00-22:00; Thu 11:00-22:00; Fri 11:00-22:00; Sat 11:00-22:00; Sun 11:00-21:00,Eastern European Restaurant; European Restaurant,59.435178,24.769793,https://maps.google.com/?cid=5850502670185337836,ChIJBdogx4-UkkYR7BPfZS4pMVE
New Thai Restaurant,Thai Restaurant,Thai,4.5,709,$$,Open,Lastekodu tn 9,10115,Tallinn,+372 517 4338,http://newthai.ee/,Mon 12:00-21:00; Tue 12:00-21:00; Wed 12:00-21:00; Thu 12:00-21:00; Fri 12:00-21:00; Sat 12:00-21:00; Sun 12:00-21:00,Thai Restaurant,59.431090,24.766827,https://maps.google.com/?cid=14134437127949743690,ChIJk9XtX6eUkkYRSnaJL66bJ8Q
Restoran Trofé,Scandinavian Restaurant,Nordic,4.5,615,$$,Open,Pikk tn 29,10133,Tallinn,+372 664 8803,https://www.meritonhotels.com/en/meriton-hotels/restaurant-trofe/,Mon 12:00-22:00; Tue 12:00-22:00; Wed 12:00-22:00; Thu 12:00-22:00; Fri 12:00-22:00; Sat 12:00-22:00; Sun 12:00-22:00,Scandinavian Restaurant; European Restaurant,59.438900,24.745910,https://maps.google.com/?cid=6004081317405741283,ChIJI4AmtWOTkkYR41CHriXIUlM
PÄRIS Pagar • Deli • Resto,Restaurant,,4.5,607,$$,Open,Maakri tn 30,10145,Tallinn,+372 5330 6003,http://www.parisresto.ee/,Mon 08:00-23:00; Tue 08:00-23:00; Wed 08:00-23:00; Thu 08:00-23:00; Fri 08:00-23:00; Sat 12:00-23:00; Sun 11:00-16:00,,59.432841,24.759276,https://maps.google.com/?cid=9545000875308441568,ChIJv1CbtPqVkkYR4F-NebmndoQ
Akbana Indian Restaurant,Indian Restaurant,Chinese,4.5,564,$$,Open,Rahumäe tee 27,11614,Tallinn,+372 5389 3837,http://www.akbana.ee/,Mon 12:00-22:00; Tue 12:00-22:00; Wed 12:00-22:00; Thu 12:00-22:00; Fri 12:00-22:00; Sat 12:00-22:00; Sun 12:00-22:00,Indian Restaurant; Bangladeshi Restaurant; Fast Food Restaurant; Pakistani Restaurant; Pizza Restaurant; Thai Restaurant; Chinese Restaurant; European Restaurant,59.388785,24.702823,https://maps.google.com/?cid=2546070058012538585,ChIJuerd1RiVkkYR2XYYZTp1VSM
Peps,Restaurant,,4.5,561,$$,Open,Kentmanni tn 6,10116,Tallinn,+372 601 1156,http://peps.ee/,Mon 11:00-21:00; Tue 11:00-22:00; Wed 11:00-22:00; Thu 11:00-22:00; Fri 11:00-22:00; Sat 11:00-22:00; Sun 11:00-21:00,,59.431628,24.749685,https://maps.google.com/?cid=3625300381706234635,ChIJ6c8mC5-UkkYRCyuwT32nTzI
Järve Da Vinci Pasta ja Pizza,Italian Restaurant,Italian,4.5,541,$$,Open,Pärnu mnt. 238,11624,Tallinn,+372 603 3100,http://davincifood.ee/,Mon 10:00-21:00; Tue 10:00-21:00; Wed 10:00-21:00; Thu 10:00-21:00; Fri 10:00-21:00; Sat 10:00-21:00; Sun 10:00-19:00,Italian Restaurant; European Restaurant,59.393839,24.720009,https://maps.google.com/?cid=6228467305757331116,ChIJA0TqDt-UkkYRrM7MxgP2b1Y
Jaapani toit Yui Kalamaja,Ramen Restaurant,Japanese,4.5,537,$$,Open,Tööstuse tn 47b,10416,Tallinn,+372 335 7766,http://www.yuiresto.ee/,Mon 12:00-21:00; Tue 12:00-21:00; Wed 12:00-21:00; Thu 12:00-21:00; Fri 12:00-21:00; Sat 12:00-21:00; Sun 12:00-21:00,Ramen Restaurant; Sushi Restaurant; Japanese Restaurant,59.449253,24.724689,https://maps.google.com/?cid=13053012148077232664,ChIJ1U0TcGmTkkYRGIIAD2SdJbU
Oda Resto,Eastern European Restaurant,Eastern European,4.5,514,$$,Open,Kalaranna tn 8-10,10415,Tallinn,+372 5656 2459,http://www.odaresto.ee/,Mon 12:00-22:00; Tue 12:00-22:00; Wed 12:00-22:00; Thu 12:00-22:00; Fri 12:00-23:00; Sat 12:00-23:00; Sun 12:00-21:00,Eastern European Restaurant; European Restaurant,59.447613,24.747972,https://maps.google.com/?cid=16646244129043065208,ChIJM2uiLJiTkkYReCkL_NZWA-c
Goa Restoran kesklinn,Indian Restaurant,Thai,4.5,506,$$,Open,Suur-Patarei tn 2,10415,Tallinn,+372 5780 0017,https://goarestoran.ee/,Mon 11:00-22:30; Tue 11:00-22:30; Wed 11:00-22:30; Thu 11:00-22:30; Fri 11:00-22:30; Sat 11:00-22:30; Sun 12:00-22:00,Indian Restaurant; Thai Restaurant,59.444768,24.747885,https://maps.google.com/?cid=14567021400018488243,ChIJN2SxHWWTkkYRs4udr8h0KMo
Fork,Restaurant,,4.5,473,$,Open,Veerenni tn 24,10135,Tallinn,+372 5669 0749,https://www.facebook.com/FORKresto,Mon 08:00-15:00; Tue 08:00-15:00; Wed 08:00-15:00; Thu 08:00-15:00; Fri 08:00-15:00; Sat closed; Sun closed,,59.424051,24.748605,https://maps.google.com/?cid=12564543609613866379,ChIJA05L6qKUkkYRi1Xw19c5Xq4
Restaurant Chedi,Asian Restaurant,Asian,4.5,472,$$$,Open,Sulevimägi 1,10123,Tallinn,+372 646 1676,http://chedi.ee/,Mon closed; Tue 12:00-23:00; Wed 12:00-23:00; Thu 12:00-23:00; Fri 12:00-00:00; Sat 12:00-00:00; Sun closed,Asian Restaurant,59.440410,24.747945,https://maps.google.com/?cid=7385133486812845890,ChIJrxCD62OTkkYRQldSNMdDfWY
Restoran Bertolucci,Italian Restaurant,Italian,4.5,466,$$,Open,Vana-Kalamaja tn 28b,10414,Tallinn,+372 5683 9904,http://www.bertolucci.ee/?utm_source=google&utm_medium=wix_google_business_profile&utm_campaign=10153906916011954901,Mon 17:00-23:00; Tue 17:00-23:00; Wed 17:00-23:00; Thu 17:00-23:00; Fri 17:00-23:00; Sat 17:00-23:00; Sun 15:00-21:00,Italian Restaurant; Wine Bar; Bar; Pizza Restaurant; European Restaurant,59.446640,24.739531,https://maps.google.com/?cid=11743564887608023380,ChIJOXH02Z-TkkYRVFmgkguG-aI
Asian Fair,Asian Restaurant,Asian,4.5,446,$$,Open,Tuukri põik 3,10120,Tallinn,+372 5689 7497,http://www.asianfair.ee/,Mon 12:00-22:00; Tue 12:00-22:00; Wed 12:00-22:00; Thu 12:00-22:00; Fri 12:00-22:00; Sat 13:00-22:00; Sun closed,Asian Restaurant,59.438906,24.769728,https://maps.google.com/?cid=3631618191721527188,ChIJP2XSaVyTkkYRlHdoFYEZZjI
Siesta Tapas & Bar,Restaurant,,4.5,430,$$,Open,Rotermanni tn 2,10111,Tallinn,+372 5454 0181,https://siestatallinn.ee/,Mon 16:00-00:00; Tue 16:00-00:00; Wed 16:00-00:00; Thu 16:00-00:00; Fri 13:00-02:00; Sat 13:00-02:00; Sun 13:00-00:00,,59.438611,24.758137,https://maps.google.com/?cid=15006420819921998140,ChIJsVOU20yTkkYRPBF6cTqEQdA
Amijami Sushi Kesklinn,Sushi Restaurant,Japanese,4.5,428,$$,Open,Ravi tn 13,10138,Tallinn,+372 5596 3787,https://tellimus.amijami.ee/amijami-sushi-ravi,Mon 11:00-22:00; Tue 11:00-22:00; Wed 11:00-22:00; Thu 11:00-22:00; Fri 11:00-22:00; Sat 11:00-22:00; Sun 11:00-22:00,Sushi Restaurant; Bar; Japanese Restaurant,59.427376,24.752663,https://maps.google.com/?cid=1623748513827041004,ChIJQWSlI6KUkkYR7K46m6u2iBY
Kajakas,Restaurant,,4.5,418,$$,Open,Pirita tee 20a-1,12011,Tallinn,+372 5377 1990,https://kajakaspizza.ee/,Mon 09:00-21:00; Tue 09:00-21:00; Wed 09:00-21:00; Thu 09:00-21:00; Fri 09:00-22:00; Sat 10:00-22:00; Sun 10:00-21:00,,59.446438,24.803768,https://maps.google.com/?cid=2281402910122744047,ChIJpfP9BAiTkkYR75ho_9srqR8
Matka Restaurant,Indian Restaurant,Indian,4.5,412,$$,Open,küti tee 4 peetri,75312,Tallinn,+372 600 4474,http://matkarestoran.ee/,Mon 10:00-21:00; Tue 10:00-21:00; Wed 10:00-21:00; Thu 10:00-21:00; Fri 10:00-22:00; Sat 11:00-22:00; Sun 12:00-21:00,Indian Restaurant; Halal Restaurant,59.397629,24.804824,https://maps.google.com/?cid=6235659040873893978,ChIJ74OFFtyVkkYRWtC9F9yCiVY
Fersen -Tallin Patkuli vaateplats,Restaurant,,4.5,391,$$,Open,Rahukohtu tn 5,10130,Tallinn,+372 660 6425,http://fersen.ee/,Mon 10:00-22:00; Tue 10:00-22:00; Wed 10:00-22:00; Thu 10:00-22:00; Fri 10:00-23:00; Sat 10:00-23:00; Sun 10:00-20:00,,59.438325,24.741097,https://maps.google.com/?cid=2670541823775069286,ChIJR_gpk2KTkkYRZtTvu6OrDyU
Black Mount Pub,Restaurant,,4.5,378,$,Open,A. H. Tammsaare tee 137,12915,Tallinn,+372 657 0455,http://www.blackmount.ee/,Mon 11:00-22:00; Tue 11:00-22:00; Wed 11:00-22:00; Thu 11:00-22:00; Fri 11:00-02:00; Sat 12:00-02:00; Sun 12:00-22:00,,59.408531,24.674613,https://maps.google.com/?cid=1511522712620369997,ChIJ7RQR7FaUkkYRTQisE-YB-hQ
Kork brasserie,French Restaurant,French,4.5,356,$$,Open,Suur-Karja tn 5,10140,Tallinn,+372 641 8048,http://korkbrasserie.ee/,Mon 12:00-23:00; Tue 12:00-23:00; Wed 12:00-23:00; Thu 12:00-23:00; Fri 12:00-23:00; Sat 12:00-23:00; Sun 12:00-22:00,Wine Bar; French Restaurant; European Restaurant; Bar,59.436177,24.746373,https://maps.google.com/?cid=15179104684737863246,ChIJa2L-AmKTkkYRTp5E1kkDp9I
La Pizzeria di Orm Oja,Pizza Restaurant,Pizza,4.5,346,$$,Open,Vene tn 1,10123,Tallinn,+372 5191 1124,https://instagram.com/lapizzeriadiormoja?igshid=YmMyMTA2M2Y=,Mon 12:00-23:00; Tue 12:00-23:00; Wed 12:00-23:00; Thu 12:00-23:00; Fri 12:00-23:00; Sat 12:00-23:00; Sun 12:00-18:00,Pizza Restaurant,59.436956,24.746337,https://maps.google.com/?cid=3028594664697311792,ChIJD3OksJSTkkYRMDLtJc26Byo
Pan Y Vino,Peruvian Restaurant,Peruvian,4.5,345,$$,Open,Pikk tn 34,10123,Tallinn,+372 525 8517,https://www.panyvino.ee/,Mon closed; Tue 16:00-00:00; Wed 16:00-00:00; Thu 16:00-00:00; Fri 16:00-00:00; Sat 16:00-00:00; Sun closed,Peruvian Restaurant,59.439591,24.747266,https://maps.google.com/?cid=982262224696093798,ChIJreBfm2OTkkYRZqxLA0qyoQ0
Bosphorus,Cafe,,4.5,343,$$,Temporarily closed,Narva mnt 7d,10117,Tallinn,+372 669 6782,https://www.facebook.com/boshorus.tallinn,,Cafe; Hookah Bar; Banquet Hall; Cocktail Bar; Event Venue; Bar,59.438030,24.760957,https://maps.google.com/?cid=2156086570432478083,ChIJWWLvHF6TkkYRgzue90_16x0
Osteria del Gallo Nero,Snack Bar,Italian,4.5,331,$$,Open,Olevimägi 11,10123,Tallinn,+372 5843 4987,http://www.osteriagallonero.com/,Mon closed; Tue 12:00-22:00; Wed 12:00-22:00; Thu 12:00-22:00; Fri 12:00-22:00; Sat 12:00-22:00; Sun closed,Snack Bar; Wine Bar; Italian Restaurant; European Restaurant; Spanish Restaurant; Cafe; Bar; Meal Takeaway,59.440470,24.748805,https://maps.google.com/?cid=6428066456648202797,ChIJ-YqBZmKTkkYRLboejWIUNVk
Kalaranna Cafe Resto,Restaurant,,4.5,330,$$,Open,Kalaranna tn 8-27,10415,Tallinn,+372 5816 1630,https://kalarannaresto.ee/,Mon 10:00-21:00; Tue 10:00-21:00; Wed 10:00-21:00; Thu 10:00-21:00; Fri 10:00-21:00; Sat 11:00-21:00; Sun 11:00-20:00,Apartment Building; Service,59.446394,24.747234,https://maps.google.com/?cid=17831730212223765549,ChIJs0HygeeTkkYRLcwyxiYId_c
Restoran Armudu Põhja-Tallinn,Restaurant,Middle Eastern,4.5,324,$$,Open,Sõle tn 14,10611,Tallinn,+372 5698 9838,https://www.restoranarmudu.ee/et,Mon 11:00-22:00; Tue 11:00-22:00; Wed 11:00-22:00; Thu 11:00-22:00; Fri 11:00-23:00; Sat 11:00-23:00; Sun 11:00-22:00,Middle Eastern Restaurant; Eastern European Restaurant; European Restaurant,59.434941,24.714017,https://maps.google.com/?cid=59398342101362516,ChIJwX2TFQCVkkYRVOcyOXoG0wA
Barbarea,Restaurant,,4.5,316,$$$,Temporarily closed,Marati tn 5,11713,Tallinn,+372 5887 9777,https://barbarea.ee/,,,59.456193,24.674781,https://maps.google.com/?cid=7983750184864934090,ChIJ-Yd5kWeTkkYRymhVUH76y24
Koidu 82 Resto,Restaurant,,4.5,310,$$,Open,Koidu tn 82,10139,Tallinn,+372 600 1100,https://www.facebook.com/Koidu-82-Resto-100244982739870,Mon 11:00-22:00; Tue 11:00-22:00; Wed 11:00-22:00; Thu 11:00-22:00; Fri 11:00-22:00; Sat 11:00-22:00; Sun 11:00-21:00,,59.424351,24.732327,https://maps.google.com/?cid=11156712054463284612,ChIJGRyoHdCVkkYRhEWas4Ca1Jo
Dzingel Buffet Restaurant,Restaurant,,4.5,286,,Open,Männiku tee 89,11213,Tallinn,+372 610 5263,https://dzingel.ee/restoran?y_source=1_MTAxMzU2MzMzMi03MTUtbG9jYXRpb24ud2Vic2l0ZQ%3D%3D,Mon 07:00-21:00; Tue 07:00-21:00; Wed 07:00-21:00; Thu 07:00-21:00; Fri 07:00-21:00; Sat 07:00-21:00; Sun 07:00-21:00,Catering Service; Food Delivery; Service,59.378278,24.718768,https://maps.google.com/?cid=13392140039387009511,ChIJizreojqVkkYR59HyRWlw2rk
Shaurma Fusion,Takeout Restaurant,Middle Eastern,4.5,280,$,Open,E. Vilde tee 71a,13421,Tallinn,+372 5757 0353,http://www.shaurmafusion.ee/,Mon 12:00-22:00; Tue 12:00-22:00; Wed 12:00-22:00; Thu 12:00-22:00; Fri 12:00-22:00; Sat 12:00-22:00; Sun 12:00-22:00,Meal Takeaway; Kebab Shop; Fast Food Restaurant,59.402798,24.688026,https://maps.google.com/?cid=10885696314530620096,ChIJPZCPvP6UkkYRwGJgiB_DEZc
Kuusk Hernesto,Restaurant,,4.5,275,$,Open,Herne tn 6,10135,Tallinn,+372 678 0323,https://www.facebook.com/kohvikkuushernest/,Mon 10:00-17:00; Tue 10:00-17:00; Wed 10:00-17:00; Thu 10:00-17:00; Fri 10:00-17:00; Sat closed; Sun closed,,59.424656,24.750141,https://maps.google.com/?cid=11332955422481951367,ChIJWRqP5aKUkkYRh6pfhOm-Rp0
Pizza Wabrik Nõmme tee,Pizza Restaurant,Pizza,4.5,269,$,Open,Nõmme tee 82a,13418,Tallinn,+372 5550 3322,http://www.pizzawabrik.ee/,Mon 11:00-22:00; Tue 11:00-22:00; Wed 11:00-22:00; Thu 11:00-22:00; Fri 11:00-22:00; Sat 11:00-22:00; Sun 11:00-22:00,Pizza Restaurant; Fast Food Restaurant; Meal Takeaway,59.409467,24.713221,https://maps.google.com/?cid=8701212143664784149,ChIJt6bf-e6UkkYRFWN0-lfqwHg
Magnet Lounge,Bar,,4.5,259,$$,Open,Poordi 3,10156,Tallinn,+372 5376 6679,http://www.magnetlounge.ee/,Mon 11:00-23:00; Tue 11:00-23:00; Wed 11:00-23:00; Thu 11:00-23:00; Fri 11:00-02:00; Sat 12:00-02:00; Sun 12:00-23:00,Bar; Cocktail Bar; Catering Service; Hookah Bar; Food Delivery; Service,59.441544,24.754686,https://maps.google.com/?cid=17618434388427440789,ChIJjQ3olmaTkkYRlYK-1LpAgfQ
Sushi Plaza IZAKAYA (Kalamaja),Izakaya Restaurant,Japanese,4.5,254,$$,Open,Vana-Kalamaja tn 10,10412,Tallinn,+372 5300 8362,http://www.izakaya.ee/,Mon 11:00-22:00; Tue 11:00-22:00; Wed 11:00-22:00; Thu 11:00-22:00; Fri 11:00-23:00; Sat 12:00-23:00; Sun 12:00-22:00,Japanese Izakaya Restaurant; Japanese Restaurant,59.442387,24.738550,https://maps.google.com/?cid=7666828137595475920,ChIJwS5mIcyTkkYR0BdZD5ILZmo
Repa Restoran Nautica,Eastern European Restaurant,Eastern European,4.5,235,$$,Open,Ahtri tn 9,10151,Tallinn,+372 600 1077,https://www.repa.ee/,Mon 11:00-20:00; Tue 11:00-20:00; Wed 11:00-20:00; Thu 11:00-20:00; Fri 11:00-20:00; Sat 11:00-20:00; Sun 11:00-20:00,Eastern European Restaurant; European Restaurant,59.442071,24.762895,https://maps.google.com/?cid=2870409411108304757,ChIJ2d6673yTkkYRdXcMvSa-1Sc
Tehnopol Pizzakiosk,Takeout Restaurant,,4.5,233,$$,Open,Akadeemia tee 21/6,12618,Tallinn,+372 5670 9757,https://www.pizzakiosk.ee/,Mon 11:00-21:00; Tue 11:00-21:00; Wed 11:00-21:00; Thu 11:00-21:00; Fri 11:00-21:00; Sat 11:00-21:00; Sun 11:00-21:00,Meal Takeaway,59.397871,24.657694,https://maps.google.com/?cid=10035127618925529092,ChIJuwgroK6VkkYRBIjEqWbvQ4s
Korsaar,Cocktail Bar,,4.5,231,$$,Open,Dunkri tn 5,10123,Tallinn,+372 5880 6631,https://beerhouse.ee/korsaar/,Mon closed; Tue closed; Wed closed; Thu closed; Fri closed; Sat 21:00-03:00; Sun closed,Cocktail Bar; Bar,59.436841,24.743539,https://maps.google.com/?cid=7478384778515689103,ChIJgZsdcmKTkkYRj64deVWPyGc
Peetri Pizza,Takeout Restaurant,,4.5,205,$,Open,Kadaka tee 66b,12615,Tallinn,+372 505 9109,http://www.peetripizza.ee/,Mon closed; Tue 11:00-21:00; Wed 11:00-21:00; Thu 11:00-21:00; Fri 11:00-21:00; Sat 11:00-21:00; Sun 11:00-21:00,Meal Takeaway,59.409153,24.661258,https://maps.google.com/?cid=9024846114919000153,ChIJGcZuBlKUkkYRWahP0LmxPn0
FUME Restoran,Restaurant,European,4.5,201,,Open,Ahtri 6,10117,Tallinn,+372 5558 9880,https://fumeresto.ee/,Mon 12:00-23:00; Tue 12:00-23:00; Wed 12:00-23:00; Thu 12:00-23:00; Fri 12:00-00:00; Sat 12:00-00:00; Sun 12:00-23:00,Cocktail Bar; Bar And Grill; Bar; Fine Dining Restaurant; European Restaurant,59.440045,24.757440,https://maps.google.com/?cid=14983462092546061725,ChIJMcfu-ueTkkYRnTW9K2Pz788
Restoran Merineitsi,Restaurant,,4.5,197,$$$$,Open,Viru väljak 4,10111,Tallinn,+372 680 9300,https://www.facebook.com/RestoranMerineitsi,,,59.436632,24.754494,https://maps.google.com/?cid=10761133316416035390,ChIJYcSJVWCTkkYRPlqZgbw5V5U
Amici Resto & Pizzeria,Italian Restaurant,Italian,4.5,184,$$,Temporarily closed,"Amici resto & pizzeria, Tartu mnt 84a",10112,Tallinn,+372 523 2315,https://amici.ee/,,Italian Restaurant; European Restaurant,59.425382,24.780925,https://maps.google.com/?cid=7142269937111130409,ChIJeyxM7XuVkkYRKeF1m6pwHmM
Dawat kebab restaurant,Restaurant,,4.5,181,$,Open,Narva mnt 31,10120,Tallinn,+372 5461 3077,,Mon 11:30-02:00; Tue 11:30-02:00; Wed 11:30-02:00; Thu 11:30-03:00; Fri 11:30-03:00; Sat 11:30-03:00; Sun 11:30-02:00,,59.439007,24.773935,https://maps.google.com/?cid=15376066541675383066,ChIJk1WdcQCTkkYRGolUww3DYtU
Sailors Home Cafe,Cafe,Italian,4.5,178,$$,Open,Purje tn 8,11911,Tallinn,+372 5662 7447,http://www.sailorshome.ee/,Mon 09:30-19:00; Tue 09:30-19:00; Wed 09:30-19:00; Thu 09:30-19:00; Fri 09:30-19:00; Sat 09:30-19:00; Sun 09:30-18:00,Cafe; Breakfast Restaurant; Italian Restaurant; European Restaurant,59.466899,24.825380,https://maps.google.com/?cid=5330910549610930489,ChIJi5SVJiqTkkYROSHxhuYy-0k
Zaiqa restaurant & takeaway,Turkish Restaurant,Turkish,4.5,173,$,Open,Väike-Karja tn 1,10140,Tallinn,+372 5699 0407,https://wolt.com/et/est/tallinn/restaurant/zaiqatln,Mon 19:00-06:00; Tue 19:00-06:00; Wed 19:00-11:00; Thu 19:00-11:00; Fri 19:00-11:00; Sat 19:00-11:00; Sun 19:00-06:00,Turkish Restaurant; Hamburger Restaurant; Fast Food Restaurant; Snack Bar; Pizza Restaurant; Meal Takeaway; American Restaurant; Bar,59.435949,24.746879,https://maps.google.com/?cid=186219924690368877,ChIJSbUe7JWTkkYRbflE7QiWlQI
Burger&kebab Good Time,Fast Food Restaurant,,4.5,165,$,Open,Aia 7a,10111,Tallinn,+372 5355 5706,,Mon 12:00-02:00; Tue 12:00-02:00; Wed 12:00-02:00; Thu 12:00-02:00; Fri 12:00-02:00; Sat 12:00-02:00; Sun 12:00-02:00,Fast Food Restaurant,59.438588,24.750950,https://maps.google.com/?cid=17206846279716795341,ChIJY8FtCACTkkYRzXNFj4b_yu4
Gourmet Club,Cafeteria,Pizza,4.5,165,$$,Open,Erika tn 14,10416,Tallinn,+372 5344 2472,https://www.gourmetclub.ee/,Mon 10:00-20:00; Tue 10:00-20:00; Wed 10:00-20:00; Thu 10:00-20:00; Fri 10:00-20:00; Sat 10:00-20:00; Sun 11:00-18:00,Cafeteria; Pizza Restaurant; Meal Takeaway,59.451684,24.717658,https://maps.google.com/?cid=2431079874663097761,ChIJw4KBYYOTkkYRoSXl_UPuvCE
Mõigu Bistroo,Bistro,,4.5,165,$,Open,Kaabli tn 7-9,10112,Tallinn,+372 5458 4835,,Mon 10:00-15:00; Tue 10:00-15:00; Wed 10:00-15:00; Thu 10:00-15:00; Fri 10:00-15:00; Sat closed; Sun closed,Bistro,59.408167,24.811377,https://maps.google.com/?cid=14938463183765233141,ChIJC9oobEPrkkYR9d2TRh4VUM8
Poké Bowl Ülemiste Keskus,Fast Food Restaurant,Hawaiian,4.5,159,$,Open,Suur-Sõjamäe tn 4,11415,Tallinn,+372 5685 6444,https://pokebowl.ee/,Mon 10:30-21:00; Tue 10:30-21:00; Wed 10:30-21:00; Thu 10:30-21:00; Fri 10:30-21:00; Sat 10:30-21:00; Sun 10:30-19:00,Fast Food Restaurant; Hawaiian Restaurant; American Restaurant,59.421907,24.794422,https://maps.google.com/?cid=14558184236689378045,ChIJjTigq8LrkkYR_cqPQm4PCco
Al Mare Bistroo,Bistro,,4.5,154,$,Open,Hallivanamehe tn 4,11317,Tallinn,+372 639 1809,http://www.almarefood.ee/hallivanamehe/,Mon 09:00-17:00; Tue 09:00-17:00; Wed 09:00-17:00; Thu 09:00-17:00; Fri 09:00-17:00; Sat closed; Sun closed,Bistro; Breakfast Restaurant,59.409246,24.734357,https://maps.google.com/?cid=17586431051855076562,ChIJEUgIo8GUkkYR0py4YN2ND_Q
UMA Restoran,Asian Restaurant,Asian,4.5,146,$$$,Open,Peetri tn 12,10415,Tallinn,+372 5455 0200,https://www.umaresto.ee/,Mon closed; Tue 17:30-22:00; Wed 17:30-22:00; Thu 17:30-22:00; Fri 17:30-23:00; Sat 17:30-23:00; Sun closed,Asian Restaurant,59.452410,24.730495,https://maps.google.com/?cid=934052122290113043,ChIJkTHCSleTkkYRE0rN1nRr9gw
Shaurma Fusion Lasnamäe,Fast Food Restaurant,,4.5,138,$,Open,Punane tn 50-2,13619,Tallinn,+372 5353 7175,http://www.shaurmafusion.ee/,Mon 11:00-22:00; Tue 11:00-22:00; Wed 11:00-22:00; Thu 11:00-22:00; Fri 11:00-22:00; Sat 11:00-22:00; Sun 11:00-22:00,Fast Food Restaurant,59.435599,24.844212,https://maps.google.com/?cid=7483277953926285729,ChIJDWMIB2vtkkYRoclJp6bx2Wc
Gala Sushi,Sushi Restaurant,Japanese,4.5,134,$$,Open,"Johannes Käis Building, Ülemiste City, Lõõtsa tn 4",11415,Tallinn,+372 646 4558,https://gala.ee/?utm_source=google&utm_medium=organic&utm_campaign=gbp,Mon 10:00-21:00; Tue 10:00-21:00; Wed 10:00-21:00; Thu 10:00-21:00; Fri 10:00-21:00; Sat 12:00-21:00; Sun 12:00-21:00,Sushi Restaurant; Catering Service; Meal Delivery; Food Delivery; Japanese Restaurant; Meal Takeaway; Service,59.422063,24.801787,https://maps.google.com/?cid=10262483784788629838,ChIJjdSHeamUkkYRTlmIGaGqa44
Healthy Sweets by Polina,Cafe,,4.5,132,$,Open,Vana-Kalamaja tn 6,10412,Tallinn,+372 5561 6966,https://healthysweets.ee/,Mon closed; Tue 09:00-19:00; Wed 09:00-19:00; Thu 09:00-19:00; Fri 09:00-19:00; Sat 10:00-19:00; Sun 10:00-19:00,Cafe; Dessert Shop; Confectionery; Food Store,59.441832,24.738532,https://maps.google.com/?cid=12386125398556545932,ChIJW7X_xcCTkkYRjBNo7Gxb5Ks
Maarjamäe Resto,Restaurant,,4.5,123,$$,Open,Pirita tee 56,12011,Tallinn,+372 522 2986,https://lossikohvikud.ee/,Mon closed; Tue 11:00-18:00; Wed 11:00-18:00; Thu 11:00-18:00; Fri 11:00-18:00; Sat 11:00-18:00; Sun 11:00-18:00,,59.452462,24.810039,https://maps.google.com/?cid=8739042937642159603,ChIJmcIDXX2TkkYR8w0MF0BRR3k
Aamen Restoran,Restaurant,Asian,4.5,117,$$,Open,Vana-Viru tn 15,10148,Tallinn,+372 517 3233,http://www.aamen.ee/,Mon closed; Tue 12:00-23:00; Wed 12:00-23:00; Thu 12:00-23:00; Fri 12:00-03:00; Sat 12:00-03:00; Sun 12:00-23:00,Asian Fusion Restaurant; Fusion Restaurant; Asian Restaurant; Event Venue,59.437384,24.752481,https://maps.google.com/?cid=8658511930992812485,ChIJHW4fi0iTkkYRxeFO-rk2KXg
Vistamare Pizzeria,Pizza Restaurant,Pizza,4.5,113,$$,Open,Kalaranna tn 8-5,10415,Tallinn,+372 5422 0026,https://www.vistamare.ee/,Mon 12:00-22:00; Tue 12:00-22:00; Wed 12:00-22:00; Thu 12:00-22:00; Fri 12:00-22:00; Sat 12:00-22:00; Sun 12:00-21:00,Pizza Restaurant,59.447634,24.747602,https://maps.google.com/?cid=3787641807507916010,ChIJhcUmweSTkkYR6oTt-CdokDQ
Cafe Tempo,Restaurant,,4.5,109,$$,Open,Reisijate tn 62-3,10412,Tallinn,+372 5397 9111,https://cafetempo.ee/,Mon 17:00-23:00; Tue 17:00-23:00; Wed 17:00-23:00; Thu 17:00-23:00; Fri 17:00-23:00; Sat 16:00-23:00; Sun closed,,59.441043,24.733447,https://maps.google.com/?cid=17614984719122248807,ChIJ4xRpZQCTkkYRZzQ3G0b_dPQ
KUUMA Grill & Hot Pot,Asian Restaurant,Asian,4.5,103,,Open,Pikk tn 1,10123,Tallinn,+372 5880 5888,http://www.kuuma.ee/,Mon closed; Tue closed; Wed 17:00-23:00; Thu 17:00-23:00; Fri 17:00-23:00; Sat 17:00-23:00; Sun closed,Asian Restaurant,59.437824,24.743280,https://maps.google.com/?cid=12729482323194868430,ChIJXx-8FACTkkYRzvKksLo0qLA
Restoran ROOF,Restaurant,,4.5,102,$$$,Open,Lembitu tn 12,10114,Tallinn,+372 699 4390,https://movenpicktallinn.ee/restoran-roof/,"Mon 12:00-15:00, 17:30-22:00; Tue 12:00-15:00, 17:30-22:00; Wed 12:00-15:00, 17:30-22:00; Thu 12:00-15:00, 17:30-22:00; Fri 12:00-15:00, 17:30-23:00; Sat 17:30-23:00; Sun closed",Bar,59.430501,24.755329,https://maps.google.com/?cid=11335615263252073655,ChIJNbGbmViVkkYRt8yi9AUyUJ0
HAN’s Street Food BALTI,Chinese Restaurant,Chinese,4.5,91,$$,Open,Kopli tn 1,10412,Tallinn,,https://www.instagram.com/hans_streetfood,Mon 09:00-20:00; Tue 09:00-20:00; Wed 09:00-20:00; Thu 09:00-20:00; Fri 09:00-20:00; Sat 09:00-20:00; Sun 09:00-18:00,Chinese Restaurant,59.441242,24.734908,https://maps.google.com/?cid=15534941323969148700,ChIJ1fbG_TWTkkYRHLe3ldMyl9c
Vesipiip Tallinn OU - Cosmosepiibud Lounge,Hookah Bar,,4.5,91,$$,Open,Tartu mnt 42,10115,Tallinn,+372 5633 6414,http://www.cosmosepiibudlounge.ee/,Mon 12:00-00:00; Tue 12:00-00:00; Wed 12:00-00:00; Thu 12:00-00:00; Fri 12:00-02:00; Sat 12:00-02:00; Sun 12:00-00:00,Hookah Bar; Meal Takeaway; Bar,59.430860,24.769560,https://maps.google.com/?cid=4832563683637055817,ChIJ_yb1XriVkkYRSdGj9RC3EEM
SADU resto,Asian Restaurant,Asian,4.5,89,$$,Open,Kopli tn 68a,10412,Tallinn,+372 5887 3324,http://www.saduresto.ee/,Mon closed; Tue 17:00-22:00; Wed 17:00-22:00; Thu 17:00-22:00; Fri 17:00-23:00; Sat 17:00-23:00; Sun 13:00-19:00,Asian Restaurant,59.445533,24.721586,https://maps.google.com/?cid=11004303926393600945,ChIJf409FQCTkkYRsXsgJR4kt5g
SÕÕRIKU JAAM (Balti Jaama Turg),Food,,4.5,82,,Open,"Balti Jaama Turg, Kopli tn 1",10412,Tallinn,+372 552 1559,https://www.soorikujaam.ee/,Mon 09:00-19:00; Tue 09:00-19:00; Wed 09:00-19:00; Thu 09:00-19:00; Fri 09:00-19:00; Sat 09:00-19:00; Sun 09:00-17:00,Coffee Stand; Coffee Shop; Cafe; Donut Shop; Bakery; Food Store,59.441173,24.735951,https://maps.google.com/?cid=3363718882483176388,ChIJsRgOT26TkkYRxAOveoBUri4
BIG's Gastro,Hamburger Restaurant,American,4.5,81,$$,Open,Valukoja tn 22,11415,Tallinn,+372 5301 2177,https://www.facebook.com/BigsGastro/,Mon 11:00-18:00; Tue 11:00-18:00; Wed 11:00-18:00; Thu 11:00-18:00; Fri 11:00-18:00; Sat closed; Sun closed,Hamburger Restaurant; American Restaurant,59.420356,24.810236,https://maps.google.com/?cid=6124248218094122460,ChIJp9OisOKTkkYR3LXRg06z_VQ
Kaukaasia Grill,Restaurant,,4.5,79,$$,Open,Ristiku tn 59,10320,Tallinn,+372 5191 9372,https://m.facebook.com/_apetiit_-104793857894233/,Mon 10:00-22:00; Tue 10:00-22:00; Wed 10:00-22:00; Thu 10:00-22:00; Fri 10:00-22:00; Sat 10:00-22:00; Sun 10:00-22:00,,59.441197,24.713590,https://maps.google.com/?cid=7867670832065052112,ChIJMQWjSTOVkkYR0H3w4u-UL20
Sileri Söök,Restaurant,,4.5,78,$,Open,Peterburi tee 66,13816,Tallinn,+372 5669 9176,http://www.lounad.ee/,Mon 10:00-15:00; Tue 10:00-15:00; Wed 10:00-15:00; Thu 10:00-15:00; Fri 10:00-15:00; Sat closed; Sun closed,,59.429619,24.843178,https://maps.google.com/?cid=3757495769836634185,ChIJR5ZaUr-UkkYRSUAlnn5OJTQ
Shang Shi Restaurant,Restaurant,,4.5,77,$$$$,Open,Rataskaevu tn 5,10123,Tallinn,+372 618 8840,https://shangshi.bombayclub.com/,Mon closed; Tue closed; Wed 17:00-23:00; Thu 17:00-23:00; Fri 17:00-23:00; Sat 17:00-23:00; Sun closed,,59.437141,24.742999,https://maps.google.com/?cid=3393295530552100504,ChIJ7bXux0iTkkYRmIZ6fE5oFy8
Urban Buns,Takeout Restaurant,,4.5,76,$$,Open,Välja 20,10616,Tallinn,+372 8126 6336,https://urbanbuns.choiceqr.com/,Mon closed; Tue 12:00-21:00; Wed 12:00-21:00; Thu 12:00-21:00; Fri 12:00-21:00; Sat 12:00-21:00; Sun closed,Meal Takeaway,59.424601,24.704813,https://maps.google.com/?cid=11809899316729267346,ChIJaWnBkoWVkkYRksTGZtsw5aM
Sushi Vibes Central Station,Sushi Restaurant,Japanese,4.5,69,$$,Open,Toompuiestee 37,10149,Tallinn,+372 5887 4066,https://sushivibes.ee/,Mon 10:00-21:00; Tue 10:00-21:00; Wed 10:00-21:00; Thu 10:00-21:00; Fri 10:00-22:00; Sat 11:00-22:00; Sun 11:00-22:00,Sushi Restaurant; Japanese Restaurant; Meal Takeaway,59.439866,24.736610,https://maps.google.com/?cid=10285528779384797401,ChIJ4TI9wwGTkkYR2bhJBu6JvY4
Einela,Restaurant,,4.5,63,$,Open,Suur-Sõjamäe tn 30,11415,Tallinn,+372 5461 9390,https://päevapakkumised.ee/tallinn/einela,Mon 10:00-15:00; Tue 10:00-15:00; Wed 10:00-15:00; Thu 10:00-15:00; Fri 10:00-15:00; Sat closed; Sun closed,,59.421046,24.824191,https://maps.google.com/?cid=2881884062082076394,ChIJ46uad2ztkkYR6g5DHEmC_ic
"Restaurant ""100""",Restaurant,,4.5,62,,Open,Endla tn 15,10122,Tallinn,+372 647 4733,http://www.resto100.ee/,Mon 07:00-10:00; Tue 07:00-10:00; Wed 07:00-10:00; Thu 07:00-10:00; Fri 07:00-10:00; Sat 08:00-11:00; Sun 08:00-11:00,,59.429512,24.735027,https://maps.google.com/?cid=17519529433157337697,ChIJGxSnupuUkkYRYQJYbzLfIfM
Barbossa restoran,Fast Food Restaurant,,4.5,60,$$,Open,Peetri tn T5,10415,Tallinn,+372 520 8283,https://www.facebook.com/profile.php?id=100093100585126,Mon 12:00-22:00; Tue 12:00-22:00; Wed 12:00-22:00; Thu 12:00-22:00; Fri 11:30-22:00; Sat 11:30-22:00; Sun 11:30-22:00,Fast Food Restaurant,59.453447,24.732457,https://maps.google.com/?cid=14069800833543807766,ChIJA0XRX2GTkkYRFqPfJ1D5QcM
Ruchi Restoran,Indian Restaurant,Thai,4.5,59,$$,Open,Kalaranna tn 8-4,10415,Tallinn,+372 5590 5974,https://www.ruchiresto.ee/en/,Mon 10:30-22:00; Tue 10:30-22:00; Wed 10:30-22:00; Thu 10:30-22:00; Fri 10:30-22:00; Sat 10:30-22:00; Sun 10:30-22:00,Indian Restaurant; Chicken Restaurant; Thai Restaurant,59.447297,24.746325,https://maps.google.com/?cid=14794707609132629753,ChIJO1w2zJ2TkkYR-X4eTi9cUc0
Amijami Sushi Haabersti,Sushi Restaurant,Japanese,4.5,47,$$,Open,"Amijami Sushi, Lahepea tn 11",10617,Tallinn,+372 5559 5560,https://tellimus.amijami.ee/amijami-sushi-haabersti,Mon 11:30-22:00; Tue 11:30-22:00; Wed 11:30-22:00; Thu 11:30-22:00; Fri 11:30-22:00; Sat 11:30-22:00; Sun 11:30-22:00,Sushi Restaurant; Japanese Restaurant,59.433256,24.684680,https://maps.google.com/?cid=1460874298086352733,ChIJGxvvapiVkkYRXWfvHm8RRhQ
Resto Seitse,Bistro,,4.5,31,$,Open,Järvevana tee 7b,10112,Tallinn,+372 5194 5025,https://www.facebook.com/profile.php?id=100040334874991,Mon 11:00-15:00; Tue 11:00-15:00; Wed 11:00-15:00; Thu 11:00-15:00; Fri 11:00-15:00; Sat closed; Sun closed,Bistro,59.414315,24.762084,https://maps.google.com/?cid=2029718033859163942,ChIJP6mfAWOVkkYRJjdhQswBKxw
Rabbit Hole Resto,Restaurant,,4.5,25,$$,Open,Sauna tn 5,10140,Tallinn,+372 5802 3808,,Mon 12:00-22:00; Tue 12:00-22:00; Wed 12:00-22:00; Thu 12:00-22:00; Fri 12:00-22:00; Sat 12:00-22:00; Sun 12:00-22:00,,59.436673,24.748386,https://maps.google.com/?cid=13394526451468862081,ChIJ20Bjr0iTkkYRgQJgItfq4rk
F-Hoone,Restaurant,,4.4,6498,$$,Open,Telliskivi tn 60a-4,10412,Tallinn,+372 5322 6855,http://www.fhoone.ee/,Mon 10:00-23:00; Tue 10:00-23:00; Wed 10:00-23:00; Thu 10:00-23:00; Fri 10:00-00:00; Sat 10:00-00:00; Sun 10:00-22:00,,59.439709,24.729211,https://maps.google.com/?cid=7552922166330042039,ChIJQZ7mwn2TkkYRt6ZGdLFe0Wg
Peppersack Restaurant,Eastern European Restaurant,Eastern European,4.4,5990,$$,Open,Vana turg 6,10140,Tallinn,+372 646 6996,http://peppersack.ee/,Mon 12:00-23:00; Tue 12:00-23:00; Wed 12:00-23:00; Thu 12:00-23:00; Fri 12:00-23:00; Sat 12:00-23:00; Sun 12:00-23:00,Eastern European Restaurant; European Restaurant; Cafe,59.436705,24.746682,https://maps.google.com/?cid=6274202426281634259,ChIJS-uRHWKTkkYR0ylpU91xElc
The Dubliner,Irish Pub,European,4.4,4409,$$,Open,Suur-Karja tn 18,10140,Tallinn,+372 644 4694,http://www.villemipubid.ee/dubliner/,Mon 12:00-23:00; Tue 12:00-00:00; Wed 12:00-00:00; Thu 12:00-00:00; Fri 12:00-01:00; Sat 12:00-01:00; Sun 12:00-23:00,Irish Pub; Pub; European Restaurant; Bar,59.434605,24.746186,https://maps.google.com/?cid=5938184619249731754,ChIJ8dOxBZ6UkkYRqogRCXOraFI
Old Estonia Restaurant,Restaurant,,4.4,3953,$$,Open,Raekoja plats 8,10146,Tallinn,+372 5198 0735,http://www.oldestonia.com/,Mon 10:00-23:00; Tue 10:00-23:00; Wed 10:00-23:00; Thu 10:00-23:00; Fri 10:00-00:00; Sat 10:00-00:00; Sun 10:00-23:00,,59.437649,24.744863,https://maps.google.com/?cid=1915113149370851757,ChIJN21AQGKTkkYRreHtPEPZkxo
Lido Ülemiste,Buffet Restaurant,,4.4,3779,$$,Open,Suur-Sõjamäe tn 4,11415,Tallinn,+372 5554 9071,http://www.lido.ee/,Mon 10:00-21:00; Tue 10:00-21:00; Wed 10:00-21:00; Thu 10:00-21:00; Fri 10:00-21:00; Sat 10:00-21:00; Sun 11:00-20:00,Buffet Restaurant; Cafe,59.421013,24.793386,https://maps.google.com/?cid=10487462286688781684,ChIJCWLGYlTrkkYRdAVkgWLzipE
Chicago 1933,Restaurant,,4.4,3107,$$,Open,"Prooviveski, Roseni tn 8",10111,Tallinn,+372 627 1266,http://www.chicago.ee/,Mon 11:00-23:00; Tue 11:00-23:00; Wed 11:00-00:00; Thu 11:00-01:00; Fri 11:00-02:00; Sat 11:00-02:00; Sun 11:00-23:00,,59.438987,24.755867,https://maps.google.com/?cid=11732260244678972857,ChIJ5YSSpGGTkkYRuRWHSIhc0aI
Pirosmani Restaurant,Eastern European Restaurant,Eastern European,4.4,2995,$$,Open,Üliõpilaste tee 1,12616,Tallinn,+372 639 3246,http://pirosmani.ee/,Mon 10:00-23:00; Tue 10:00-23:00; Wed 10:00-23:00; Thu 10:00-23:00; Fri 10:00-23:00; Sat 10:00-23:00; Sun 10:00-23:00,Eastern European Restaurant; European Restaurant,59.392525,24.673853,https://maps.google.com/?cid=7851879494271060344,ChIJcVOw8QaVkkYReEkzi8x692w
Räägupesa,Fast Food Restaurant,,4.4,2722,$,Open,Nõmme tee 53,11311,Tallinn,+372 655 7161,https://facebook.com/raagupesa/,Mon 09:00-21:00; Tue 09:00-21:00; Wed 09:00-21:00; Thu 09:00-21:00; Fri 09:00-22:00; Sat 12:00-22:00; Sun 12:00-21:00,Fast Food Restaurant,59.414994,24.718915,https://maps.google.com/?cid=12494953779361543656,ChIJ2SFd5-yUkkYR6PXE30L-Zq0
Armudu,Restaurant,Middle Eastern,4.4,2658,$$,Open,Nõmme tee 101a,13418,Tallinn,+372 677 3903,https://www.restoranarmudu.ee/et,Mon 11:00-23:00; Tue 11:00-23:00; Wed 11:00-23:00; Thu 11:00-23:00; Fri 11:00-02:00; Sat 11:00-02:00; Sun 11:00-23:00,Middle Eastern Restaurant; Eastern European Restaurant; European Restaurant; Live Music Venue; Event Venue,59.405600,24.710367,https://maps.google.com/?cid=15123062311076473595,ChIJa6PZjuWUkkYR-6rP5wvp39E
Must Puudel,Cafe,,4.4,2161,$$,Open,Kuninga tn 4,10146,Tallinn,+372 5332 5072,https://mustpuudel.ee/,Mon 09:00-23:00; Tue 09:00-00:00; Wed 09:00-00:30; Thu 09:00-00:30; Fri 09:00-01:30; Sat 09:00-01:30; Sun 09:00-23:00,Cafe; Bar,59.436513,24.745356,https://maps.google.com/?cid=8149677756071693893,ChIJITHkHJ6UkkYRRU6OhL14GXE
Lendav Taldrik,Asian Restaurant,Asian,4.4,2066,$$,Open,Telliskivi tn 60a-6,10412,Tallinn,+372 621 4222,https://lendavtaldrik.com/,Mon 12:00-22:00; Tue 12:00-22:00; Wed 12:00-22:00; Thu 12:00-22:00; Fri 12:00-23:00; Sat 12:00-23:00; Sun 12:00-22:00,Asian Restaurant,59.438915,24.727941,https://maps.google.com/?cid=16594918061280053907,ChIJfelVD4KUkkYRk8pPlw3-TOY
Dodo Pizza,Pizza Restaurant,Pizza,4.4,1923,$$,Open,Gonsiori tn 10,10117,Tallinn,+372 629 9209,http://www.dodopizza.ee/,Mon 09:00-00:00; Tue 09:00-00:00; Wed 09:00-00:00; Thu 09:00-00:00; Fri 09:00-02:00; Sat 10:00-02:00; Sun 10:00-00:00,Pizza Restaurant; Fast Food Restaurant,59.435071,24.760876,https://maps.google.com/?cid=12867407508190739946,ChIJc36xJ2CTkkYR6j3nSfQ2krI
Restaurant Munga Kelder,Restaurant,Italian,4.4,1872,$$,Open,Vene tn 12a,10123,Tallinn,+372 644 4614,http://www.mungakelder.ee/,,Italian Restaurant; European Restaurant; Bar,59.437761,24.747660,https://maps.google.com/?cid=17967088351032378638,ChIJ2TO3KGKTkkYRDgVYW6nrV_k
Pizza Americana,Pizza Restaurant,Pizza,4.4,1792,$$,Open,Kaarli pst 2,10130,Tallinn,+372 644 8837,https://americana.ee/,Mon 11:30-21:30; Tue 11:30-21:30; Wed 11:30-21:30; Thu 11:30-21:30; Fri 11:30-22:30; Sat 13:00-22:30; Sun 13:00-21:30,Pizza Restaurant,59.433184,24.741895,https://maps.google.com/?cid=11653023864846262056,ChIJEa2h552UkkYRKJ9P93bbt6E
Hiiu Pubi,Gastropub,,4.4,1763,$$,Open,Pärnu mnt. 325,11620,Tallinn,+372 5911 5500,https://hiiupubi.eu/,Mon 11:00-23:00; Tue 11:00-23:00; Wed 11:00-23:00; Thu 11:00-00:00; Fri 11:00-00:00; Sat 12:00-00:00; Sun 12:00-23:00,Gastropub; Sports Complex; Bar; Sports Activity Location; Event Venue,59.383974,24.672234,https://maps.google.com/?cid=9988242798915726887,ChIJsZ3Qlg6VkkYRJ6651-ddnYo
Boheem,Restaurant,Pizza,4.4,1690,$$,Open,Kopli tn 18,10412,Tallinn,+372 631 1928,http://www.boheem.ee/,Mon 09:00-22:00; Tue 09:00-22:00; Wed 09:00-22:00; Thu 09:00-22:00; Fri 09:00-23:00; Sat 10:00-23:00; Sun 10:00-22:00,Cafeteria; Pizza Restaurant,59.441803,24.732362,https://maps.google.com/?cid=5072590393783639125,ChIJqyiDV3yTkkYRVVyIYBZ2ZUY
Tommi Grill,Restaurant,,4.4,1627,$$,Open,Viru väljak 2,10111,Tallinn,+372 662 2099,http://tommigrill.com/,Mon 11:30-23:00; Tue 11:30-23:00; Wed 11:30-23:00; Thu 11:30-23:00; Fri 11:30-23:00; Sat 11:30-23:00; Sun 11:30-21:00,,59.437657,24.753928,https://maps.google.com/?cid=13616635060137735345,ChIJv5hb_WCTkkYRsbSjc3EB-Lw
One Sixty Smokehouse,Barbecue Restaurant,Barbecue,4.4,1550,$$,Open,Telliskivi tn 62,10412,Tallinn,+372 601 9007,https://www.onesixty.ee/,Mon 16:00-22:00; Tue 12:00-22:00; Wed 12:00-22:00; Thu 12:00-23:00; Fri 12:00-23:00; Sat 12:00-23:00; Sun 12:00-20:00,Barbecue Restaurant,59.440799,24.731100,https://maps.google.com/?cid=3570843458714064645,ChIJWULez_qTkkYRBdct4TQvjjE
Suveterrass,Restaurant,,4.4,1440,$$,Open,Kai tn 5,10111,Tallinn,+372 5557 0006,https://www.suveterrass.ee/,Mon 12:00-23:00; Tue 12:00-23:00; Wed 12:00-23:00; Thu 12:00-23:00; Fri 12:00-01:00; Sat 12:00-01:00; Sun 12:00-23:00,Cafeteria; Lounge Bar; Night Club; Bar,59.443602,24.757339,https://maps.google.com/?cid=18314577131560153440,ChIJSYiKQmaTkkYRYLEiyt1yKv4
Sushi Plaza SUSHI & SASHIMI (Maakri),Sushi Restaurant,Japanese,4.4,1413,$$,Open,Maakri tn 23a,10145,Tallinn,+372 5333 2699,http://www.sushiplaza.ee/,Mon 11:00-22:00; Tue 11:00-22:00; Wed 11:00-22:00; Thu 11:00-23:00; Fri 11:00-23:00; Sat 11:00-23:00; Sun 11:00-22:00,Sushi Restaurant; Japanese Restaurant,59.432437,24.760252,https://maps.google.com/?cid=5766793910869056252,ChIJneR4QF6TkkYR_Fo8FoLEB1A
Suliko Restaurant,Eastern European Restaurant,Eastern European,4.4,1367,$$,Open,Nõmme tee 51,11311,Tallinn,+372 655 7368,http://suliko.ee/,Mon 11:00-22:30; Tue 11:00-22:30; Wed 11:00-22:30; Thu 11:00-22:30; Fri 11:00-22:30; Sat 11:00-22:30; Sun 11:00-22:00,Eastern European Restaurant; European Restaurant,59.415196,24.719059,https://maps.google.com/?cid=11439173727111038535,ChIJCX243uyUkkYRR0ZvwOUbwJ4
Peatus,Restaurant,,4.4,1323,$$,Open,Reisijate tn,10412,Tallinn,+372 5887 7727,https://www.facebook.com/kohvikpeatus,Mon 12:00-23:00; Tue 12:00-23:00; Wed 12:00-23:00; Thu 12:00-23:00; Fri 11:00-00:00; Sat 11:00-00:00; Sun 11:00-00:00,,59.440618,24.731232,https://maps.google.com/?cid=13609163106778125928,ChIJeWFVwX2TkkYRaJbcvb113bw
Kitchen Rõõm,Restaurant,,4.4,1321,$$,Open,P. Pinna tn 8,13615,Tallinn,+372 517 6793,http://kitchenroom.ee/,Mon 12:00-22:00; Tue 12:00-22:00; Wed 12:00-22:00; Thu 12:00-22:00; Fri 12:00-22:00; Sat 12:00-22:00; Sun 12:00-22:00,,59.436350,24.836400,https://maps.google.com/?cid=17055816700288570581,ChIJDQLuW7nskkYR1RTgXuxusuw
R14,Restaurant,,4.4,1311,$$$,Open,Rotermanni tn 14,10111,Tallinn,+372 5855 8120,https://www.r14.ee/,Mon 11:00-23:00; Tue 11:00-23:00; Wed 11:00-23:00; Thu 11:00-23:00; Fri 11:00-00:00; Sat 12:00-00:00; Sun 12:00-21:00,,59.439258,24.757952,https://maps.google.com/?cid=13169191903893654881,ChIJ0y_LzWCTkkYRYQ2IYkNewrY
Tokumaru Solaris,Japanese Restaurant,Japanese,4.4,1304,$$,Open,Estonia pst 9,10143,Tallinn,+372 5770 2405,http://www.tokumaru.ee/,Mon 11:00-21:00; Tue 11:00-21:00; Wed 11:00-21:00; Thu 11:00-21:00; Fri 11:00-22:00; Sat 11:00-22:00; Sun 11:00-21:00,Japanese Restaurant; Asian Restaurant; Sushi Restaurant; Ramen Restaurant,59.433440,24.751635,https://maps.google.com/?cid=9831069147521646174,ChIJAyCX6p-UkkYRXn5UbE35bog
Pirosmani,Eastern European Restaurant,Eastern European,4.4,1176,$$,Open,Tartu mnt 157,10112,Tallinn,+372 609 9778,http://pirosmani.ee/,Mon 10:00-22:00; Tue 10:00-22:00; Wed 10:00-22:00; Thu 10:00-22:00; Fri 10:00-23:00; Sat 10:00-23:00; Sun 11:00-22:00,Eastern European Restaurant; European Restaurant,59.402619,24.813618,https://maps.google.com/?cid=10719194729253050334,ChIJiaBl4UHrkkYR3hdeQ9A6wpQ
Meistri Lyon Cafe & Boulangerie,Cafe,,4.4,946,$$,Open,Meistri tn 22,13517,Tallinn,+372 622 9218,http://cafelyon.ee/,Mon 08:00-19:00; Tue 08:00-19:00; Wed 08:00-19:00; Thu 08:00-19:00; Fri 08:00-19:00; Sat 09:00-19:00; Sun 09:00-18:00,Cafe; Breakfast Restaurant; Bakery; Food Store,59.415440,24.658824,https://maps.google.com/?cid=16265274314102062365,ChIJLYkhbU-UkkYRHb1Wws_cueE
Alfredi Pub,Pub,,4.4,883,$$,Open,Rahumäe tee 25,11614,Tallinn,+372 672 2769,http://alfred.ee/,Mon 11:00-21:00; Tue 11:00-21:00; Wed 11:00-22:00; Thu 11:00-22:00; Fri 11:00-00:00; Sat 12:00-00:00; Sun 12:00-21:00,Pub; Bar,59.389190,24.702450,https://maps.google.com/?cid=12272140264367420867,ChIJSSLMKhmVkkYRw3Vjw4xmT6o
Om house,Restaurant,Japanese,4.4,833,$$,Open,Rotermanni tn 18-2,10111,Tallinn,+372 5550 5158,https://www.omhouse.ee/,Mon 12:00-23:00; Tue 12:00-23:00; Wed 12:00-23:00; Thu 12:00-23:00; Fri 12:00-02:00; Sat 12:00-02:00; Sun 14:00-22:00,Sushi Restaurant; Cocktail Bar; Japanese Restaurant; Bar,59.439345,24.757946,https://maps.google.com/?cid=11863673035906479407,ChIJaViKhpmTkkYRL_WVDMU7pKQ
VLND Burger Balti Jaama Turul,Hamburger Restaurant,American,4.4,813,$$,Open,Kopli tn 1,10412,Tallinn,+372 5397 7171,http://vlndburger.ee/,"Mon 11:00-15:00, 16:00-20:00; Tue 11:00-15:00, 16:00-20:00; Wed 11:00-15:00, 16:00-20:00; Thu 11:00-15:00, 16:00-20:00; Fri 11:00-15:00, 16:00-20:00; Sat 11:00-15:00, 16:00-20:00; Sun 11:00-15:00, 16:00-18:00",Hamburger Restaurant; American Restaurant,59.441142,24.735023,https://maps.google.com/?cid=8895630995944388589,ChIJlUWVYqmTkkYR7Tc4fkKhc3s
VESKI KÕRTS,Bistro,,4.4,807,$,Open,Tondi tn 17,11313,Tallinn,+372 650 3299,http://veskikorts.ee/,Mon 08:00-17:00; Tue 08:00-17:00; Wed 08:00-17:00; Thu 08:00-17:00; Fri 08:00-17:00; Sat closed; Sun closed,Bistro,59.412339,24.735554,https://maps.google.com/?cid=1129939309194725591,ChIJkT3Gm1mUkkYR10hNptBZrg8
Shaurma Kebab,Turkish Restaurant,Middle Eastern,4.4,792,$,Open,Sõpruse pst 210a,13416,Tallinn,+372 5846 9090,https://shaurmakebab.ee/et,Mon 00:00-24:00; Tue 00:00-24:00; Wed 00:00-24:00; Thu 00:00-24:00; Fri 00:00-24:00; Sat 00:00-24:00; Sun 00:00-24:00,Turkish Restaurant; Fast Food Restaurant; Middle Eastern Restaurant,59.403510,24.698650,https://maps.google.com/?cid=13659084130139887157,ChIJq42AxIyVkkYRNdYpvqXQjr0
BACIO Restoran & Kohvik,Italian Restaurant,Italian,4.4,765,,Open,Narva mnt 63-4,10120,Tallinn,+372 5302 0902,http://www.bacio.ee/,Mon closed; Tue closed; Wed closed; Thu closed; Fri 18:00-23:00; Sat 18:00-23:00; Sun closed,Italian Restaurant; Coffee Shop; Cafe; Food Store; European Restaurant,59.440278,24.781539,https://maps.google.com/?cid=17919553745316593570,ChIJi73ezlqTkkYRor8dgzALr_g
The Able Butcher,Steak House,Steakhouse,4.4,759,,Open,"F. R. Kreutzwaldi 23, Level 2",10147,Tallinn,+372 630 5462,https://theablebutcher.ee/,Mon 12:00-23:00; Tue 12:00-23:00; Wed 12:00-23:00; Thu 12:00-23:00; Fri 12:00-23:00; Sat 12:30-23:00; Sun 12:30-23:00,Steak House,59.433881,24.768795,https://maps.google.com/?cid=1354435692746386596,ChIJXSNu2liTkkYRpCxCIRbsyxI
Tasca Portuguesa,Portuguese Restaurant,Portuguese,4.4,706,$$,Open,Kullassepa tn 13,10146,Tallinn,+372 5613 8551,http://www.tasca.ee/,Mon 10:00-00:00; Tue 10:00-00:00; Wed 10:00-00:00; Thu 10:00-00:00; Fri 10:00-00:00; Sat 10:00-00:00; Sun 10:00-22:00,Portuguese Restaurant; Bar; European Restaurant,59.436502,24.744725,https://maps.google.com/?cid=15323590921095599135,ChIJnb7jP32TkkYRH9RNP8FUqNQ
Restoran Armudu Haabersti,Restaurant,Middle Eastern,4.4,679,$$,Open,Meistri tn 22,13517,Tallinn,+372 5555 9308,https://www.restoranarmudu.ee/et,Mon 11:00-23:00; Tue 11:00-23:00; Wed 11:00-23:00; Thu 11:00-23:00; Fri 11:00-00:00; Sat 11:00-00:00; Sun 11:00-23:00,Middle Eastern Restaurant; Eastern European Restaurant; European Restaurant,59.415663,24.658529,https://maps.google.com/?cid=12607434479370380687,ChIJ4x0Uh-6VkkYRjyXip9ya9q4
Restaurant Frank,Cocktail Bar,,4.4,622,$$,Open,Sauna tn 2,10140,Tallinn,+372 5638 9167,http://www.frankbistro.ee/,Mon closed; Tue closed; Wed 18:00-02:00; Thu 18:00-02:00; Fri 18:00-03:00; Sat 18:00-03:00; Sun 18:00-00:00,Cocktail Bar; Bar,59.435945,24.747781,https://maps.google.com/?cid=18287481383007730553,ChIJxW9C42GTkkYRebu-Nm0vyv0
Fotografiska Tallinn Restaurant & Rooftop Bar,Restaurant,,4.4,618,,Open,Telliskivi tn 60a-8,10412,Tallinn,+372 5745 0922,https://tallinn.fotografiska.com/en/restaurants/fotografiska-restaurant,Mon closed; Tue 18:00-00:00; Wed 18:00-00:00; Thu 18:00-00:00; Fri 12:00-01:00; Sat 12:00-01:00; Sun 12:00-18:00,,59.438356,24.728441,https://maps.google.com/?cid=1801512774774097603,ChIJ-1KlnkqVkkYRwwa95lJCABk
Sesoon,Restaurant,,4.4,614,,Open,Kalma tn 9,10414,Tallinn,+372 5866 5558,http://kohviksesoon.ee/,,,59.443041,24.735568,https://maps.google.com/?cid=8822835648206940515,ChIJQWJxZnuTkkYRYykH00YCcXo
Cafe Mmuah,Restaurant,,4.4,605,$$,Open,Gonsiori tn 2,10143,Tallinn,+372 683 1199,http://www.mmuah.ee/,Mon 11:00-23:00; Tue 11:00-23:00; Wed 11:00-23:00; Thu 11:00-23:00; Fri 11:00-23:00; Sat 11:00-23:00; Sun 11:00-23:00,,59.434970,24.756209,https://maps.google.com/?cid=17159976379577216641,ChIJ-VJ-B1-TkkYRgS7Lipl7JO4
Aasia toit Tallinn Asian Cafe,Asian Restaurant,Chinese,4.4,524,$$,Open,Kopli tn 4,10412,Tallinn,+372 640 6011,http://asiancafe.ee/,Mon 10:00-22:00; Tue 10:00-22:00; Wed 10:00-22:00; Thu 10:00-22:00; Fri 10:00-22:00; Sat 10:00-22:00; Sun 10:00-22:00,Asian Restaurant; Chinese Restaurant; Indian Restaurant,59.441242,24.738079,https://maps.google.com/?cid=6398045545699597378,ChIJX9KA53yTkkYRQtwxiIZsylg
Restaurant Golden Dragon,Chinese Restaurant,Chinese,4.4,522,$$,Open,Pühavaimu tn 7,10133,Tallinn,+372 631 3506,http://www.goldendragon.ee/,Mon 12:00-22:00; Tue 12:00-22:00; Wed 12:00-22:00; Thu 12:00-22:00; Fri 12:00-23:00; Sat 12:00-23:00; Sun 12:00-22:00,Chinese Restaurant,59.438550,24.746960,https://maps.google.com/?cid=5319017927055110761,ChIJ1Xurt2OTkkYRafINkJ_y0Ek
Ginger Arsenal,Indian Restaurant,Indian,4.4,520,$$,Open,Erika tn 14,10416,Tallinn,+372 660 8880,http://www.gingercafe.ee/,Mon 11:00-21:00; Tue 11:00-21:00; Wed 11:00-21:00; Thu 11:00-21:00; Fri 11:00-21:00; Sat 12:00-21:00; Sun 12:00-21:00,Indian Restaurant,59.451646,24.716816,https://maps.google.com/?cid=13408008412960193698,ChIJbWKUfISTkkYRovzw55zQEro
NOY City,Mediterranean Restaurant,Mediterranean,4.4,478,$$,Temporarily closed,Tuukri tn 26-10151,10151,Tallinn,+372 640 0325,,,Mediterranean Restaurant,59.439465,24.766207,https://maps.google.com/?cid=16657676426338226220,ChIJmQFCtl2TkkYRLNBJH3T0K-c
Armudu Peetri,Restaurant,Middle Eastern,4.4,432,$$,Open,Veesaare tee 2,75312,Peetri,+372 600 8683,https://www.restoranarmudu.ee/et,Mon 11:00-22:00; Tue 11:00-22:00; Wed 11:00-22:00; Thu 11:00-22:00; Fri 11:00-23:00; Sat 11:00-23:00; Sun 11:00-22:00,Middle Eastern Restaurant; Eastern European Restaurant; European Restaurant,59.401997,24.811497,https://maps.google.com/?cid=6533068993291108235,ChIJv1ro0arrkkYRiz88vqIfqlo
Hutorok trahter,Restaurant,,4.4,417,$$,Open,Mustamäe tee 116,12911,Tallinn,+372 5594 9522,https://www.facebook.com/HutorokTallinn/,Mon 12:00-22:00; Tue 12:00-22:00; Wed 12:00-22:00; Thu 12:00-22:00; Fri 12:00-23:00; Sat 12:00-23:00; Sun 12:00-22:00,,59.403759,24.679385,https://maps.google.com/?cid=4921374861820974635,ChIJ2bf2lzSVkkYRK1ZgvVw8TEQ
Peetri Pizza,Pizza Restaurant,Pizza,4.4,392,$,Open,E. Vilde tee 128,12614,Tallinn,+372 654 3504,http://www.peetripizza.ee/en/pizzeriad/tallinn/vilde-tee-128/,Mon 11:00-22:00; Tue 11:00-22:00; Wed 11:00-22:00; Thu 11:00-22:00; Fri 11:00-22:00; Sat 11:00-22:00; Sun 11:00-22:00,Pizza Restaurant,59.403211,24.663207,https://maps.google.com/?cid=11169974963716257095,ChIJvddSNVOUkkYRR3VQZgy5A5s
Urban bar tallinn,Bar,,4.4,368,$$,Temporarily closed,Roseni tn 9,10111,Tallinn,+372 5884 8575,http://www.urbanbar.ee/,,Bar; Cocktail Bar; Live Music Venue; Event Venue,59.439242,24.755018,https://maps.google.com/?cid=13353890689410398787,ChIJv7xRSXiTkkYRQ_qzf9SMUrk
Sanga,Sandwich Shop,,4.4,300,$$,Open,Rotermanni tn 18-1,10111,Tallinn,+372 5757 0171,http://www.sanga.ee/,Mon 11:00-20:00; Tue 11:00-20:00; Wed 11:00-20:00; Thu 11:00-20:00; Fri 11:00-20:00; Sat 11:00-20:00; Sun 11:00-20:00,Sandwich Shop,59.439477,24.756862,https://maps.google.com/?cid=571486347596849649,ChIJDwVGST2TkkYR8eF-Js5T7gc
Peetri Pizza,Pizza Restaurant,Pizza,4.4,290,$,Open,Roosikrantsi tn 23,10119,Tallinn,+372 660 2626,https://peetripizza.ee/pizzeria/roosikrantsi,Mon 12:00-01:00; Tue 12:00-01:00; Wed 12:00-01:00; Thu 12:00-01:00; Fri 12:00-01:00; Sat 12:00-01:00; Sun 12:00-01:00,Pizza Restaurant,59.430202,24.744079,https://maps.google.com/?cid=14720010482311052082,ChIJfXXzzZ6UkkYRMjstMIv7R8w
Kukustuudio / KuKu klubi / Kinomaja kohvik-baar,Cafe,,4.4,289,$$,Open,Uus tn 3,10111,Tallinn,+372 5690 7077,https://kukustuudio.ee/,Mon 12:00-23:00; Tue 12:00-23:00; Wed 12:00-23:00; Thu 12:00-23:00; Fri 12:00-03:00; Sat 12:00-03:00; Sun closed,Coffee Shop; Art Gallery; Cafe; Night Club; Food Store,59.437717,24.749883,https://maps.google.com/?cid=13781425370119131461,ChIJ10BTc56UkkYRRdGBZFt1Qb8
Helios Kohvik,Restaurant,,4.4,282,$,Open,Mäealuse tn 2-4,12618,Tallinn,+372 655 6200,http://helioskohvik.ee/,Mon 09:00-17:00; Tue 09:00-17:00; Wed 09:00-17:00; Thu 09:00-17:00; Fri 09:00-17:00; Sat closed; Sun closed,Cafe,59.396983,24.657719,https://maps.google.com/?cid=4809726970156257798,ChIJiQk2nK6VkkYRBpLHQjKVv0I
Tšungel,Restaurant,,4.4,265,$$,Open,Kopli tn 1,10412,Tallinn,+372 5367 5499,http://tsungel.ee/,Mon 14:00-23:00; Tue 12:00-23:00; Wed 12:00-03:00; Thu 12:00-03:00; Fri 12:00-04:00; Sat 12:00-04:00; Sun 12:00-22:00,Cocktail Bar; Night Club; Bar,59.440862,24.733795,https://maps.google.com/?cid=16606972395884575688,ChIJfzlNPmaTkkYRyPtqE2jRd-Y
Loco Rolls,Restaurant,,4.4,256,$$,Open,Kopli tn 1,10412,Tallinn,+372 5686 8038,https://locorolls.ee/,Mon 09:00-20:00; Tue 09:00-20:00; Wed 09:00-20:00; Thu 09:00-20:00; Fri 09:00-20:00; Sat 09:00-20:00; Sun 09:00-18:00,Ice Cream Shop; Dessert Shop; Confectionery; Food Store,59.441031,24.735306,https://maps.google.com/?cid=11584100566089547989,ChIJpbgwBn2TkkYR1UAr9Bb-wqA
NuFace Ülemiste City,Chinese Restaurant,Chinese,4.4,235,$$,Open,"Ülemiste City, Sepise tn 8",11415,Tallinn,+372 5871 5066,http://www.nuface.ee/,Mon 11:00-16:00; Tue 11:00-16:00; Wed 11:00-16:00; Thu 11:00-16:00; Fri 11:00-16:00; Sat closed; Sun closed,Chinese Restaurant,59.419201,24.805747,https://maps.google.com/?cid=7663349058475944365,ChIJldFh9u_rkkYRrWlI1F2vWWo
JENK BBQ,Restaurant,,4.4,234,$$$,Open,Rotermanni tn 14,10111,Tallinn,+372 5377 1108,https://www.jenkbbq.ee/,Mon 17:00-00:00; Tue 17:00-00:00; Wed 17:00-00:00; Thu 17:00-00:00; Fri 17:00-01:00; Sat 17:00-01:00; Sun closed,,59.439013,24.757129,https://maps.google.com/?cid=858039731479007763,ChIJAdTEId2TkkYRE1L69ZZe6As
Haabersti Pizzakiosk,Takeout Restaurant,,4.4,221,$$,Open,Ehitajate tee 148,13517,Tallinn,+372 5342 7724,https://www.pizzakiosk.ee/,Mon 11:00-21:00; Tue 11:00-21:00; Wed 11:00-21:00; Thu 11:00-21:00; Fri 11:00-21:00; Sat 12:00-21:00; Sun 12:00-20:00,Meal Takeaway,59.421203,24.650847,https://maps.google.com/?cid=1250482084965363679,ChIJgSWijWmUkkYR369ZuNSaWhE
Amijami Sushi Kadriorg,Sushi Restaurant,Japanese,4.4,216,$$,Open,Vesivärava tn 50,10147,Tallinn,+372 5690 0010,https://tellimus.amijami.ee/amijami-sushi-kadriorg,Mon 11:00-22:00; Tue 11:00-22:00; Wed 11:00-22:00; Thu 11:00-22:00; Fri 11:00-22:00; Sat 11:00-22:00; Sun 11:00-22:00,Sushi Restaurant; Japanese Restaurant,59.432666,24.779491,https://maps.google.com/?cid=10685464133060089261,ChIJk9oxcmmTkkYRrVU51wNlSpQ
Delta Cafe & Bistro,Bistro,,4.4,213,$,Open,Pärnu mnt. 141,11314,Tallinn,+372 5332 5091,http://www.bistrood.ee/,Mon 08:30-15:00; Tue 08:30-15:00; Wed 08:30-15:00; Thu 08:30-15:00; Fri 08:30-15:00; Sat closed; Sun closed,Bistro,59.402557,24.730616,https://maps.google.com/?cid=4705390277121250349,ChIJ-9IeN8OUkkYRLZRj3YbnTEE
Peetri Pizza,Pizza Restaurant,Pizza,4.4,212,$,Open,Õismäe tee 1a,13514,Tallinn,+372 671 4067,http://www.peetripizza.ee/,Mon 12:00-21:00; Tue 12:00-21:00; Wed 12:00-21:00; Thu 12:00-21:00; Fri 12:00-21:00; Sat 12:00-21:00; Sun 12:00-21:00,Pizza Restaurant,59.413897,24.654837,https://maps.google.com/?cid=4837920816640504531,ChIJ9T031E6UkkYR0zJTr1m_I0M
Airo Cafe,Restaurant,,4.4,182,$,Open,"Lennujaama tee 13, Kesk-Sõjamäe tn 26",11101,Tallinn,+372 605 8077,https://www.facebook.com/airocafe,Mon 10:00-15:00; Tue 10:00-15:00; Wed 10:00-15:00; Thu 10:00-15:00; Fri 10:00-15:00; Sat closed; Sun closed,,59.418365,24.807505,https://maps.google.com/?cid=10411300887734438477,ChIJKfn5XFfrkkYRTcoe9_5efJA
Restoran Mets,Restaurant,,4.4,172,$,Open,Mäealuse tn 2-1,12618,Tallinn,+372 673 1722,http://www.restoranmets.ee/,Mon 08:30-15:30; Tue 08:30-15:30; Wed 08:30-15:30; Thu 08:30-15:30; Fri 08:30-15:30; Sat closed; Sun closed,,59.396220,24.659271,https://maps.google.com/?cid=1716007722576265709,ChIJwRac3K6VkkYR7UH8j-570Bc
Basiilik Pizza & Pasta,Pizza Restaurant,Pizza,4.4,166,$$,Open,Lootsi tn 10-2,10151,Tallinn,+372 5343 6688,https://basiilik.ee/,Mon 10:00-21:00; Tue 10:00-21:00; Wed 10:00-21:00; Thu 10:00-21:00; Fri 10:00-22:00; Sat 10:00-22:00; Sun 10:00-21:00,Pizza Restaurant; European Restaurant,59.441747,24.765288,https://maps.google.com/?cid=2377560849433555502,ChIJQ9SvEACTkkYRLvJc5v7K_iA
Kooker Kadriorg,Restaurant,,4.4,165,$,Open,L. Koidula tn 21c,10127,Tallinn,+372 5192 0149,https://kooker.ee/,Mon 07:30-20:00; Tue 07:30-20:00; Wed 07:30-20:00; Thu 07:30-20:00; Fri 07:30-20:00; Sat 07:30-20:00; Sun 07:30-20:00,Coffee Shop; Cafe; Food Store,59.436627,24.789395,https://maps.google.com/?cid=16631028593503484382,ChIJi7vMzByTkkYR3rkjDWRIzeY
Mets II,Restaurant,,4.4,163,$,Open,"Eesti Energia peamaja, Lelle tn 22",11318,Tallinn,+372 5199 6677,http://www.restoranmets.ee/,Mon 08:30-15:00; Tue 08:30-15:00; Wed 08:30-15:00; Thu 08:30-15:00; Fri 08:30-15:00; Sat closed; Sun closed,,59.403936,24.732812,https://maps.google.com/?cid=8808275472578965529,ChIJKz3scsOUkkYRGfDawt9HPXo
Batumi,Restaurant,,4.4,159,$$,Open,Kopli tn 99b,11712,Tallinn,+372 660 9000,,Mon 11:00-23:00; Tue 11:00-23:00; Wed 11:00-23:00; Thu 11:00-23:00; Fri 11:00-03:00; Sat 11:00-03:00; Sun 11:00-23:00,,59.460951,24.667926,https://maps.google.com/?cid=14153538116905262588,ChIJtUL8bACTkkYR_N0Wve13a8Q
Sushi24h,Sushi Restaurant,Japanese,4.4,157,$$,Open,Gonsiori tn 2,10140,Tallinn,+372 5885 7772,http://www.sushi24h.ee/,Mon 15:00-03:00; Tue 15:00-03:00; Wed 18:00-06:00; Thu 18:00-06:00; Fri 12:00-06:00; Sat 12:00-06:00; Sun 12:00-03:00,Sushi Restaurant; Cafe; European Restaurant; Japanese Restaurant,59.434990,24.756201,https://maps.google.com/?cid=4313433246637264154,ChIJJfKpwsqTkkYRGo0sLK9k3Ds
Loco Rolls,Restaurant,,4.4,147,$,Open,Viru väljak 4,10111,Tallinn,+372 5594 4421,https://locorolls.ee/,Mon 09:00-21:00; Tue 09:00-21:00; Wed 09:00-21:00; Thu 09:00-21:00; Fri 09:00-22:00; Sat 09:00-22:00; Sun 09:00-20:00,Ice Cream Shop; Dessert Shop; Confectionery; Food Store,59.436515,24.755934,https://maps.google.com/?cid=4575623467297165748,ChIJzztLO4OTkkYRtFEwAk3hfz8
Spice Wagon,Indian Restaurant,Indian,4.4,135,$$,Temporarily closed,Telliskivi tn 62,10412,Tallinn,+372 565 5001,https://www.facebook.com/indiarestoran/,,Indian Restaurant,59.440528,24.730591,https://maps.google.com/?cid=13200727592415021735,ChIJeWFVwX2TkkYRp0qYCs5nMrc
Viru Toidutänav / Viru Foodhall,Restaurant,Japanese,4.4,135,$$,Open,Viru väljak 4,10111,Tallinn,+372 610 1444,http://www.virukeskus.com/toitlustus,Mon 11:00-21:00; Tue 11:00-21:00; Wed 11:00-21:00; Thu 11:00-21:00; Fri 11:00-23:00; Sat 11:00-23:00; Sun 11:00-21:00,Food Court; Asian Fusion Restaurant; Coffee Shop; Asian Restaurant; Sushi Restaurant; Liquor Store; Italian Restaurant; Fusion Restaurant; Cafe; Japanese Restaurant; European Restaurant; Bakery; Food Store,59.436485,24.754911,https://maps.google.com/?cid=15537978077069675950,ChIJHeipiDCTkkYRro2Lw7z8odc
Döner Kebab,Turkish Restaurant,Turkish,4.4,127,$,Open,Aia tn 7,10111,Tallinn,,,Mon closed; Tue 10:00-23:30; Wed 10:00-23:30; Thu 10:00-23:30; Fri 00:00-24:00; Sat 00:00-24:00; Sun 10:00-23:30,Turkish Restaurant,59.438099,24.751030,https://maps.google.com/?cid=12605111308983194287,ChIJ59jB77iTkkYRr9IzZvNZ7q4
NewYork Pizza Ülemiste,Pizza Restaurant,Pizza,4.4,127,$$,Open,Suur-Sõjamäe tn 4,11316,Tallinn,+372 601 0221,http://www.newyorkpizza.ee/,Mon 10:00-22:00; Tue 10:00-22:00; Wed 10:00-22:00; Thu 10:00-22:00; Fri 10:00-22:00; Sat 10:00-22:00; Sun 10:00-22:00,Pizza Restaurant,59.422580,24.793819,https://maps.google.com/?cid=9489305643808180023,ChIJLWRfwl3rkkYRN8dL4DTJsIM
ORU Bistro,Restaurant,Seafood,4.4,123,$$,Open,Narva mnt 120,10127,Tallinn,+372 603 3300,http://oruhotel.ee/,Mon 12:00-22:00; Tue 12:00-22:00; Wed 12:00-22:00; Thu 12:00-22:00; Fri 12:00-22:00; Sat 12:00-22:00; Sun 14:00-20:00,Bistro; Seafood Restaurant,59.443159,24.804749,https://maps.google.com/?cid=13680007498560124693,ChIJa4RwgUuTkkYRFTdbFFcm2b0
Neko Sushi Delivery & Takeaway in Tallinn,Delivery Restaurant,,4.4,117,,Open,J. Kunderi tn 35a,10121,Tallinn,+372 5558 0030,http://www.neko.ee/,Mon 11:00-21:00; Tue 11:00-21:00; Wed 11:00-21:00; Thu 11:00-21:00; Fri 11:00-22:00; Sat 11:00-22:00; Sun 11:00-21:00,Meal Delivery; Food Delivery; Meal Takeaway,59.431003,24.776492,https://maps.google.com/?cid=8989469303085154654,ChIJkb_h8leTkkYRXkGr8bMCwXw
Hawaii Davai,Restaurant,,4.4,112,$$,Open,Tartu mnt 87,11412,Tallinn,+372 5360 0184,https://hawaiidavai.ee/,Mon 11:00-20:00; Tue 11:00-20:00; Wed 11:00-20:00; Thu 11:00-20:00; Fri 11:00-20:00; Sat 12:00-20:00; Sun 12:00-20:00,Fast Food Restaurant; Catering Service; Food Delivery; Service,59.426401,24.783663,https://maps.google.com/?cid=10355472397823688470,ChIJdTJUEaKVkkYRFr-kuUcHto8
Pappa Pizza Tallinn (Mere pst),Pizza Restaurant,Pizza,4.4,98,$$,Open,Mere pst 6,10111,Tallinn,+372 5196 9446,https://www.pappapizza.ee/pizzeria/mere-pst,Mon 11:00-21:00; Tue 11:00-21:00; Wed 11:00-21:00; Thu 11:00-21:00; Fri 11:00-21:30; Sat 11:00-21:30; Sun 11:00-21:00,Pizza Restaurant,59.439332,24.755013,https://maps.google.com/?cid=16261181793172175349,ChIJF11JUgCTkkYR9bkTeq9Sq-E
Brezza Sushi,Sushi Restaurant,Japanese,4.4,96,$$,Open,Põhja pst 17,10414,Tallinn,+372 5819 1492,https://brezzasushi.ee/,Mon 11:00-22:30; Tue 11:00-22:30; Wed 11:00-22:30; Thu 11:00-22:30; Fri 11:00-22:30; Sat 11:00-22:30; Sun 11:00-22:30,Sushi Restaurant; Japanese Restaurant,59.444303,24.742951,https://maps.google.com/?cid=4953503951427404777,ChIJ952VNXuTkkYR6QNTWplhvkQ
Malatang & Hotpot by HAN’s,Asian Restaurant,Asian,4.4,92,$$,Open,Viru väljak 4,10111,Tallinn,+372 503 7448,,Mon 11:00-21:00; Tue 11:00-21:00; Wed 11:00-21:00; Thu 11:00-21:00; Fri 11:00-23:00; Sat 11:00-23:00; Sun 11:00-21:00,Asian Restaurant,59.435809,24.755241,https://maps.google.com/?cid=3260881890769730328,ChIJNREIxjaTkkYRGHvVgc36QC0
Peetri kõrts,Restaurant,,4.4,89,$,Open,Peetri tee 19,75312,Peetri,+372 609 9989,http://korts.tipp24.ee/,Mon 12:00-22:00; Tue 12:00-22:00; Wed 12:00-22:00; Thu 12:00-22:00; Fri 12:00-22:00; Sat 15:00-22:00; Sun closed,,59.395132,24.815125,https://maps.google.com/?cid=3127183426662117982,ChIJ-SQlkxTrkkYRXjKvDcL8ZSs
Soloha Juures,Ukrainian Restaurant,Ukrainian,4.4,82,$,Open,Kopli tn 1-10149,10149,Tallinn,,,Mon 09:00-19:00; Tue 09:00-19:00; Wed 09:00-19:00; Thu 09:00-19:00; Fri 09:00-19:00; Sat 09:00-19:00; Sun 09:00-17:00,Ukrainian Restaurant; Eastern European Restaurant; European Restaurant,59.441160,24.736286,https://maps.google.com/?cid=2529980704256460713,ChIJaX2uJoOTkkYRqYfMzQtMHCM
CERVO Bar,Restaurant,,4.4,73,$$,Open,Toompuiestee 16,10137,Tallinn,+372 5687 8707,,Mon 16:00-23:00; Tue 16:00-23:00; Wed 16:00-23:00; Thu 16:00-23:00; Fri 16:00-23:00; Sat 14:00-23:00; Sun closed,,59.434659,24.733438,https://maps.google.com/?cid=7326956614893767786,ChIJhaA2n9OVkkYRagxxqziUrmU
FERMENT,Restaurant,,4.4,63,$$,Open,Peetri tn 6,10414,Tallinn,,https://ferment.ee/,Mon closed; Tue closed; Wed 15:00-22:00; Thu 15:00-23:30; Fri 15:00-23:30; Sat 15:00-23:30; Sun 13:00-19:00,,59.450695,24.728501,https://maps.google.com/?cid=10726326540519558537,ChIJuen6Zm2TkkYRiU2DeCiR25Q
VLND Burger Vanalinn,Hamburger Restaurant,American,4.4,62,$$,Open,Kullassepa tn 4,10146,Tallinn,+372 5858 3705,https://vlndburger.ee/,Mon 12:00-21:00; Tue 12:00-21:00; Wed 12:00-21:00; Thu 12:00-21:00; Fri 12:00-22:00; Sat 12:00-22:00; Sun 12:00-20:00,Hamburger Restaurant; American Restaurant,59.436520,24.744409,https://maps.google.com/?cid=2625905237727876818,ChIJS-aF9luTkkYR0pabrOYWcSQ
Amijami Sushi Kristiine,Sushi Restaurant,Japanese,4.4,59,$$,Open,"Kristiine EE, Sõpruse pst 30",10615,Tallinn,+372 5650 0541,https://tellimus.amijami.ee/amijami-sushi-kristiine,Mon 11:00-22:00; Tue 11:00-22:00; Wed 11:00-22:00; Thu 11:00-22:00; Fri 11:00-22:00; Sat 11:00-22:00; Sun 11:00-22:00,Sushi Restaurant; Japanese Restaurant,59.421587,24.713922,https://maps.google.com/?cid=7812267159135973878,ChIJ42rKwf-VkkYR9vG_Dpe_amw
Freya Foodbar Ülemiste,Restaurant,,4.4,46,$$,Open,"Ülemiste City, Sepise tn 7",11415,Tallinn,+372 5447 0884,http://www.freyafoodbar.ee/,Mon 11:30-15:00; Tue 11:30-15:00; Wed 11:30-15:00; Thu 11:30-15:00; Fri 11:30-15:00; Sat closed; Sun closed,,59.419043,24.805136,https://maps.google.com/?cid=2853606953983479263,ChIJMZqaU4TrkkYR3w3F1GcMmic
HalaLish Hermanni,Takeout Restaurant,,4.4,40,$$,Temporarily closed,K. A. Hermanni tänav 2,10121,Tallinn,+372 5835 7478,,,Meal Takeaway,59.429521,24.774623,https://maps.google.com/?cid=8704385244138795569,ChIJyWotmKGVkkYRMXILAUMwzHg
Anime Sushi,Asian Restaurant,Asian,4.4,28,$$,Open,Telliskivi tn 62,10412,Tallinn,+372 5801 3333,,Mon 10:30-22:30; Tue 10:30-22:30; Wed 10:30-22:30; Thu 10:30-22:30; Fri 10:30-22:30; Sat 10:30-22:30; Sun 10:30-22:30,Asian Restaurant,59.440524,24.730601,https://maps.google.com/?cid=7032690209413144452,ChIJcyCdM5aTkkYRhB9wE3wimWE
Scotland Yard Pub,Gastropub,,4.3,3396,$$,Open,Mere pst 6,10111,Tallinn,+372 653 5190,http://www.scotlandyard.ee/,Mon 12:00-23:00; Tue 12:00-23:00; Wed 12:00-23:00; Thu 12:00-00:00; Fri 12:00-02:00; Sat 12:00-02:00; Sun 12:00-23:00,Gastropub; Live Music Venue; Bar; Event Venue,59.439176,24.754290,https://maps.google.com/?cid=16083045074801200898,ChIJQ6ReJGGTkkYRAg8frkh0Mt8
Mere Resto,Restaurant,Japanese,4.3,2567,$$,Open,Mere pst 4,10111,Tallinn,+372 889 8888,https://www.mereresto.ee/,Mon 12:00-23:00; Tue 13:00-23:00; Wed 13:00-00:00; Thu 12:00-00:00; Fri 12:00-02:00; Sat 13:00-02:00; Sun 13:00-23:00,Sushi Restaurant; Hookah Bar; Japanese Restaurant,59.438235,24.754248,https://maps.google.com/?cid=15466044859720121948,ChIJQ_3V4mCTkkYRXL7fd9ttotY
Beer Garden,Pub,,4.3,2350,$$,Open,Inseneri tn 1,10111,Tallinn,+372 688 0013,http://www.beergarden.ee/,Mon 12:00-23:00; Tue 12:00-23:00; Wed 12:00-23:00; Thu 12:00-23:00; Fri 12:00-02:00; Sat 12:00-02:00; Sun 12:00-23:00,Pub; Sports Bar; Beer Garden; Bar,59.438226,24.751933,https://maps.google.com/?cid=3993277293288422072,ChIJzVJGDGGTkkYRuPoWfIr4ajc
Goodwin The Steak House,Steak House,Steakhouse,4.3,2089,$$$,Open,Viru 22,10140,Tallinn,+372 661 5518,http://www.steak.ee/,Mon 12:00-23:00; Tue 12:00-23:00; Wed 12:00-23:00; Thu 12:00-23:00; Fri 12:00-23:00; Sat 12:00-23:00; Sun 12:00-23:00,Steak House,59.436540,24.749178,https://maps.google.com/?cid=1775681935726889674,ChIJ33bQlGGTkkYRykoUBVB9pBg
Meat&Wine Steak House Tallinn,Steak House,Steakhouse,4.3,1659,$$,Open,Väike-Karja tn 1,10140,Tallinn,+372 5650 7212,http://www.meatwine.ee/,Mon 12:00-23:00; Tue 12:00-23:00; Wed 12:00-23:00; Thu 12:00-23:00; Fri 12:00-00:00; Sat 12:00-00:00; Sun 12:00-23:00,Steak House,59.436058,24.746654,https://maps.google.com/?cid=15096085043681263371,ChIJ93om-WGTkkYRC3-1X10RgNE
Platz Restoran,Restaurant,,4.3,1556,$$,Open,"Laudsepatöökoda, Roseni tn 7",10111,Tallinn,+372 664 5086,https://www.platz.ee/,Mon 11:30-22:00; Tue 11:30-22:00; Wed 11:30-22:00; Thu 11:30-22:00; Fri 11:30-23:00; Sat 11:30-23:00; Sun 12:00-21:00,,59.438571,24.755465,https://maps.google.com/?cid=4871058541630774314,ChIJwdXT3WCTkkYRKtwIhu95mUM
LIDO Mustamäe OÜ,Restaurant,,4.3,1418,$$,Temporarily closed,A. H. Tammsaare tee 104a,12918,Tallinn,+372 660 9933,http://www.lido.ee/,,,59.408682,24.687887,https://maps.google.com/?cid=5197405615900364590,ChIJ4dCutPmUkkYRLo9c4d7kIEg
Sõpruse kohvik,Restaurant,,4.3,1325,$$,Open,Sõpruse pst 195,13415,Tallinn,+372 672 0990,https://sopruskohvik.ee/,Mon 11:00-23:00; Tue 11:00-23:00; Wed 11:00-23:00; Thu 11:00-23:00; Fri 11:00-00:00; Sat 11:00-00:00; Sun 11:00-23:00,,59.402401,24.698803,https://maps.google.com/?cid=4803386886823125167,ChIJfcHTVfuUkkYRr6Dck-wOqUI
Al Mare Grill,Barbecue Restaurant,Barbecue,4.3,1259,$$,Open,Mõisa tn 4,13522,Tallinn,+372 615 4107,http://www.almarefood.ee/grill/,Mon 11:00-22:00; Tue 11:00-22:00; Wed 11:00-22:00; Thu 11:00-22:00; Fri 11:00-23:00; Sat 11:00-23:00; Sun 11:00-22:00,Barbecue Restaurant,59.427160,24.655612,https://maps.google.com/?cid=1745403257815753870,ChIJdZlDjz-UkkYRjuTq8wPrOBg
Sardiinia Resto & Lounge,Restaurant,Mediterranean,4.3,1246,$$,Open,Masti tn 17-Hoone 2,11911,Tallinn,+372 660 6960,https://sardiinia.ee/,Mon closed; Tue 16:00-21:00; Wed 16:00-21:00; Thu 16:00-22:00; Fri 16:00-22:00; Sat 12:00-22:00; Sun 12:00-21:00,Wine Bar; Cocktail Bar; Mediterranean Restaurant; Lounge Bar; Seafood Restaurant; Night Club; Live Music Venue; Bar; Event Venue,59.467044,24.826976,https://maps.google.com/?cid=3082724326033049932,ChIJC6KCFiqTkkYRTMmnCXEJyCo
Restaurant Kaerajaan,Restaurant,,4.3,958,$$,Open,Raekoja plats 17,10146,Tallinn,+372 615 5400,https://www.kaerajaan.ee/,Mon 12:00-23:00; Tue 12:00-23:00; Wed 12:00-23:00; Thu 12:00-23:00; Fri 12:00-00:00; Sat 12:00-00:00; Sun 12:00-23:00,,59.437163,24.745797,https://maps.google.com/?cid=15451470974605703138,ChIJHaa7F2KTkkYR4rehavymbtY
Boba Koda,Tea House,,4.3,742,,Open,Müürivahe 21,10140,Tallinn,+372 5911 8878,https://www.instagram.com/bobakoda/,Mon 12:00-19:00; Tue 12:00-19:00; Wed 12:00-19:00; Thu 12:00-19:00; Fri 12:00-19:00; Sat 12:00-19:00; Sun 12:00-19:00,Tea Store; Coffee Shop; Dessert Shop; Cafe; Meal Takeaway; Tea House; Confectionery; Food Store,59.435902,24.748620,https://maps.google.com/?cid=16976035156130786625,ChIJ2X6C5XeTkkYRQe23Fwj-lus
Kennedy’s Tallinn,Restaurant,European,4.3,734,$$,Open,Pikk tn 13,10123,Tallinn,+372 512 1903,,Mon 12:00-00:00; Tue 12:00-00:00; Wed 12:00-00:00; Thu 12:00-01:00; Fri 12:00-02:00; Sat 11:00-02:00; Sun 11:00-00:00,Irish Pub; Pub; European Restaurant; Live Music Venue; Event Venue; Bar,59.438111,24.744780,https://maps.google.com/?cid=17294113850480986847,ChIJt_r024KTkkYR3woVO-sIAfA
Loulou,Breakfast Restaurant,,4.3,729,$$,Open,Laeva tn 1,10111,Tallinn,+372 552 7799,https://www.loulou.ee/,Mon 07:30-16:00; Tue 07:30-16:00; Wed 07:30-16:00; Thu 07:30-16:00; Fri 07:30-16:00; Sat 08:00-16:00; Sun 08:00-16:00,Breakfast Restaurant,59.441481,24.756779,https://maps.google.com/?cid=10521969032425355056,ChIJ94ZuP-2TkkYRMLdfUxaLBZI
AMPS Järve,Bistro,Pizza,4.3,698,$,Open,"Pärnu maantee, Järve Keskus 238",11624,Tallinn,+372 667 3682,https://amps.ee/jarve/,Mon 08:30-21:00; Tue 08:30-21:00; Wed 08:30-21:00; Thu 08:30-21:00; Fri 08:30-21:00; Sat 09:00-21:00; Sun 09:00-20:00,Bistro; Coffee Shop; Pizza Restaurant; Cafe; Food Store,59.393391,24.720241,https://maps.google.com/?cid=17787579944197357425,ChIJo24XX9-UkkYRcf--c7ct2vY
Kebab House (حلال),Kebab Shop,Middle Eastern,4.3,634,$,Open,Gonsiori tn 12,10117,Tallinn,+372 653 1952,https://www.facebook.com/KebabHousetallinn/,Mon 12:00-23:00; Tue 12:00-23:00; Wed 12:00-23:00; Thu 12:00-23:00; Fri 12:00-23:00; Sat 12:00-23:00; Sun 12:10-22:00,Kebab Shop,59.434731,24.762558,https://maps.google.com/?cid=7414272558321417833,ChIJO9seBl-TkkYRab6s-pvJ5GY
Shaurma Kebab Telliskivi,Turkish Restaurant,Middle Eastern,4.3,606,$,Open,Telliskivi tn 60,10149,Tallinn,+372 5846 0030,https://shaurmakebab.ee/et,Mon 10:30-22:30; Tue 10:30-22:30; Wed 10:30-22:30; Thu 10:30-00:30; Fri 10:30-06:00; Sat 10:30-06:00; Sun 10:30-22:30,Turkish Restaurant; Fast Food Restaurant; Middle Eastern Restaurant,59.440530,24.730218,https://maps.google.com/?cid=6473453126543929673,ChIJZS0Pwn2TkkYRSfHKHVJT1lk
Peetri Pizza,Takeout Restaurant,,4.3,600,$$,Open,Pirita tee 26,12011,Tallinn,+372 639 3285,http://www.peetripizza.ee/,Mon 10:00-23:00; Tue 10:00-23:00; Wed 10:00-23:00; Thu 10:00-23:00; Fri 10:00-01:00; Sat 10:00-01:00; Sun 10:00-23:00,Meal Takeaway,59.448494,24.804989,https://maps.google.com/?cid=16184764569185499326,ChIJI8M9ADaTkkYRvjihB6DVm-A
5Senses Tallinn,Cafe,,4.3,589,$$,Open,Pikk tn 47,10133,Tallinn,+372 514 6401,,Mon 09:00-17:00; Tue 09:00-15:00; Wed 09:00-15:00; Thu 09:00-15:00; Fri 09:00-15:00; Sat 09:00-15:00; Sun 09:00-15:00,Cafe; Bistro,59.439909,24.747084,https://maps.google.com/?cid=7404329625443044447,ChIJF80kR-qTkkYRXwxvhJB2wWY
Kinza,Bar & Grill,,4.3,551,$$,Open,Peterburi tee 81A,11415,Tallinn,+372 5565 0222,,Mon 10:00-21:00; Tue 10:00-21:00; Wed 10:00-21:00; Thu 10:00-21:00; Fri 10:00-21:00; Sat 10:00-21:00; Sun 10:00-21:00,Bar And Grill; Bar,59.432958,24.855530,https://maps.google.com/?cid=3233100287804696221,ChIJyRIOnZbskkYRnebPAZVH3iw
HAN's Restoran,Chinese Restaurant,Chinese,4.3,535,$$,Open,A. Lauteri tn 5,10114,Tallinn,+372 5687 6979,http://www.hansresto.ee/,Mon 12:00-21:30; Tue 12:00-21:30; Wed 12:00-21:30; Thu 12:00-21:30; Fri 12:00-22:00; Sat 12:30-22:00; Sun 12:30-21:30,Chinese Restaurant; Asian Restaurant,59.431472,24.757719,https://maps.google.com/?cid=2144117140722026017,ChIJ24B18LmVkkYRIQaQ8S1vwR0
Peetri Pizza,Pizza Restaurant,Pizza,4.3,514,$$,Open,Liivalaia tn 17,10118,Tallinn,+372 551 8254,http://www.peetripizza.ee/,Mon 11:00-23:00; Tue 11:00-23:00; Wed 11:00-23:00; Thu 11:00-23:00; Fri 11:00-02:00; Sat 11:00-02:00; Sun 16:00-22:00,Pizza Restaurant,59.428623,24.750559,https://maps.google.com/?cid=10288910509579726201,ChIJyWfPA6KUkkYReW1IcZiNyY4
Nuudel Telliskivi,Asian Restaurant,Thai,4.3,504,$$,Open,Telliskivi tn 15,10611,Tallinn,+372 655 5059,,Mon 11:00-22:00; Tue 11:00-22:00; Wed 11:00-22:00; Thu 11:00-22:00; Fri 11:00-23:00; Sat 11:00-23:00; Sun 11:00-20:00,Asian Restaurant; Thai Restaurant,59.435027,24.718993,https://maps.google.com/?cid=13046173810326679543,ChIJy1ZzUHOVkkYR96-GevVRDbU
Faeton Restaurant,Restaurant,,4.3,495,$$,Open,"Köleri 2, J. Köleri tn 2",10150,Tallinn,+372 687 2125,http://faetonrestaurant.ee/,Mon 12:00-23:00; Tue 12:00-23:00; Wed 12:00-23:00; Thu 12:00-23:00; Fri 12:00-23:00; Sat 12:00-23:00; Sun 12:00-23:00,Meal Takeaway,59.438499,24.775240,https://maps.google.com/?cid=8213392763101013361,ChIJK6-wrVuTkkYRcWVmnTPV-3E
Hop&Hen,Bar,,4.3,458,$$,Open,"Viru Keskus Food Hall, Viru väljak 4-6",10111,Tallinn,+372 5858 8525,https://www.hopandhen.co/,Mon 11:00-21:00; Tue 11:00-21:00; Wed 11:00-21:00; Thu 11:00-21:00; Fri 11:00-23:00; Sat 11:00-23:00; Sun 11:00-21:00,Bar,59.436254,24.754890,https://maps.google.com/?cid=4641555388369663728,ChIJo9sxkvGTkkYR8PYSoQgeakA
Pizza Wabrik Tööstuse,Pizza Restaurant,Pizza,4.3,393,$$,Open,Tööstuse tn 47-a,10416,Tallinn,+372 5300 7272,http://www.pizzawabrik.ee/,Mon 11:00-22:00; Tue 11:00-22:00; Wed 11:00-22:00; Thu 11:00-22:00; Fri 11:00-22:00; Sat 11:00-22:00; Sun 11:00-22:00,Pizza Restaurant,59.448108,24.727416,https://maps.google.com/?cid=14923803234111592428,ChIJrf1q8niTkkYR7BcMw_j_G88
La Cucina Restaurant and Pizzeria Napoletana,Italian Restaurant,Italian,4.3,374,$$,Open,Endla tn 23,10122,Tallinn,+372 666 4817,https://www.lacucina.ee/,Mon 11:30-22:00; Tue 11:30-22:00; Wed 11:30-22:00; Thu 11:30-22:00; Fri 11:30-23:00; Sat 15:00-23:00; Sun 15:00-22:00,Italian Restaurant; Meal Takeaway; Pizza Restaurant; European Restaurant,59.428883,24.732542,https://maps.google.com/?cid=8075652163680817148,ChIJs2xXp3CVkkYR_E_PMdt6EnA
Baojaam,Taiwanese Restaurant,Taiwanese,4.3,347,$$,Open,Kopli tn 1,10412,Tallinn,+372 5649 9908,https://baojaam.ee/,"Mon 11:00-15:30, 16:00-20:00; Tue 11:00-15:30, 16:00-20:00; Wed 11:00-15:30, 16:00-20:00; Thu 11:00-15:30, 16:00-20:00; Fri 11:00-15:30, 16:00-20:00; Sat 11:00-15:30, 16:00-20:00; Sun 11:00-15:30, 16:00-18:00",Taiwanese Restaurant,59.440959,24.735634,https://maps.google.com/?cid=2382679760399656399,ChIJa5i14nyTkkYRz2UiPJ76ECE
Shaurma Kebab Viru,Turkish Restaurant,Middle Eastern,4.3,339,$,Open,Viru väljak 6,10153,Tallinn,+372 5821 8888,https://shaurmakebab.ee/et,Mon 10:00-22:00; Tue 10:00-22:00; Wed 10:00-22:00; Thu 10:00-22:00; Fri 10:00-22:00; Sat 10:00-22:00; Sun 10:00-22:00,Turkish Restaurant; Fast Food Restaurant; Middle Eastern Restaurant,59.436724,24.757100,https://maps.google.com/?cid=16190658772761104778,ChIJr9hkhzeTkkYRitH8PV_GsOA
Grillbaas OÜ,Restaurant,,4.3,335,$,Open,Ehitajate tee 112,13517,Tallinn,+372 5757 0033,https://www.facebook.com/grillbaas/,Mon 10:00-20:00; Tue 10:00-20:00; Wed 10:00-20:00; Thu 10:00-20:00; Fri 10:00-20:00; Sat 11:00-20:00; Sun closed,,59.413041,24.662254,https://maps.google.com/?cid=24452868450056404,ChIJD4VVyk-UkkYR1Hi0GcHfVgA
Restaurant Da Rocco,Restaurant,,4.3,292,$$$,Open,Lai 6,10133,Tallinn,+372 5627 1177,https://www.darocco.ee/,Mon closed; Tue 17:00-23:00; Wed 17:00-23:00; Thu 17:00-23:00; Fri 17:00-23:00; Sat 17:00-23:00; Sun 17:00-23:00,,59.438203,24.743733,https://maps.google.com/?cid=5783180073900482958,ChIJTxiVW2KTkkYRjqH0-KL7QVA
La Cucina di Orm Oja,Restaurant,,4.3,276,$$$$,Open,Vene tn 4,10140,Tallinn,+372 524 4119,http://www.lacucinadiorm.ee/,Mon 17:00-00:00; Tue 17:00-00:00; Wed 17:00-00:00; Thu 17:00-00:00; Fri 17:00-00:00; Sat 15:00-00:00; Sun closed,,59.437155,24.746814,https://maps.google.com/?cid=6336162578678526343,ChIJqRwW3nyTkkYRh7FBfUuS7lc
Wine Library Tallinn,Restaurant,,4.3,272,$$,Open,Raekoja plats 8,10146,Tallinn,+372 5919 7202,http://www.winelibrary.ee/,Mon 10:00-23:00; Tue 10:00-23:00; Wed 10:00-23:00; Thu 10:00-23:00; Fri 10:00-23:00; Sat 10:00-23:00; Sun 10:00-23:00,Wine Bar; Bar,59.437712,24.744930,https://maps.google.com/?cid=10170648300236709836,ChIJRcalQWKTkkYRzB8KH75mJY0
Restoran Senso,Restaurant,,4.3,265,$$,Open,"Radisson Blu Hotel Olumpia, Liivalaia tn 33",10118,Tallinn,+372 631 5870,http://www.restoransenso.ee/,"Mon 06:30-10:30, 12:00-23:00; Tue 06:30-10:30, 12:00-23:00; Wed 06:30-10:30, 12:00-23:00; Thu 06:30-10:30, 12:00-23:00; Fri 06:30-10:30, 12:00-01:00; Sat 07:00-11:00, 12:00-01:00; Sun 07:00-01:00",,59.429926,24.757353,https://maps.google.com/?cid=432211625000551763,ChIJP4EnAKGUkkYRU8Xz1y6G_wU
Salvador Steakhouse,Steak House,Steakhouse,4.3,265,,Temporarily closed,Viru 3,10140,Tallinn,+372 5360 6316,,,Steak House,59.436973,24.747291,https://maps.google.com/?cid=9068441326312137571,ChIJFfM49WGTkkYRY6NO8VaT2X0
Unibet Sports Bar Tallinn,Sports Bar,,4.3,264,$$,Open,Vana-Viru tn 13,10148,Tallinn,+372 5917 6767,https://www.unibetsportsbar.com/,Mon closed; Tue 14:00-01:00; Wed 14:00-01:00; Thu 14:00-01:00; Fri 14:00-01:00; Sat 12:00-01:00; Sun 12:00-01:00,Sports Bar; Bar,59.437506,24.751926,https://maps.google.com/?cid=15833684469471997004,ChIJOTAgEaSTkkYRTGx_cCKMvNs
Pizzanaut,Restaurant,,4.3,237,$$,Temporarily closed,Roseni tn 13-10111,10111,Tallinn,+372 5450 5040,https://www.pizzanaut.ee/,,,59.439705,24.754813,https://maps.google.com/?cid=17618842247402128573,ChIJ1fk1KWGTkkYRvYQM5qyzgvQ
Allee Restoran,Restaurant,,4.3,196,$$,Open,Kanuti tn 2,10111,Tallinn,+372 649 3333,https://www.alleerestoran.ee/,Mon 12:00-22:00; Tue 12:00-22:00; Wed 12:00-22:00; Thu 12:00-22:00; Fri 12:00-23:00; Sat 12:00-23:00; Sun 12:00-22:00,,59.440049,24.751544,https://maps.google.com/?cid=15041160664206528531,ChIJoxGiW2GTkkYRE9Cbv-7vvNA
Lido Rotermanni,Restaurant,,4.3,184,$$,Open,Rotermanni tn 3,10151,Tallinn,+372 5300 7167,https://lido.ee/,Mon 11:00-21:00; Tue 11:00-21:00; Wed 11:00-21:00; Thu 11:00-21:00; Fri 11:00-21:00; Sat 11:00-21:00; Sun 11:00-21:00,,59.438419,24.755998,https://maps.google.com/?cid=13976646201769379406,ChIJMXhyKACTkkYRTsbGR6sF98E
Poké Bowl Mustamäe Keskus,Fast Food Restaurant,Hawaiian,4.3,183,$$,Open,A. H. Tammsaare tee 104a,12918,Tallinn,+372 5624 9111,https://pokebowl.ee/,Mon 11:00-22:00; Tue 11:00-22:00; Wed 11:00-22:00; Thu 11:00-22:00; Fri 11:00-22:00; Sat 11:00-22:00; Sun 11:00-22:00,Fast Food Restaurant; Hawaiian Restaurant; American Restaurant,59.408598,24.688860,https://maps.google.com/?cid=15500530812985907220,ChIJc9JaEEOVkkYRFJgFKqbyHNc
Ruddy Baar,Bar,,4.3,176,$$,Open,Sauna tn 1,10140,Tallinn,+372 5829 2238,https://ruddybaar.ee/,Mon 20:00-06:00; Tue 20:00-02:00; Wed 19:00-02:00; Thu 19:00-02:00; Fri 19:00-05:00; Sat 19:00-05:00; Sun 20:00-06:00,Bar; Lounge Bar; Cocktail Bar; Night Club,59.435947,24.747659,https://maps.google.com/?cid=14713472038528280461,ChIJQUDH-PuTkkYRjeceHd3AMMw
O'Sushi,Takeout Restaurant,Japanese,4.3,172,$$,Open,Punane tn 56,13619,Tallinn,+372 5855 6778,http://osushi.ee/,Mon 10:00-22:00; Tue 10:00-22:00; Wed 10:00-22:00; Thu 10:00-22:00; Fri 10:00-22:00; Sat 10:00-22:00; Sun 10:00-22:00,Meal Takeaway; Sushi Restaurant; Japanese Restaurant; Lodging,59.436022,24.847197,https://maps.google.com/?cid=4098042878972812998,ChIJ3xbdOb7skkYRxl5-O0ks3zg
LAVAZ,Fast Food Restaurant,,4.3,164,$,Open,Pae tn 68,13620,Tallinn,+372 5191 6464,https://lavaz.ee/ru/menu,Mon 12:00-22:00; Tue 12:00-22:00; Wed 12:00-22:00; Thu 12:00-22:00; Fri 12:00-22:00; Sat 12:00-22:00; Sun 12:00-22:00,Fast Food Restaurant,59.435502,24.820800,https://maps.google.com/?cid=11239710911769486126,ChIJr9It24jtkkYRLiMaEoZ5-5s
LaMemme Pizza&Pasta,Italian Restaurant,Italian,4.3,162,$$,Open,Ehitajate tee 114a,13517,Tallinn,,https://lamemme.eu/,Mon 11:30-22:00; Tue 11:30-22:00; Wed 11:30-22:00; Thu 11:30-22:00; Fri 11:30-22:00; Sat 11:30-22:00; Sun 11:30-22:00,Italian Restaurant; European Restaurant,59.414148,24.660453,https://maps.google.com/?cid=4228103206729994965,ChIJRSOhPgCVkkYR1dLUDnc9rTo
Nomade Restaurant,Brunch Restaurant,,4.3,122,$$,Open,Ahtri,10151,Tallinn,+372 510 6530,https://nomade.ee/en/,Mon 08:30-22:00; Tue 08:30-22:00; Wed 08:30-22:00; Thu 08:30-22:00; Fri 08:30-23:00; Sat 10:00-23:00; Sun 10:00-20:00,Brunch Restaurant; Cocktail Bar; Breakfast Restaurant; Bar,59.440073,24.757188,https://maps.google.com/?cid=8418516619298856462,ChIJ67n7HwCTkkYRDt4HFUOU1HQ
Burger Kitchen Sikupilli,Restaurant,,4.3,92,$$,Open,Tartu mnt 87,11412,Tallinn,+372 520 9380,https://burgerkitchen.ee/,Mon 11:00-20:00; Tue 11:00-20:00; Wed 11:00-20:00; Thu 11:00-20:00; Fri 11:00-20:00; Sat 12:00-20:00; Sun 12:00-20:00,Fast Food Restaurant; Catering Service; Food Delivery; Service,59.426489,24.783195,https://maps.google.com/?cid=4714416693530173384,ChIJaf1GQ6CVkkYRyJ8JNQH5bEE
Bill The Butcher,Fast Food Restaurant,,4.3,90,$$,Open,Kopli tn 1,10412,Tallinn,+372 5565 3252,https://www.lesmentbros.com/bill-the-butcher,Mon 11:00-20:00; Tue 11:00-20:00; Wed 11:00-20:00; Thu 11:00-20:00; Fri 11:00-20:00; Sat 11:00-20:00; Sun 11:00-18:00,Fast Food Restaurant,59.441167,24.734957,https://maps.google.com/?cid=4547637165490371620,ChIJMUKmaACTkkYRJPxqWOhzHD8
Fredo Öpik,Restaurant,,4.3,90,$,Open,"Öpiku maja, Ülemiste City, Valukoja tn 8",11415,Tallinn,+372 5354 1564,https://fredo.ee/opik,Mon 07:30-16:00; Tue 07:30-16:00; Wed 07:30-16:00; Thu 07:30-16:00; Fri 07:30-16:00; Sat closed; Sun closed,,59.420083,24.804786,https://maps.google.com/?cid=13708929959950887966,ChIJq6orjgXrkkYRHiyVYSrnP74
Café Opera,Restaurant,,4.3,74,,Open,Pärnu mnt. 3,10148,Tallinn,+372 602 2122,https://www.facebook.com/cafeoperatallinn,Mon 12:00-22:00; Tue 12:00-22:00; Wed 12:00-22:00; Thu 12:00-22:00; Fri 12:00-22:00; Sat 12:00-22:00; Sun 12:00-22:00,,59.435680,24.751252,https://maps.google.com/?cid=8587656645332464976,ChIJ593rBUSTkkYRUHUQNjh8LXc
Puente Tallinn,Restaurant,,4.3,64,$$,Open,Vesilennuki tn 80,10415,Tallinn,+372 554 5532,,Mon 12:00-23:00; Tue 12:00-23:00; Wed 12:00-23:00; Thu 12:00-23:00; Fri 12:00-00:00; Sat 12:00-00:00; Sun 12:00-23:00,,59.452491,24.731794,https://maps.google.com/?cid=3775031625905495660,ChIJPV7Vwm6TkkYRbF72RUObYzQ
KAUSS Balti Jaam,Hawaiian Restaurant,Hawaiian,4.3,46,$$,Open,Kopli tn 1,10149,Tallinn,+372 501 9450,https://www.facebook.com/KAUSSpoke/,Mon 10:00-19:00; Tue 10:00-19:00; Wed 10:00-19:00; Thu 10:00-19:00; Fri 10:00-19:00; Sat 10:00-19:00; Sun 10:00-17:00,Hawaiian Restaurant; American Restaurant,59.441046,24.736253,https://maps.google.com/?cid=14122621391572261293,ChIJpfzCmjqTkkYRrVn_rVSh_cM
Raasiku Õlletehas Esinduspood & Resto Mustamäe Keskus,Bar,,4.3,46,$$,Open,A. H. Tammsaare tee 104a,12918,Tallinn,+372 5303 0273,https://www.raasiku-olletehas.ee/,Mon 11:00-21:00; Tue 11:00-21:00; Wed 11:00-21:00; Thu 11:00-21:00; Fri 11:00-22:00; Sat 11:00-22:00; Sun 11:00-21:00,Bar; Liquor Store,59.408376,24.689866,https://maps.google.com/?cid=17381093321156160699,ChIJjbhRMwCVkkYRu2xtX0kMNvE
Rahva Toit Roosikrantsi,Brunch Restaurant,,4.3,40,$,Open,Roosikrantsi tn 2,10119,Tallinn,+372 611 0556,http://rahvatoit.ee/,Mon 08:00-15:30; Tue 08:00-15:30; Wed 08:00-15:30; Thu 08:00-15:30; Fri 08:00-15:30; Sat closed; Sun closed,Brunch Restaurant,59.432350,24.742977,https://maps.google.com/?cid=9731741830108552165,ChIJE86NnJ6UkkYR5RtuLaIXDoc
Kebaboom Narva maantee,Kebab Shop,Middle Eastern,4.3,39,$,Open,Tallinn,10120,Tallinn,+372 5609 5858,https://kebaboom.ee/,Mon 11:00-23:00; Tue 11:00-23:00; Wed 11:00-23:00; Thu 11:00-23:00; Fri 11:00-02:00; Sat 11:00-02:00; Sun 11:00-23:00,Kebab Shop,59.438101,24.768006,https://maps.google.com/?cid=14599219040407487571,ChIJiZkmXQCTkkYRU4SbBV7Ymso
Plus Kohvik Pärnu mnt. 113,Buffet Restaurant,,4.3,36,$,Open,Pärnu mnt. 113,11312,Tallinn,+372 5592 1130,https://pluskohvikud.ee/listing/buroo-113-arihoones/,Mon 08:30-16:00; Tue 08:30-16:00; Wed 08:30-16:00; Thu 08:30-16:00; Fri 08:30-16:00; Sat closed; Sun closed,Buffet Restaurant; Coffee Shop; Cafe; Food Store,59.415676,24.740498,https://maps.google.com/?cid=7740837867195649990,ChIJhRXf_nyVkkYRxs8WCgf7bGs
"Kohvik ""Tass""",Restaurant,,4.3,30,,Temporarily closed,Mustamäe tee 59,11111,Tallinn,+372 520 0312,,,,59.418247,24.696102,https://maps.google.com/?cid=15807039040490729311,ChIJ8-8kCvWUkkYRX28uD0LiXds
Smash Head Burger Solaris,Hamburger Restaurant,American,4.3,30,$,Open,Estonia pst 9,10143,Tallinn,,,Mon 11:00-21:00; Tue 11:00-21:00; Wed 11:00-21:00; Thu 11:00-21:00; Fri 11:00-21:00; Sat 11:00-21:00; Sun 11:00-18:00,Hamburger Restaurant; American Restaurant,59.433680,24.750942,https://maps.google.com/?cid=18188024688148237390,ChIJxTDQSACVkkYRTkwc7xbYaPw
Vapiano Hobujaama,Italian Restaurant,Italian,4.2,4836,$$,Open,Hobujaama tn 10,10151,Tallinn,+372 5881 7525,https://vapiano.ee/,Mon 11:00-22:00; Tue 11:00-22:00; Wed 11:00-22:00; Thu 11:00-22:00; Fri 11:00-23:00; Sat 11:00-23:00; Sun 11:00-22:00,Italian Restaurant; Pizza Restaurant; European Restaurant,59.438686,24.758865,https://maps.google.com/?cid=6201838916080298954,ChIJO4xKt2CTkkYRyusoq6JbEVY
McDonald's Ülemiste,Fast Food Restaurant,American,4.2,3636,$,Open,Suur-Sõjamäe tn 4,11415,Tallinn,+372 5561 7417,https://www.mcdonalds.ee/,Mon 08:00-22:00; Tue 08:00-22:00; Wed 08:00-22:00; Thu 08:00-22:00; Fri 08:00-22:00; Sat 08:00-22:00; Sun 08:00-22:00,Fast Food Restaurant; Family Restaurant; Hamburger Restaurant; American Restaurant,59.422682,24.794008,https://maps.google.com/?cid=144505797978601011,ChIJGXot9lTrkkYRM7Z_9EFjAQI
Vapiano Solaris,Italian Restaurant,Italian,4.2,2560,$$,Open,Estonia pst 9,10143,Tallinn,+372 5193 0993,https://vapiano.ee/,Mon 11:00-22:00; Tue 11:00-22:00; Wed 11:00-22:00; Thu 11:00-23:00; Fri 11:00-23:00; Sat 11:00-23:00; Sun 11:00-22:00,Italian Restaurant; European Restaurant,59.433742,24.751126,https://maps.google.com/?cid=3452848880701285978,ChIJAyCX6p-UkkYRWiZOVcP76i8
St. Patrick's Birgitta Supluse pst,Restaurant,,4.2,2292,$$,Open,Supluse pst 1,11911,Tallinn,+372 699 8077,http://patricks.ee/,Mon 11:00-23:00; Tue 11:00-23:00; Wed 11:00-23:00; Thu 11:00-23:00; Fri 11:00-00:00; Sat 11:00-00:00; Sun 11:00-23:00,,59.471926,24.831570,https://maps.google.com/?cid=12725457482916926072,ChIJ25m_nSqTkkYReJKZiSjombA
Irish Pub Mad Murphy's,Irish Pub,European,4.2,2267,$$,Open,Mündi tn 2,10146,Tallinn,+372 601 1070,https://facebook.com/MadMurphysIrishBar/,Mon 12:00-02:00; Tue 12:00-02:00; Wed 12:00-02:00; Thu 12:00-02:00; Fri 12:00-03:00; Sat 12:00-03:00; Sun 12:00-03:00,Irish Pub; Pub; Bar; European Restaurant,59.437712,24.745230,https://maps.google.com/?cid=10184543997148565251,ChIJBVdeP2KTkkYRA49gLc7EVo0
"St. Patrick's, Foorum",Restaurant,,4.2,2028,$$,Open,Narva mnt 5,10117,Tallinn,+372 664 0443,http://www.patricks.ee/,Mon 10:00-23:30; Tue 10:00-23:30; Wed 10:00-23:30; Thu 10:00-23:30; Fri 10:00-02:00; Sat 10:00-02:00; Sun 10:00-23:30,Bar And Grill; Pub; Bar,59.437471,24.758571,https://maps.google.com/?cid=9738706165984538957,ChIJQxu-pGCTkkYRTTFq-6jVJoc
Pulcinella Itaalia Restoran Pizzeria,Italian Restaurant,Italian,4.2,1739,$$,Open,Suur-Karja tn 2,10140,Tallinn,+372 5622 9691,http://www.pulcinella.ee/,Mon 13:00-21:30; Tue 13:00-21:30; Wed 13:00-21:30; Thu 13:00-21:30; Fri 13:00-22:00; Sat 13:00-22:00; Sun 13:00-21:30,Italian Restaurant; Steak House; Pizza Restaurant; Cafe; European Restaurant,59.436346,24.745988,https://maps.google.com/?cid=8358998147614534595,ChIJX9r_AmKTkkYRw2u2AocgAXQ
Restaurant Troika,Restaurant,,4.2,1678,$$,Open,Raekoja plats 15,10146,Tallinn,+372 5333 8555,https://troika.ee/,Mon 12:00-23:00; Tue 12:00-23:00; Wed 12:00-23:00; Thu 12:00-23:00; Fri 12:00-23:00; Sat 12:00-23:00; Sun 12:00-23:00,,59.437362,24.745924,https://maps.google.com/?cid=1991557865045286634,ChIJ2cprPWKTkkYR6t6ol1Nvoxs
Staap,Fast Food Restaurant,,4.2,1651,$,Open,Nõmme tee 34,13425,Tallinn,+372 655 2516,http://www.staabiburger.ee/,Mon 00:00-24:00; Tue 00:00-24:00; Wed 00:00-24:00; Thu 00:00-24:00; Fri 00:00-24:00; Sat 00:00-24:00; Sun 00:00-24:00,Fast Food Restaurant,59.417494,24.720439,https://maps.google.com/?cid=5405041216196186984,ChIJUcSI25KUkkYRaBO4V1mQAks
Osman,Turkish Restaurant,Turkish,4.2,1443,$$,Open,A. H. Tammsaare tee 99c,12918,Tallinn,+372 5858 9495,http://www.osmangrill.ee/,Mon 11:00-00:00; Tue 11:00-00:00; Wed 11:00-00:00; Thu 11:00-00:00; Fri 11:00-02:00; Sat 11:00-02:00; Sun 11:00-00:00,Meal Delivery; Food Delivery; Turkish Restaurant,59.407547,24.691331,https://maps.google.com/?cid=8210586528675617335,ChIJUdEFmvmUkkYRN1pRP_Lc8XE
LaBocca - Itaalia restoran Tallinnas,Italian Restaurant,Italian,4.2,1029,$$,Open,Ahtri tn 6,10151,Tallinn,+372 5460 0015,https://labocca.ee/,Mon 11:00-23:00; Tue 11:00-23:00; Wed 11:00-23:00; Thu 11:00-23:00; Fri 11:00-00:00; Sat 11:00-00:00; Sun 11:00-23:00,Italian Restaurant; Pizza Restaurant; European Restaurant,59.439750,24.758561,https://maps.google.com/?cid=6982240158353209775,ChIJ67xX-02TkkYRrzkcN27m5WA
Damak Döner & Kebab,Halal Restaurant,Indian,4.2,998,$,Open,Kaubamaja tn 6,10143,Tallinn,+372 5607 1227,https://damakrestoran.com/,Mon 11:30-23:55; Tue 11:30-23:55; Wed 11:30-23:55; Thu 11:30-01:30; Fri closed; Sat 11:30-01:55; Sun 11:30-23:55,Halal Restaurant; Pakistani Restaurant; Indian Restaurant; Turkish Restaurant; Fast Food Restaurant,59.434599,24.755461,https://maps.google.com/?cid=11085135997403141743,ChIJsy9WD2CTkkYRbxYcRHVQ1pk
Vana Toomas Restaurant-bistro,Restaurant,,4.2,998,$$,Open,Raekoja plats 8,10146,Tallinn,+372 5668 6518,http://www.vanatoomas.eu/,Mon 10:00-23:00; Tue 10:00-23:00; Wed 10:00-23:00; Thu 10:00-23:00; Fri 10:00-23:30; Sat 10:00-23:30; Sun 10:00-23:00,Lounge Bar; Pub; Bar; Cafe; Night Club,59.437678,24.745057,https://maps.google.com/?cid=2927008042365733183,ChIJN21AQGKTkkYRP8nre07Snig
Drumsticks restoran,Asian Restaurant,Asian,4.2,693,$$,Open,Kadaka tee 177A,12615,Tallinn,+372 677 5662,http://www.drumsticks.ee/?y_source=1_ODc5Mzk4NS03MTUtbG9jYXRpb24ud2Vic2l0ZQ==,Mon 11:00-22:00; Tue 11:00-22:00; Wed 11:00-22:00; Thu 11:00-22:00; Fri 11:00-22:00; Sat 12:00-22:00; Sun 12:00-22:00,Asian Restaurant; Catering Service; Fast Food Restaurant; Food Delivery; Service,59.404801,24.657267,https://maps.google.com/?cid=17905283082637629108,ChIJv3WeAQXtkkYRtFZt7xhYfPg
Pika Jala restoran,European Restaurant,European,4.2,574,$$,Open,Pikk jalg 16,10130,Tallinn,+372 648 1428,http://www.pikajalaresto.ee/,Mon 09:00-23:00; Tue 09:00-23:00; Wed 09:00-23:00; Thu 09:00-23:00; Fri 09:00-23:00; Sat 09:00-23:00; Sun 09:00-23:00,European Restaurant,59.436240,24.740731,https://maps.google.com/?cid=9784302166646444716,ChIJSfmAeJ2UkkYRrNILKvvSyIc
Restaurant Viktoria,Restaurant,,4.2,560,,Temporarily closed,Keevise tn 6,11415,Tallinn,+372 5554 9680,http://www.restoranviktoria.ee/,,Wedding Venue; Concert Hall; Auditorium; Live Music Venue; Event Venue; Service,59.421382,24.798776,https://maps.google.com/?cid=3245553530148095858,ChIJLYC_KFTrkkYRcgf-b72FCi0
Orangerie,Restaurant,,4.2,470,$$,Open,"Oranž maja, Rotermanni tn 5",10111,Tallinn,+372 554 0350,http://www.orangerie.ee/,Mon 10:00-21:00; Tue 10:00-21:00; Wed 10:00-21:00; Thu 10:00-21:00; Fri 10:00-22:00; Sat 10:00-22:00; Sun 10:00-19:00,Brunch Restaurant; Breakfast Restaurant; Wine Bar; Coffee Shop; Cafe; Food Store; Bar,59.438867,24.756201,https://maps.google.com/?cid=11365246557724874920,ChIJh1BnX62TkkYRqBjsUYd3uZ0
Asian Aroma,Indian Restaurant,Chinese,4.2,466,$$,Open,P. Süda tn 1,10118,Tallinn,+372 5331 1563,http://asianaroma.ee/,Mon 12:00-22:00; Tue 12:00-22:00; Wed 12:00-22:00; Thu 12:00-22:00; Fri 12:00-22:00; Sat 12:00-22:00; Sun 12:00-22:00,Indian Restaurant; Thai Restaurant; Asian Restaurant; Chinese Restaurant,59.430144,24.746127,https://maps.google.com/?cid=51084996976230336,ChIJaT0t1p6UkkYRwL8euoh9tQA
Loft ja Ürdid,Restaurant,,4.2,444,$$,Open,Vesivärava tn 50,10152,Tallinn,+372 666 0807,http://www.loftjaurdid.ee/,Mon 11:00-15:00; Tue 11:00-15:00; Wed 11:00-21:00; Thu 11:00-21:00; Fri 11:00-22:00; Sat 15:00-22:00; Sun closed,,59.432829,24.779071,https://maps.google.com/?cid=8280635396299069358,ChIJ_fTnVVSTkkYRrpfuLgW66nI
Peetri Pizza,Pizza Restaurant,Pizza,4.2,425,$,Open,Odra tn 16,10144,Tallinn,+372 601 2616,http://www.peetripizza.ee/,Mon 11:00-23:00; Tue 11:00-23:00; Wed 11:00-23:00; Thu 11:00-23:00; Fri 11:00-00:00; Sat 11:00-00:00; Sun 11:00-23:00,Pizza Restaurant; Pizza Delivery; Meal Delivery; Food Delivery; Meal Takeaway,59.427453,24.771861,https://maps.google.com/?cid=16346792042923549632,ChIJF1Pef6iUkkYRwOOjB8F42-I
Snack Point,Fast Food Restaurant,,4.2,354,$,Open,Rummu tee 3,11911,Tallinn,+372 552 7627,,Mon 10:00-21:00; Tue 10:00-21:00; Wed 10:00-21:00; Thu 10:00-21:00; Fri 10:00-21:00; Sat 10:00-21:00; Sun 10:00-21:00,Fast Food Restaurant,59.462818,24.829686,https://maps.google.com/?cid=12509038344275556216,ChIJIfikytTskkYRePdIMBkIma0
Café Mademoiselle,Coffee Shop,,4.2,328,$,Open,Paldiski mnt 4,10149,Tallinn,+372 628 8155,https://cafemademoiselle.ee/,Mon 08:00-22:00; Tue 08:00-22:00; Wed 08:00-22:00; Thu 08:00-22:00; Fri 08:00-22:00; Sat 08:00-22:00; Sun 08:00-22:00,Coffee Shop; Cafe; Food Store,59.435310,24.731176,https://maps.google.com/?cid=16392629932458031035,ChIJnRW9J4OUkkYRu7eYWhJSfuM
Peetri Pizza Magistrali,Pizza Restaurant,Pizza,4.2,290,$,Open,Sõpruse pst 201-203,13419,Tallinn,+372 507 8121,http://www.peetripizza.ee/,Mon 10:00-22:00; Tue 10:00-22:00; Wed 10:00-22:00; Thu 10:00-22:00; Fri 10:00-22:00; Sat 10:00-22:00; Sun 10:00-22:00,Pizza Restaurant,59.400840,24.696772,https://maps.google.com/?cid=13540713357356479789,ChIJ76LHsfyUkkYRLbWehg5H6rs
Tallinn Airport Lounge,Restaurant,,4.2,280,,Open,"Passenger Terminal, Lennujaama tee 12",11101,Tallinn,+372 605 8550,https://airport.ee/services/lennujaama-lhv-lounge/,Mon 04:30-22:00; Tue 04:30-22:00; Wed 04:30-22:00; Thu 04:30-22:00; Fri 04:30-22:00; Sat 04:30-22:00; Sun 04:30-22:00,,59.416517,24.799367,https://maps.google.com/?cid=6510577910659950570,ChIJoxIUClrrkkYR6idkfx04Wlo
My Indian Store,Asian Grocery Store,Asian,4.2,255,,Open,Narva mnt 6,10117,Tallinn,+372 550 2980,https://myindianstore.eu/,Mon 10:00-22:00; Tue 10:00-22:00; Wed 10:00-22:00; Thu 10:00-22:00; Fri 10:00-22:00; Sat 10:00-22:00; Sun 10:00-22:00,Department Store; Supermarket; Meal Takeaway; Asian Grocery Store; Grocery Store; Confectionery; Food Store,59.437078,24.761348,https://maps.google.com/?cid=1617611807544292338,ChIJAcTLeWGTkkYR8rMnVV7pchY
OTTO's Restaurant,Restaurant,,4.2,206,$$,Open,Toompuiestee 23,10137,Tallinn,+372 660 0711,https://www.ottoresto.ee/,"Mon 12:00-14:00, 15:00-23:00; Tue 12:00-14:00, 15:00-23:00; Wed 12:00-14:00, 15:00-23:00; Thu 12:00-14:00, 15:00-23:00; Fri 12:00-14:00, 15:00-23:00; Sat 15:00-23:00; Sun 15:00-23:00",,59.434598,24.732899,https://maps.google.com/?cid=6987837974007973470,ChIJmeuoLYOUkkYRXga7PJ3J-WA
Taberna,Bar,Mediterranean,4.2,185,$$,Open,Suur-Karja tn 3,10140,Tallinn,+372 5613 8551,http://www.taberna.ee/,Mon 17:00-22:00; Tue 17:00-22:00; Wed 17:00-22:00; Thu 17:00-22:00; Fri 16:00-23:00; Sat 12:00-23:00; Sun 12:00-22:00,Wine Bar; Mediterranean Restaurant; Portuguese Restaurant; Spanish Restaurant; European Restaurant; Bar,59.436288,24.746374,https://maps.google.com/?cid=14796323944403496932,ChIJleKjOxSTkkYR5O_GrzsaV80
Krati Söögitoad,Restaurant,,4.2,163,$,Open,Forelli tn 10,10621,Tallinn,+372 656 2949,,Mon 11:00-15:00; Tue 11:00-15:00; Wed 11:00-15:00; Thu 11:00-15:00; Fri 11:00-15:00; Sat closed; Sun closed,,59.419763,24.688922,https://maps.google.com/?cid=16420468897768948359,ChIJsyMnVV6UkkYRh0LekHY54eM
Papa Joe Sadama,Lebanese Restaurant,Middle Eastern,4.2,152,$,Open,Sadama tn 25-4,10111,Tallinn,+372 5685 4660,http://www.kebabking.ee/,Mon closed; Tue 11:00-15:00; Wed 11:00-15:00; Thu closed; Fri 11:30-15:00; Sat 11:00-17:30; Sun 11:30-17:30,Lebanese Restaurant; Falafel Restaurant; Halal Restaurant; Vegetarian Restaurant; Middle Eastern Restaurant; Meal Takeaway,59.443395,24.759484,https://maps.google.com/?cid=13157082057775350805,ChIJlSDQtGeTkkYRFYRdHmxYl7Y
Kadrioru Lossikohvik,Restaurant,,4.2,125,$,Open,A. Weizenbergi tn 37,10127,Tallinn,+372 522 2986,http://www.lossikohvikud.ee/,Mon closed; Tue 10:00-18:00; Wed 10:00-20:00; Thu 10:00-18:00; Fri 10:00-18:00; Sat 10:00-18:00; Sun 10:00-18:00,,59.438394,24.790796,https://maps.google.com/?cid=4093028087179316230,ChIJDZzj2lGTkkYRBgwFCFxbzTg
Lezzet Döner&Shaurma,Turkish Restaurant,Turkish,4.2,110,$,Open,Õismäe tee 46c,13512,Tallinn,+372 5851 5426,,Mon 11:15-22:00; Tue 11:15-22:00; Wed 11:15-22:00; Thu 11:15-22:00; Fri 11:15-22:30; Sat 11:15-22:30; Sun 11:15-21:30,Halal Restaurant; Turkish Restaurant,59.411294,24.646910,https://maps.google.com/?cid=1560209197182874846,ChIJ8UWxFtmVkkYR3vRhnf_5phU
Restoran Mona,Restaurant,,4.2,79,$$,Open,"Ülemiste City, Valukoja tn 10",11415,Tallinn,+372 600 3344,http://www.restoranmona.ee/,Mon 08:00-14:00; Tue 08:00-14:00; Wed 08:00-14:00; Thu 08:00-14:00; Fri 08:00-14:00; Sat closed; Sun closed,,59.419911,24.805757,https://maps.google.com/?cid=1898630665474163030,ChIJsQwT5abrkkYRVkFA54dKWRo
"Restaurant ""Turg""(Market)",Hamburger Restaurant,Pizza,4.2,74,,Temporarily closed,Mündi tn 3,10146,Tallinn,+372 5551 4517,,,Hamburger Restaurant; Pizza Restaurant; Meal Takeaway; American Restaurant,59.437929,24.744981,https://maps.google.com/?cid=13905730139615343231,ChIJ3TbMRmKTkkYRfzI34uIT-8A
LaBocca Telliskivi,Italian Restaurant,Italian,4.2,60,$$,Open,Telliskivi tn 60/2 Building I4,10412,Tallinn,+372 5882 5200,https://labocca.ee/en/,Mon 11:00-23:00; Tue 11:00-23:00; Wed 11:00-23:00; Thu 11:00-23:00; Fri 11:00-00:00; Sat 11:00-00:00; Sun 11:00-23:00,Italian Restaurant; European Restaurant,59.440201,24.732444,https://maps.google.com/?cid=1406196634766823225,ChIJezUa_SCTkkYROU-gk2PQgxM
OTTO's Veinibaar,Wine Bar,Spanish,4.2,50,$$,Open,Toompuiestee 23,10137,Tallinn,+372 660 0711,https://www.facebook.com/ottos.winebar,Mon 12:00-14:00; Tue 12:00-23:00; Wed 12:00-23:00; Thu 12:00-23:00; Fri 12:00-23:00; Sat 12:00-23:00; Sun 12:00-23:00,Wine Bar; Spanish Restaurant; Bar; European Restaurant,59.434625,24.732800,https://maps.google.com/?cid=9130116406090204446,ChIJJeOm4_mVkkYRHgX5dn-wtH4
Kristiine Peetri Pizza & Pasta,Pizza Restaurant,Pizza,4.2,28,$,Open,Sõpruse pst 174,13424,Tallinn,+372 5303 5822,https://peetripizza.ee/pizzeria/kristiine-sopruse-rimi,Mon 10:00-21:00; Tue 10:00-21:00; Wed 10:00-21:00; Thu 10:00-21:00; Fri 10:00-21:40; Sat 10:00-21:40; Sun 10:00-21:00,Pizza Restaurant; Salad Shop; Food Store,59.414616,24.707267,https://maps.google.com/?cid=11165543768904650479,ChIJZzIr1LuVkkYR706jdeb685o
McDonald's Mustamäe,Fast Food Restaurant,American,4.1,5451,$,Open,"A. H. Tammsaare tee 76, Sõpruse pst 200b",13423,Tallinn,+372 5561 7012,https://www.mcdonalds.ee/,Mon 07:00-00:00; Tue 07:00-00:00; Wed 07:00-00:00; Thu 07:00-00:00; Fri 07:00-00:00; Sat 07:00-00:00; Sun 07:00-00:00,Fast Food Restaurant; Hamburger Restaurant; Family Restaurant; Breakfast Restaurant; American Restaurant,59.405971,24.700520,https://maps.google.com/?cid=15192539046795046316,ChIJI0FmwvqUkkYRrG14AMW91tI
III Draakon,Restaurant,,4.1,4933,$$,Open,"Tallinna raekoda, Raekoja plats",10146,Tallinn,,https://www.instagram.com/kolmasdraakon/,Mon 11:00-22:00; Tue 11:00-22:00; Wed 11:00-22:00; Thu 11:00-22:00; Fri 11:00-23:00; Sat 11:00-23:00; Sun 11:00-22:00,,59.437011,24.745578,https://maps.google.com/?cid=7366952942002837132,ChIJoy8bFGKTkkYRjBYZQausPGY
McDonald's Sõle,Fast Food Restaurant,American,4.1,4514,$,Open,Paldiski mnt 44,10614,Tallinn,+372 5561 7013,https://mcdonalds.ee/,Mon 07:00-23:00; Tue 07:00-23:00; Wed 07:00-23:00; Thu 07:00-23:00; Fri 07:00-23:00; Sat 07:00-23:00; Sun 07:00-23:00,Fast Food Restaurant; Hamburger Restaurant; American Restaurant,59.432456,24.713643,https://maps.google.com/?cid=12639732758829401292,ChIJV4Z1VYaUkkYRzATl2flZaa8
Hesburger Tallinn Lasnamäe Smuuli,Hamburger Restaurant,American,4.1,2545,$,Open,J. Smuuli tee 23,13628,Tallinn,+372 5850 1210,https://www.hesburger.ee/restoranid?tid=231,Mon 00:00-24:00; Tue 00:00-24:00; Wed 00:00-24:00; Thu 00:00-24:00; Fri 00:00-24:00; Sat 00:00-24:00; Sun 00:00-24:00,Hamburger Restaurant; Fast Food Restaurant; Meal Takeaway; American Restaurant,59.434977,24.831526,https://maps.google.com/?cid=6903519908947821683,ChIJCUl_sLvskkYRcwSs4Mc6zl8
Hesburger Tallinn Mustamäe,Hamburger Restaurant,American,4.1,2316,,Open,Mustamäe tee 90A,12916,Tallinn,+372 5850 1211,https://www.hesburger.ee/restoranid?tid=232,Mon 08:00-00:00; Tue 08:00-00:00; Wed 08:00-00:00; Thu 08:00-00:00; Fri 08:00-00:00; Sat 08:00-00:00; Sun 08:00-00:00,Hamburger Restaurant; Fast Food Restaurant; Meal Takeaway; American Restaurant,59.409325,24.685083,https://maps.google.com/?cid=1687125106035210427,ChIJ-UhEcviUkkYRuzjfXFjfaRc
Tallinn Pizza & Kebab,Turkish Restaurant,Turkish,4.1,1576,$,Open,Aia tn 10,10111,Tallinn,+372 5435 0545,,Mon 00:00-24:00; Tue 00:00-24:00; Wed 00:00-24:00; Thu 00:00-24:00; Fri 00:00-24:00; Sat 00:00-24:00; Sun 00:00-24:00,Turkish Restaurant,59.438216,24.751352,https://maps.google.com/?cid=6257411643561154432,ChIJsbdfomGTkkYRgBfbk7zK1lY
Hesburger Tallinn Järve,Hamburger Restaurant,American,4.1,1124,$,Open,Tallinn-Pärnu-Ikla 141a,11314,Tallinn,+372 5553 2646,https://www.hesburger.ee/restoranid?tid=439,Mon 08:00-23:00; Tue 08:00-23:00; Wed 08:00-23:00; Thu 08:00-23:00; Fri 08:00-23:00; Sat 08:00-23:00; Sun 08:00-23:00,Hamburger Restaurant; Fast Food Restaurant; Meal Takeaway; American Restaurant,59.402159,24.730487,https://maps.google.com/?cid=15048456288288264821,ChIJeWkPNcOUkkYRdVJqmUPb1tA
Vapiano Ülemiste,Italian Restaurant,Italian,4.1,885,$$,Open,Suur-Sõjamäe tn 4,11415,Tallinn,+372 5554 5311,https://vapiano.ee/,Mon 11:00-21:00; Tue 11:00-21:00; Wed 11:00-21:00; Thu 11:00-21:00; Fri 11:00-21:00; Sat 11:00-21:00; Sun 11:00-20:00,Italian Restaurant; European Restaurant,59.421907,24.794422,https://maps.google.com/?cid=718383603564172594,ChIJOQ47uvPrkkYRMlXozhQ2-Ak
Taverna del Gallo Nero,Italian Restaurant,Italian,4.1,719,$$,Open,J. Poska tn 45,10150,Tallinn,+372 601 3344,http://www.tavernagallonero.com/kontakt,Mon 12:00-22:00; Tue 12:00-22:00; Wed 12:00-22:00; Thu 12:00-22:00; Fri 12:00-22:00; Sat 12:00-22:00; Sun 12:00-22:00,Italian Restaurant; European Restaurant,59.437797,24.784180,https://maps.google.com/?cid=14835114447386998023,ChIJC_7GZFCTkkYRB3XEdv3p4M0
Restoran Merlot,Restaurant,,4.1,660,$$,Open,E. Vilde tee 122,12914,Tallinn,+372 5650 5733,http://www.restoranmerlot.ee/,Mon 12:00-01:00; Tue 12:00-01:00; Wed 12:00-01:00; Thu 12:00-01:00; Fri 12:00-03:00; Sat 12:00-03:00; Sun 12:00-01:00,,59.403858,24.665122,https://maps.google.com/?cid=16669491068031749428,ChIJlc02Ja2VkkYRNE2UwM7tVec
Seitse Merd Pub,Pub,Pizza,4.1,580,$$,Open,"Kai 5, 1korrus Sadamarketi Ärihoone",10111,Tallinn,+372 661 4601,https://www.seitsemerd.ee/,Mon 09:00-19:00; Tue 09:00-19:00; Wed 09:00-19:00; Thu 09:00-19:00; Fri 09:00-19:00; Sat 09:00-19:00; Sun 09:00-19:00,Pub; Hamburger Restaurant; Fast Food Restaurant; Pizza Restaurant; Breakfast Restaurant; American Restaurant; Bar,59.443699,24.757982,https://maps.google.com/?cid=10894430345694211087,ChIJVzt-QWaTkkYRD-xWoa3KMJc
Hookah Palace,Hookah Bar,,4.1,552,$$,Open,Roosikrantsi tn 3,10119,Tallinn,+372 631 1911,http://www.hookahpalace.ee/,Mon 13:00-02:00; Tue 13:00-02:00; Wed 13:00-02:00; Thu 13:00-02:00; Fri 14:00-04:00; Sat 14:00-04:00; Sun 15:00-01:00,Hookah Bar,59.432355,24.743633,https://maps.google.com/?cid=2682493644781401970,ChIJcywhm56UkkYRcjdw6cEhOiU
Restaurant Maikrahv,Restaurant,,4.1,510,$$,Open,Raekoja plats 8,10146,Tallinn,+372 5664 1360,http://www.maikrahv.ee/,Mon closed; Tue closed; Wed closed; Thu closed; Fri closed; Sat 18:00-22:00; Sun closed,,59.437643,24.744598,https://maps.google.com/?cid=10501598355865735847,ChIJrRJAQGKTkkYRpxI0lxAsvZE
GrillStop Vilde,Fast Food Restaurant,American,4.1,471,$,Open,E. Vilde tee 84a,12917,Tallinn,+372 5836 6756,http://www.grillstop.ee/,Mon 00:00-24:00; Tue 00:00-24:00; Wed 00:00-24:00; Thu 00:00-24:00; Fri 00:00-24:00; Sat 00:00-24:00; Sun 00:00-24:00,Fast Food Restaurant; Hamburger Restaurant; American Restaurant,59.405108,24.677069,https://maps.google.com/?cid=1164706139044962909,ChIJ39s361WUkkYRXeJ9BRDeKRA
Restaurant Rae,Restaurant,,4.1,462,$$,Open,Raekoja plats 10,10146,Tallinn,+372 5332 5088,https://www.meritonhotels.com/en/meriton-hotels/restaurant-rae-kelder/,Mon 11:00-21:00; Tue 11:00-21:00; Wed 11:00-21:00; Thu 11:00-21:00; Fri 11:00-22:00; Sat 11:00-22:00; Sun 11:00-21:00,Coffee Shop; Lounge Bar; Cafe; Night Club; Bar; Food Store,59.437784,24.745363,https://maps.google.com/?cid=819090382462963461,ChIJ20BUOWKTkkYRBc-k9Vz-XQs
OlyBet Bar & Grill,Bar,,4.1,328,$$,Open,Harju tn 6,10130,Tallinn,+372 5865 1777,https://olybetbarandgrill.ee/,Mon 14:00-22:00; Tue 14:00-22:00; Wed 14:00-22:00; Thu 14:00-22:00; Fri 14:00-00:00; Sat 12:00-00:00; Sun 12:00-21:00,Bar; Sports Club; Association Or Organization,59.434508,24.743125,https://maps.google.com/?cid=12149819221424605612,ChIJp1IlaNSVkkYRrAk6mjXUnKg
Ariran Restaurant,Korean Restaurant,Korean,4.1,294,$$,Open,Telliskivi tn 35,10611,Tallinn,+372 673 3992,,Mon 11:00-22:00; Tue 11:00-22:00; Wed 11:00-22:00; Thu 11:00-22:00; Fri 11:00-22:00; Sat 11:00-22:00; Sun 11:00-22:00,Korean Restaurant,59.437240,24.722770,https://maps.google.com/?cid=601725476213088126,ChIJAwQUdoGUkkYRft_77SHCWQg
Poké Bowl Viru Keskus Food Hall,Fast Food Restaurant,Hawaiian,4.1,285,$$,Open,Viru väljak 4-5,10111,Tallinn,+372 5611 1650,https://www.pokebowl.ee/,Mon 11:00-21:00; Tue 11:00-21:00; Wed 11:00-21:00; Thu 11:00-21:00; Fri 11:00-22:00; Sat 11:00-22:00; Sun 11:00-20:00,Fast Food Restaurant; Hawaiian Restaurant; American Restaurant,59.435868,24.754660,https://maps.google.com/?cid=7870742997085492719,ChIJ1WObDaSVkkYR75WsCw5_Om0
Samsa family bakers,Restaurant,,4.1,284,$$,Open,Viru väljak 4,10111,Tallinn,+372 5851 5187,https://samsafamilybakers.ee/,Mon 09:00-20:00; Tue 09:00-20:00; Wed 09:00-20:00; Thu 09:00-20:00; Fri 09:00-20:00; Sat 09:00-20:00; Sun 09:00-18:00,,59.435990,24.755222,https://maps.google.com/?cid=851708969902180333,ChIJIUOR6YaTkkYR7YcIq8vg0Qs
Badam restoran,Restaurant,,4.1,270,$$,Open,Lastekodu tn 35,10113,Tallinn,+372 5821 4430,https://badam.ee/,Mon 11:00-22:00; Tue 11:00-22:00; Wed 11:00-22:00; Thu 11:00-22:00; Fri 11:00-23:00; Sat 11:00-23:00; Sun 11:00-22:00,,59.427643,24.775494,https://maps.google.com/?cid=4747457907492951085,ChIJvcRW8vCVkkYRLZQ8UtBb4kE
Kebaboom Viru,Turkish Restaurant,Middle Eastern,4.1,245,$,Open,Viru väljak 4,10111,Tallinn,+372 5822 8725,http://kebaboom.ee/,Mon 11:00-21:00; Tue 11:00-21:00; Wed 11:00-21:00; Thu 11:00-21:00; Fri 11:00-23:00; Sat 11:00-23:00; Sun 11:00-21:00,Kebab Shop; Turkish Restaurant,59.435726,24.755026,https://maps.google.com/?cid=13646060721648714115,ChIJY6QrSVmTkkYRg0FIKe2LYL0
Cheat Meal,Fast Food Restaurant,,4.1,237,$$,Open,Telliskivi tn 62,10412,Tallinn,+372 550 4007,,Mon 17:00-02:00; Tue 17:00-02:00; Wed 17:00-02:00; Thu 17:00-02:00; Fri 17:00-02:00; Sat 17:00-02:00; Sun 17:00-02:00,Fast Food Restaurant,59.440535,24.730727,https://maps.google.com/?cid=9981782904965357553,ChIJs4UFOQuTkkYR8d-Gk6pqhoo
Sushi Set,Sushi Restaurant,Japanese,4.1,219,$$,Open,Koidu tn 11,10137,Tallinn,+372 5889 4887,https://www.sushiset.ee/,Mon 12:00-22:00; Tue 12:00-22:00; Wed 12:00-22:00; Thu 12:00-22:00; Fri 12:00-22:00; Sat 12:00-22:00; Sun 12:00-22:00,Sushi Restaurant; Japanese Restaurant,59.433021,24.729608,https://maps.google.com/?cid=14756286036948933744,ChIJbc8eX4OUkkYRcNxl7PfbyMw
VÕIVÕI Arter,Restaurant,,4.1,189,,Open,Liivalaia tn 36,10132,Tallinn,+372 5809 0025,https://www.voivoi.ee/,Mon 17:00-00:00; Tue 17:00-00:00; Wed 17:00-00:00; Thu 17:00-00:00; Fri 17:00-00:00; Sat 17:00-00:00; Sun closed,,59.429859,24.759286,https://maps.google.com/?cid=5953534923737824976,ChIJTZt7IMCVkkYR0H5GT3g0n1I
Kebabi Wabrik Arsenali Keskuses,Kebab Shop,Middle Eastern,4.1,162,$$,Open,Erika tn 14,10416,Tallinn,+372 5323 0077,https://www.facebook.com/kebabiwabrik,Mon 11:00-21:00; Tue 11:00-21:00; Wed 11:00-21:00; Thu 11:00-21:00; Fri 11:00-21:00; Sat 11:00-21:00; Sun 11:00-20:00,Kebab Shop,59.451502,24.716557,https://maps.google.com/?cid=10801529366448989828,ChIJiY6dZIOTkkYRhGYk1rq95pU
Tokumaru Balti Jaama turg,Japanese Restaurant,Japanese,4.1,153,$$,Open,Kopli tn 1 10149,10412,Tallinn,+372 5688 1999,https://www.tokumaru.ee/menyy/balti-jaama-turg,Mon 11:00-20:00; Tue 11:00-20:00; Wed 11:00-20:00; Thu 11:00-20:00; Fri 11:00-20:00; Sat 11:00-20:00; Sun 11:00-18:00,Japanese Restaurant,59.440933,24.735946,https://maps.google.com/?cid=13638041878967722699,ChIJnS-N4nyTkkYRy6LF29QORL0
Charlie's Corner,Restaurant,,4.1,123,$$,Open,Juhkentali tn 28,10132,Tallinn,+372 699 4499,,Mon 12:00-22:00; Tue 12:00-22:00; Wed 12:00-22:00; Thu 12:00-22:00; Fri 12:00-22:00; Sat 12:00-22:00; Sun 12:00-22:00,Bar,59.427528,24.764781,https://maps.google.com/?cid=18443033605847433683,ChIJF5bqH7qVkkYR08EgYVnR8v8
Irish Stroomi,Restaurant,,4.1,115,$$,Open,Tuulemaa tn 20,10315,Tallinn,+372 5333 5900,https://irishstroomi.ee/,Mon 11:00-21:00; Tue 11:00-21:00; Wed 11:00-21:00; Thu 11:00-21:00; Fri 11:00-22:00; Sat 11:00-22:00; Sun 11:00-21:00,,59.447054,24.692349,https://maps.google.com/?cid=8759359894147962806,ChIJzTwYLUWTkkYRthd-Jmp_j3k
Viru Burger x Mustamäe Keskus,Hamburger Restaurant,American,4.1,106,$$,Open,A. H. Tammsaare tee 104a,12918,Tallinn,+372 5333 1261,https://facebook.com/viruburger,Mon 11:30-21:00; Tue 11:30-21:00; Wed 11:30-21:00; Thu 11:30-21:00; Fri 11:30-22:00; Sat 11:30-22:00; Sun 11:30-20:00,Hamburger Restaurant; American Restaurant,59.408231,24.689600,https://maps.google.com/?cid=17778147840556858226,ChIJmwXRmcyVkkYRcvvEsESruPY
Shnelli Resto,Restaurant,,4.1,88,$$,Open,Toompuiestee 37-1,10149,Tallinn,+372 5441 0030,https://gohotels.ee/en/shnelli-resto/,Mon 07:00-22:00; Tue 07:00-22:00; Wed 07:00-22:00; Thu 07:00-22:00; Fri 07:00-23:00; Sat 07:00-23:00; Sun 08:00-22:00,Catering Service; Coffee Shop; Cafe; Food Delivery; Food Store; Service,59.439425,24.736309,https://maps.google.com/?cid=17074760516054188046,ChIJ2XlChSOTkkYRDoBGMDm89ew
Gläm Telliskivi,Restaurant,,4.1,80,$$,Open,Telliskivi tn 60-4,10412,Tallinn,+372 601 7770,https://www.glamtelliskivi.ee/,Mon 12:00-22:00; Tue 12:00-23:00; Wed 12:00-23:00; Thu 12:00-23:00; Fri 12:00-03:00; Sat 12:00-03:00; Sun 12:00-22:00,,59.439987,24.731328,https://maps.google.com/?cid=6271953922724347262,ChIJO-MupjeTkkYRfj2ay9x0Clc
LIT Reidi tee,Fast Food Restaurant,,4.1,73,$,Open,Pirita tee 1,10127,Tallinn,+372 755 5009,http://www.litwagon.ee/,Mon 12:00-22:00; Tue 12:00-22:00; Wed 12:00-22:00; Thu 12:00-22:00; Fri 12:00-23:00; Sat 12:00-23:00; Sun 12:00-22:00,Fast Food Restaurant,59.445070,24.797185,https://maps.google.com/?cid=423004824082639697,ChIJZ4roV8iTkkYRUeu4daXQ3gU
MySushi Sikupilli,Sushi Restaurant,Japanese,4.1,70,$$,Open,"2, Tartu mnt 87",10112,Tallinn,+372 551 5406,https://sikupilli.mysushi.ee/,Mon 11:30-20:00; Tue 11:30-20:00; Wed 11:30-20:00; Thu 11:30-20:00; Fri 11:30-22:00; Sat 11:30-22:00; Sun 12:00-20:00,Sushi Restaurant; Japanese Restaurant,59.426068,24.782766,https://maps.google.com/?cid=17323573450102347932,ChIJJ1t0cC-VkkYRnBi9xUSyafA
Meie Gruusia Viru Keskus,Eastern European Restaurant,Eastern European,4.1,54,$$,Open,Viru väljak 4,10111,Tallinn,+372 5199 7466,https://www.meiegruusia.ee/,Mon 11:00-21:00; Tue 11:00-21:00; Wed 11:00-21:00; Thu 11:00-21:00; Fri 11:00-22:00; Sat 11:00-22:00; Sun 11:00-20:00,Coffee Shop; Cafe; Eastern European Restaurant; European Restaurant; Bakery; Food Store,59.436061,24.754935,https://maps.google.com/?cid=3292062484470697621,ChIJ37XylceTkkYRlQ5ENWPBry0
Simple Resto,Restaurant,,4.1,35,$,Open,Tartu mnt 83-103,10115,Tallinn,+372 5660 4744,https://simpleresto.ee/,Mon 08:00-16:00; Tue 08:00-16:00; Wed 08:00-16:00; Thu 08:00-16:00; Fri 08:00-16:00; Sat closed; Sun closed,,59.427535,24.778878,https://maps.google.com/?cid=18031413223429241076,ChIJ8SbExeSVkkYR9PjHzMpyPPo
PROTO suveterrass,Restaurant,,4.1,29,$$,Open,"Noblessner, Peetri tn 10",10415,Tallinn,+372 5450 0840,https://prototehas.ee/en/summer-terrace/,Mon closed; Tue closed; Wed closed; Thu 17:00-22:00; Fri 17:00-22:00; Sat 13:00-23:00; Sun 13:00-23:00,,59.451513,24.730532,https://maps.google.com/?cid=16342442063757461682,ChIJ-XFQEymTkkYRskiqlHgEzOI
McDonald's Rocca Al Mare,Fast Food Restaurant,American,4.0,3294,$,Open,Paldiski mnt 102,13522,Tallinn,+372 5564 7017,https://www.mcdonalds.ee/,Mon 07:00-23:00; Tue 07:00-23:00; Wed 07:00-23:00; Thu 07:00-23:00; Fri 07:00-23:00; Sat 07:00-23:00; Sun 07:00-23:00,Fast Food Restaurant; Breakfast Restaurant; Family Restaurant; Hamburger Restaurant; American Restaurant,59.425809,24.654525,https://maps.google.com/?cid=12720117959729671989,ChIJFRNcez-UkkYRNe_A6uPvhrA
Pub With No Name,Bar & Grill,,4.0,1630,$$,Open,Suur-Karja tn 4,10140,Tallinn,,,Mon 12:00-03:30; Tue 12:00-03:30; Wed 12:00-04:00; Thu 12:00-04:00; Fri 12:00-04:30; Sat 12:00-04:30; Sun 15:00-03:30,Bar And Grill; Bar,59.436066,24.746158,https://maps.google.com/?cid=564859963347576706,ChIJN_rcAWKTkkYRgics1yTJ1gc
Route 33 Bar & Grill,Bar & Grill,,4.0,1512,$$,Open,Suur-Karja tn 13,10140,Tallinn,+372 602 1212,https://www.facebook.com/Route13BaarGrill/,Mon 12:00-03:30; Tue 12:00-03:30; Wed 12:00-04:00; Thu 12:00-04:00; Fri 12:00-04:30; Sat 13:00-04:30; Sun 15:00-03:00,Bar And Grill; Pub; Bar,59.435530,24.746519,https://maps.google.com/?cid=5962915320399491077,ChIJXVkrAp6UkkYRBXAlGuSHwFI
Pizza Grande,Pizza Restaurant,Pizza,4.0,1402,$$,Open,Väike-Karja tn 6a,10140,Tallinn,+372 641 8718,https://pizzagrande.ee/,Mon 11:00-23:00; Tue 11:00-23:00; Wed 11:00-23:00; Thu 11:00-23:00; Fri 11:00-23:00; Sat 11:00-23:00; Sun 11:00-23:00,Pizza Restaurant,59.435716,24.747106,https://maps.google.com/?cid=203762518034818797,ChIJp80g_WGTkkYR7SYBOu7o0wI
F. M. Dostojevski pubi-restoran,Pub,,4.0,1332,$$,Open,Kopliranna tn 1,11713,Tallinn,+372 661 1166,http://dostojevski.ee/,Mon 12:00-22:00; Tue 12:00-22:00; Wed 12:00-22:00; Thu 12:00-22:00; Fri 12:00-22:00; Sat 12:00-22:00; Sun 12:00-22:00,Pub; Bar,59.449858,24.683392,https://maps.google.com/?cid=4012139345192704367,ChIJqQ62g-OTkkYRb1mUK3r7rTc
Sushi Panda Kesklinn,Sushi Restaurant,Japanese,4.0,1185,$$,Open,Rävala pst 2,10145,Tallinn,+372 5596 9996,http://www.sushipanda.ee/,Mon 11:00-01:00; Tue 11:00-01:00; Wed 11:00-01:00; Thu 11:00-01:00; Fri 11:00-06:00; Sat 11:00-06:00; Sun 11:00-01:00,Sushi Restaurant; Meal Delivery; Food Delivery; Bar; Japanese Restaurant,59.434078,24.759144,https://maps.google.com/?cid=17941823583904658889,ChIJz_WsmV-TkkYRyfVcXX0p_vg
Caffe Centrale,Italian Restaurant,Italian,4.0,1136,$$,Open,Kullassepa tn 4,10146,Tallinn,+372 517 1316,http://caffecentrale.ee/,Mon 11:00-23:00; Tue 11:00-23:00; Wed 11:00-23:00; Thu 11:00-23:00; Fri 11:00-23:00; Sat 10:00-23:00; Sun 11:00-23:00,Italian Restaurant; European Restaurant,59.436730,24.744554,https://maps.google.com/?cid=10144623445058051588,ChIJ06mfDWKTkkYRBN7IVkbxyIw
Taqueria,Taco Restaurant,Mexican,4.0,1111,$$,Open,Rotermanni tn 14,10111,Tallinn,+372 5699 8898,https://taqueria.ee/,Mon 11:45-22:00; Tue 11:45-22:00; Wed 11:45-22:00; Thu 11:45-22:00; Fri 11:45-00:00; Sat 12:00-00:00; Sun 12:00-22:00,Taco Restaurant,59.439225,24.758297,https://maps.google.com/?cid=8414887115497708252,ChIJbRp5tWCTkkYR3JpAYD-vx3Q
Hesburger Tallinn Sõpruse,Hamburger Restaurant,American,4.0,850,$,Open,Sõpruse pst 157a,13424,Tallinn,+372 5551 2085,https://www.hesburger.ee/restoranid?tid=1243,Mon 00:00-24:00; Tue 00:00-24:00; Wed 00:00-24:00; Thu 00:00-24:00; Fri 00:00-24:00; Sat 00:00-24:00; Sun 00:00-24:00,Hamburger Restaurant; Fast Food Restaurant; Meal Takeaway; American Restaurant,59.411840,24.707333,https://maps.google.com/?cid=4921790056523275519,ChIJ-YBi7vGUkkYR_5weyvq1TUQ
Hesburger Tallinn Sikupilli,Hamburger Restaurant,American,4.0,800,,Open,Tartu mnt 87,10112,Tallinn,+372 5838 0272,https://www.hesburger.ee/restoranid?tid=237,Mon 08:00-22:00; Tue 08:00-22:00; Wed 08:00-22:00; Thu 08:00-22:00; Fri 08:00-22:00; Sat 08:00-22:00; Sun 08:00-22:00,Hamburger Restaurant; Fast Food Restaurant; Meal Takeaway; American Restaurant,59.425982,24.782759,https://maps.google.com/?cid=9737481355201080643,ChIJYZEyi6mUkkYRQ-2_f7N7Ioc
Kagerou Ramen Restaurant and Bar,Japanese Restaurant,Japanese,4.0,789,$$,Open,Uus tn 33,10111,Tallinn,+372 5624 4302,https://www.kagerouramen.com/,Mon 11:30-23:00; Tue 11:30-23:00; Wed 11:30-23:00; Thu 11:30-23:55; Fri 11:30-23:55; Sat 11:30-23:55; Sun 11:30-23:00,Japanese Restaurant; Wine Bar; Sushi Restaurant; Bar; Pizza Restaurant,59.441150,24.749570,https://maps.google.com/?cid=12990808691641123944,ChIJR_GevaWTkkYRaIRTQq2fSLQ
Burger King,Fast Food Restaurant,,4.0,702,$,Open,Suur-Sõjamäe tn 4,11415,Tallinn,+372 5331 2454,https://www.burgerking.ee/,Mon 11:00-21:00; Tue 11:00-21:00; Wed 11:00-21:00; Thu 11:00-21:00; Fri 11:00-21:00; Sat 10:00-21:00; Sun 11:00-19:00,Fast Food Restaurant,59.422661,24.794013,https://maps.google.com/?cid=7644891856671245191,ChIJkwpDFbfrkkYRh4Mqp6McGGo
China Inn Restaurant 四季美餐厅,Chinese Restaurant,Chinese,4.0,603,$$,Open,Viru 9,10145,Tallinn,+372 648 4585,,Mon 11:00-22:00; Tue 11:00-22:00; Wed 11:00-22:00; Thu 11:00-22:00; Fri 11:00-22:00; Sat 11:00-22:00; Sun 11:00-22:00,Chinese Restaurant,59.436805,24.748593,https://maps.google.com/?cid=11316747937999609965,ChIJnyYnjWGTkkYRbeAZeUoqDZ0
Stalker,Restaurant,,4.0,555,$$,Open,Rotermanni tn 6,10111,Tallinn,+372 677 7778,http://jalitaja.ee/,Mon 12:00-22:00; Tue 12:00-23:00; Wed 12:00-23:00; Thu 12:00-23:00; Fri 12:00-03:00; Sat 12:00-03:00; Sun 12:00-22:00,,59.438710,24.757980,https://maps.google.com/?cid=9351086042513475894,ChIJ64f9FqyTkkYRNgkhJDa7xYE
Burger King,Fast Food Restaurant,,4.0,485,$,Open,Paldiski mnt 102,13522,Tallinn,+372 525 8785,https://www.burgerking.ee/,Mon 10:00-21:00; Tue 10:00-21:00; Wed 10:00-21:00; Thu 10:00-21:00; Fri 10:00-21:00; Sat 10:00-21:00; Sun 10:00-19:00,Fast Food Restaurant,59.426165,24.651875,https://maps.google.com/?cid=17488338857500844106,ChIJDWMokQOVkkYRSqD_oIgPs_I
Restoran Kishmish,Middle Eastern Restaurant,Middle Eastern,4.0,437,$$,Open,Pallasti tn 21,11411,Tallinn,+372 601 4118,http://www.kishmish.ee/,Mon 10:00-23:45; Tue 10:00-23:45; Wed 10:00-23:45; Thu 10:00-23:45; Fri 11:00-02:00; Sat 11:00-02:00; Sun 11:00-23:45,Banquet Hall; Brewery; Pizza Delivery; Dessert Shop; Shipping Service; Meal Delivery; Food Delivery; Meal Takeaway; Event Venue; Middle Eastern Restaurant; Eastern European Restaurant; European Restaurant; Confectionery; Food Store; Manufacturer; Service,59.429367,24.790461,https://maps.google.com/?cid=3674590715289692070,ChIJn7hi-FSTkkYRpmfKZ8nE_jI
MySushi Pirita,Sushi Restaurant,Japanese,4.0,397,$$,Open,Rummu tee 4,11911,Tallinn,+372 5777 7720,https://pirita.mysushi.ee/,Mon 11:30-20:00; Tue 11:30-20:00; Wed 11:30-20:00; Thu 11:30-20:00; Fri 11:30-22:00; Sat 12:00-22:00; Sun 12:00-20:00,Sushi Restaurant; Meal Takeaway; Japanese Restaurant; Cafe,59.462352,24.828800,https://maps.google.com/?cid=7526662025290545784,ChIJmTUZK_eTkkYReHrd6TsTdGg
GrillStop 24h,Fast Food Restaurant,American,4.0,338,$,Open,Vabaduse väljak 2b,10146,Tallinn,,http://www.grillstop.ee/,Mon 00:00-24:00; Tue 00:00-24:00; Wed 00:00-24:00; Thu 00:00-24:00; Fri 00:00-24:00; Sat 00:00-24:00; Sun 00:00-24:00,Fast Food Restaurant; Hamburger Restaurant; American Restaurant,59.433925,24.746152,https://maps.google.com/?cid=13636731212334224346,ChIJd2x_a56UkkYR2tOpgMlmP70
HAN’s Street Food VIRU,Chinese Restaurant,Chinese,4.0,313,$$,Open,Viru väljak 4,10111,Tallinn,+372 503 7448,,Mon 11:00-21:00; Tue 11:00-21:00; Wed 11:00-21:00; Thu 11:00-21:00; Fri 11:00-22:00; Sat 11:00-22:00; Sun 11:00-21:00,Chinese Restaurant; Asian Restaurant,59.435847,24.755312,https://maps.google.com/?cid=2466964852746342704,ChIJXdUYBACTkkYRMNFRiXZrPCI
Varblane Terrace,Cocktail Bar,,4.0,287,$$,Open,Harju tn 6,10130,Tallinn,+372 5333 5313,https://www.facebook.com/varblane.tallinn/,Mon 12:00-22:00; Tue 12:00-23:00; Wed 12:00-23:00; Thu 12:00-23:00; Fri 12:00-03:00; Sat 12:00-03:00; Sun 12:00-22:00,Cocktail Bar; Bar And Grill; Bar,59.434274,24.742953,https://maps.google.com/?cid=4231522136428498858,ChIJmwg5w52UkkYRqs8FqfZiuTo
Mandarin Restaurant,Asian Restaurant,Asian,4.0,258,$,Open,Endla tn 23a,10122,Tallinn,+372 646 0019,http://mandarin.ee/,Mon 10:30-22:00; Tue 10:30-22:00; Wed 10:30-22:00; Thu 10:30-22:00; Fri 11:00-23:00; Sat 11:00-23:00; Sun 11:00-23:00,Asian Restaurant,59.428620,24.731493,https://maps.google.com/?cid=10706143733106696367,ChIJVT7bp_iVkkYRr2AZbgDdk5Q
Bravo Pizzeria,Pizza Restaurant,Pizza,4.0,229,$$,Open,Punane tn 48 13619,13619,Tallinn,+372 515 1579,,Mon 11:00-22:00; Tue 11:00-22:00; Wed 11:00-22:00; Thu 11:00-22:00; Fri 11:00-22:00; Sat 11:00-22:00; Sun 11:00-22:00,Pizza Restaurant,59.435313,24.842813,https://maps.google.com/?cid=1862624859437691386,ChIJ_4grhr7skkYR-nGY6HBf2Rk
Samurai Sushi,Sushi Restaurant,Japanese,4.0,216,$$,Open,Punane tn 48,13611,Tallinn,+372 610 3103,http://samurai-sushi.ee/,Mon 10:00-22:00; Tue 10:00-22:00; Wed 10:00-22:00; Thu 10:00-22:00; Fri 10:00-00:00; Sat 10:00-00:00; Sun 10:00-22:00,Sushi Restaurant; Japanese Restaurant,59.435175,24.842865,https://maps.google.com/?cid=818456574764387928,ChIJTZqc_LrskkYRWA7qGuu9Wws
Tempo Resto&Bar,Restaurant,,4.0,211,$$,Open,Sadama tn 9,10111,Tallinn,+372 667 8752,https://hotels.tallink.com/et/toit-ja-jook/restoranid/tempo,"Mon 07:00-10:00, 11:30-14:30; Tue 07:00-10:00, 11:30-14:30; Wed 07:00-10:00, 11:30-14:30; Thu 07:00-10:00, 11:30-14:30; Fri 07:00-10:00, 11:30-14:30; Sat 08:00-11:00; Sun 08:00-11:00",,59.444158,24.755889,https://maps.google.com/?cid=18326418071099804910,ChIJLfHSc2aTkkYR7gw0XSOEVP4
Restoran Nero,Restaurant,,4.0,202,$$,Open,"Tallink Express Hotel, Sadama tn 11a",10111,Tallinn,+372 630 1018,https://hotels.tallink.com/food-and-drinks/restaurants/nero,Mon 17:00-23:00; Tue 17:00-23:00; Wed 17:00-23:00; Thu 17:00-23:00; Fri 17:00-23:00; Sat 17:00-23:00; Sun 17:00-23:00,,59.444521,24.756331,https://maps.google.com/?cid=8332044370676087326,ChIJGT7OcmaTkkYRHvrwxjVeoXM
Tondiraba LIT,Takeout Restaurant,,4.0,158,$$,Open,Tallinn,13917,Tallinn,+372 755 5008,http://www.litwagon.ee/,Mon 12:00-22:00; Tue 12:00-22:00; Wed 12:00-22:00; Thu 12:00-22:00; Fri 12:00-23:00; Sat 11:00-23:00; Sun 11:00-22:00,Meal Takeaway,59.446155,24.847420,https://maps.google.com/?cid=10217068679573408958,ChIJhQXF0K_tkkYRvgy-69RRyo0
Restoran Baieri kelder,German Restaurant,German,4.0,157,,Temporarily closed,Roosikrantsi tn 2a,10119,Tallinn,+372 640 0045,,,German Restaurant; Pub; European Restaurant; Bar,59.431994,24.743157,https://maps.google.com/?cid=16000730550819332820,ChIJ-b-YmZ6UkkYR1KJTFKkDDt4
Da Vinci Ristorante & Cafeteria - Solaris,Restaurant,,4.0,146,$$,Open,Estonia pst 9,11314,Tallinn,+372 5199 3339,https://davinci.ee/cafeteria/,Mon 10:00-21:00; Tue 10:00-23:30; Wed 10:00-23:30; Thu 10:00-23:30; Fri 10:00-23:30; Sat 10:00-23:30; Sun 10:00-20:00,,59.433174,24.751619,https://maps.google.com/?cid=15250420081846427306,ChIJx57XAACVkkYRqp7wpUNgpNM
SODITA,Restaurant,,4.0,144,$$$,Open,Telliskivi tn 51a,10611,Tallinn,+372 5192 9907,https://sodita.ee/,Mon 17:00-00:00; Tue 17:00-00:00; Wed 17:00-00:00; Thu 17:00-00:00; Fri 17:00-02:00; Sat 17:00-02:00; Sun closed,,59.439115,24.726435,https://maps.google.com/?cid=17223061964416773877,ChIJ06VElcqVkkYR9W6a3ZqbBO8
kot.NOBLESSNER,Fast Food Restaurant,American,4.0,130,$,Open,Peetri tn 12,10411,Tallinn,,https://www.eatkot.com/,Mon 11:00-23:00; Tue 11:00-23:00; Wed 11:00-23:00; Thu 11:00-23:00; Fri 11:00-23:00; Sat 11:00-23:00; Sun 12:00-21:00,Fast Food Restaurant; Chicken Restaurant; Hamburger Restaurant; Chicken Wings Restaurant; American Restaurant,59.452453,24.730824,https://maps.google.com/?cid=16481879219228644773,ChIJBe-wq-iTkkYRpRUEPdNlu-Q
Little India,Indian Restaurant,Indian,4.0,99,,Open,Merivälja tee 24,11911,Tallinn,+372 671 5709,http://www.littleindia.ee/,Mon 11:00-21:30; Tue 11:00-21:30; Wed 11:00-21:30; Thu 11:00-21:30; Fri 11:00-21:30; Sat 11:00-21:30; Sun closed,Indian Restaurant,59.468607,24.834851,https://maps.google.com/?cid=3843917684842897561,ChIJhaA6tH6TkkYRmSDntsRWWDU
PANNKOOGIMAJA,Restaurant,,4.0,96,$$,Open,Akadeemia tee 21-B127,12618,Tallinn,+372 684 4555,https://mymenuweb.com/int/restaurants/1762846/?utm_source=google_profile&utm_medium=google_profile&utm_campaign=admin,Mon 10:00-18:00; Tue 10:00-18:00; Wed 10:00-18:00; Thu 10:00-18:00; Fri 10:00-18:00; Sat 10:00-18:00; Sun 10:00-18:00,,59.397729,24.660799,https://maps.google.com/?cid=12740114933510527649,ChIJd8A90laVkkYRoVqLMQj7zbA
Noho Restaurant & Bar,Restaurant,,4.0,86,$$,Open,Viru väljak 3,10111,Tallinn,+372 622 2980,https://www.nordichotels.eu/restoranid/noho/,Mon 11:30-23:00; Tue 11:30-23:00; Wed 11:30-23:00; Thu 11:30-23:00; Fri 11:30-23:00; Sat 11:30-23:00; Sun 11:30-23:00,,59.437337,24.754739,https://maps.google.com/?cid=7700768029092730172,ChIJwWO2pbuTkkYRPNXB17if3mo
La Copa,Restaurant,,4.0,81,$$,Open,Telliskivi tn 62-1,10412,Tallinn,+372 5613 1454,https://www.instagram.com/lacopa.tallinn?igsh=MXFnZWI5aXJzamRrdA==,Mon 12:00-02:00; Tue 12:00-02:00; Wed 12:00-02:00; Thu 12:00-02:00; Fri 12:00-03:00; Sat 12:00-03:00; Sun 12:00-02:00,,59.440789,24.732578,https://maps.google.com/?cid=8243860651079152848,ChIJgTK5kbeTkkYR0LRklZUTaHI
Kebaboom Järve Keskus,Kebab Shop,Middle Eastern,4.0,66,$$,Open,Pärnu mnt. 238,11624,Tallinn,+372 5837 8873,https://kebaboom.ee/,Mon 11:00-21:00; Tue 11:00-21:00; Wed 11:00-21:00; Thu 11:00-21:00; Fri 11:00-21:00; Sat 11:00-21:00; Sun 11:00-19:00,Kebab Shop,59.393391,24.720241,https://maps.google.com/?cid=12070671771349275444,ChIJbef6lD2VkkYRNNOb2wWkg6c
Pizzakiosk Peetri,Pizza Restaurant,Pizza,4.0,57,$,Open,Küti tee 4,75312,Peetri,+372 5892 1010,https://www.pizzakiosk.ee/,Mon 10:00-21:00; Tue 10:00-21:00; Wed 10:00-21:00; Thu 10:00-21:00; Fri 10:00-21:00; Sat 10:00-21:00; Sun 10:00-21:00,Pizza Restaurant,59.397629,24.804824,https://maps.google.com/?cid=4946170465809793026,ChIJa9tkVMLrkkYRAgAfLdVTpEQ
Hesburger Tallinn Merimetsa Selver,Hamburger Restaurant,American,4.0,55,,Open,Paldiski mnt 56,10617,Tallinn,+372 5558 8911,https://www.hesburger.ee/restoranid?tid=666,Mon 09:00-21:30; Tue 09:00-21:30; Wed 09:00-21:30; Thu 09:00-21:30; Fri 09:00-21:30; Sat 09:00-21:30; Sun 09:00-21:30,Hamburger Restaurant; Fast Food Restaurant; Meal Takeaway; American Restaurant,59.430172,24.697773,https://maps.google.com/?cid=11036789099390200106,ChIJwTr_mGOUkkYRKmkO4jWNKpk
Meat & Bun Burger Järveotsa,Restaurant,,4.0,42,$,Open,Järveotsa tee 20,13520,Tallinn,+372 5770 5677,https://www.facebook.com/Meat-Bun-Burger-111381254062167,Mon 10:00-01:00; Tue 10:00-01:00; Wed 10:00-01:00; Thu 10:00-01:00; Fri 10:00-01:00; Sat 10:00-01:00; Sun 10:00-01:00,,59.406232,24.643507,https://maps.google.com/?cid=6274765908980097509,ChIJ92Fb1_-VkkYR5WF9XVlyFFc
Hesburger Tallinn Rocca Al Mare,Hamburger Restaurant,American,3.9,1149,$,Open,Paldiski mnt 98A,13522,Tallinn,+372 5850 1214,https://www.hesburger.ee/restoranid?tid=235,Mon 08:00-23:00; Tue 08:00-23:00; Wed 08:00-23:00; Thu 08:00-23:00; Fri 08:00-23:00; Sat 08:00-23:00; Sun 08:00-23:00,Hamburger Restaurant; Fast Food Restaurant; American Restaurant; Meal Takeaway,59.427500,24.660000,https://maps.google.com/?cid=14564261941040598311,ChIJUQCDPUCUkkYRJ013ExKnHso
Babyback Ribs & BBQ,American Restaurant,American,3.9,1076,$$,Open,Suur-Sõjamäe tn 4,11415,Tallinn,+372 607 7008,http://www.babyback.ee/,Mon 11:00-20:30; Tue 11:00-20:30; Wed 11:00-20:30; Thu 11:00-20:30; Fri 11:00-21:00; Sat 11:00-20:00; Sun 11:00-19:30,American Restaurant,59.421229,24.794340,https://maps.google.com/?cid=11562192804409801252,ChIJq2nCYFTrkkYRJHpssxgpdaA
Loca Food,Fast Food Restaurant,Pizza,3.9,899,$$,Open,Aia tn 7,10111,Tallinn,+372 5551 5235,http://www.loca.ee/,Mon 11:00-05:00; Tue 11:00-05:00; Wed 11:00-05:00; Thu 11:00-05:00; Fri 11:00-07:00; Sat 11:00-07:00; Sun 11:00-05:00,Fast Food Restaurant; Vegetarian Restaurant; Pizza Restaurant; Food Store,59.438261,24.750802,https://maps.google.com/?cid=471272856432064165,ChIJHaZMX56UkkYRpbbqfypMigY
Hesburger Tallinn Magistral,Hamburger Restaurant,American,3.9,847,,Open,Sõpruse pst 201,13419,Tallinn,+372 5558 3502,https://www.hesburger.ee/restoranid?tid=579,Mon 08:00-23:00; Tue 08:00-23:00; Wed 08:00-23:00; Thu 08:00-23:00; Fri 08:00-23:00; Sat 08:00-23:00; Sun 08:00-23:00,Hamburger Restaurant; Fast Food Restaurant; Meal Takeaway; American Restaurant,59.401465,24.697449,https://maps.google.com/?cid=13116206029474470809,ChIJ8-BLyPyUkkYRmZupI-QfBrY
Cinnamon Restoran,Restaurant,,3.9,705,$$,Open,"Pikk tn 14, Mündi tn 4",10123,Tallinn,+372 5695 6092,https://www.cinnamonrestoran.com/,Mon 11:00-23:00; Tue 11:00-23:00; Wed 11:00-23:00; Thu 11:00-23:00; Fri 11:00-00:00; Sat 11:00-00:00; Sun 11:00-23:00,,59.437958,24.745279,https://maps.google.com/?cid=14016806043941271576,ChIJMds32VGTkkYRGPiqLtWyhcI
KFC Rocca Al Mare,Fast Food Restaurant,,3.9,488,$,Open,"Rocca Al Mare Mall, Paldiski mnt 102",13522,Tallinn,+372 5193 1499,https://kfc.ee/,Mon 10:00-21:00; Tue 10:00-21:00; Wed 10:00-21:00; Thu 10:00-21:00; Fri 10:00-21:00; Sat 10:00-21:00; Sun 10:00-19:00,Fast Food Restaurant; Coffee Shop; Cafe; Food Store,59.426259,24.652306,https://maps.google.com/?cid=16413299288524569411,ChIJ44QxJR2VkkYRQ7ut1L3Ax-M
Hesburger Tallinn Arsenali keskus,Hamburger Restaurant,American,3.9,406,,Open,Erika tn 4,10416,Tallinn,+372 5556 7996,https://www.hesburger.ee/restoranid?tid=1287,Mon 08:00-22:00; Tue 08:00-22:00; Wed 08:00-22:00; Thu 08:00-22:00; Fri 08:00-22:00; Sat 08:00-22:00; Sun 08:00-22:00,Hamburger Restaurant; Fast Food Restaurant; Meal Takeaway; American Restaurant,59.451613,24.718623,https://maps.google.com/?cid=4006331844990629045,ChIJbWKUfISTkkYRtXQAKZZZmTc
New York Pizza Mustamäe keskus,Pizza Restaurant,Pizza,3.9,322,$$,Open,A. H. Tammsaare tee 104a,12918,Tallinn,+372 601 0204,http://www.newyorkpizza.ee/,Mon 11:00-03:00; Tue 11:00-03:00; Wed 11:00-03:00; Thu 11:00-03:00; Fri 11:00-06:00; Sat 11:00-06:00; Sun 11:00-03:00,Pizza Restaurant,59.408280,24.689185,https://maps.google.com/?cid=12412332877985233093,ChIJlSo5s_mUkkYRxTg2Ov12Qaw
Chopsticks,Chinese Restaurant,Chinese,3.9,269,$$,Open,Sõpruse pst 201/203,13419,Tallinn,+372 676 6471,http://chopsticks.ee/en/address/tallinn-magistrali/,Mon 10:00-21:00; Tue 10:00-21:00; Wed 10:00-21:00; Thu 10:00-21:00; Fri 10:00-21:00; Sat 10:00-21:00; Sun 10:00-21:00,Chinese Restaurant; Fast Food Restaurant,59.401472,24.697729,https://maps.google.com/?cid=8179286935857967610,ChIJ76LHsfyUkkYR-rHO5yGqgnE
Domberg Restaurant,Restaurant,,3.9,258,$$,Open,Piiskopi tn 1,10130,Tallinn,+372 644 6076,,Mon 10:00-22:00; Tue 10:00-22:00; Wed 10:00-22:00; Thu 10:00-22:00; Fri 10:00-22:00; Sat 10:00-22:05; Sun 10:00-19:00,,59.436203,24.739504,https://maps.google.com/?cid=10133012056660429756,ChIJHxVgcJ2UkkYRvMv-Tcewn4w
Reval Café KUMU,Cafe,,3.9,229,$$,Open,"Weizenbergi 34/Valge 1, Valge tn 1",10127,Tallinn,+372 602 6164,https://revalcafe.ee/kohvik/kumu/,Mon 10:00-15:00; Tue 10:00-19:00; Wed 10:00-19:00; Thu 10:00-20:00; Fri 10:00-19:00; Sat 10:00-19:00; Sun 10:00-19:00,Cafe,59.436562,24.795569,https://maps.google.com/?cid=14606411879642182537,ChIJrcy15oOTkkYRiTMeaTdmtMo
Kebaboom Balti Jaam,Kebab Shop,Middle Eastern,3.9,223,$,Open,Kopli tn 1,10149,Tallinn,+372 5880 4568,https://kebaboom.ee/,Mon 10:30-20:00; Tue 10:30-20:00; Wed 10:30-20:00; Thu 10:30-20:00; Fri 10:30-20:00; Sat 10:30-20:00; Sun 10:30-18:00,Kebab Shop,59.441070,24.735312,https://maps.google.com/?cid=988275390985823485,ChIJ8_dF74CTkkYR_WT4YzsPtw0
MySushi Mustamäe Keskus,Sushi Restaurant,Japanese,3.9,217,$$,Open,A. H. Tammsaare tee 104a,12918,Tallinn,+372 882 8888,https://mustamae.mysushi.ee/,Mon 11:00-22:00; Tue 11:00-22:00; Wed 11:00-22:00; Thu 11:00-22:00; Fri 11:00-23:00; Sat 11:00-23:00; Sun 11:00-22:00,Sushi Restaurant; Cafe; Meal Takeaway; Japanese Restaurant,59.408165,24.689811,https://maps.google.com/?cid=15125957726559499833,ChIJF8MaJQWVkkYROXYnW2ky6tE
Mangal Grill Sikupilli,Restaurant,,3.9,198,$$,Open,Tartu mnt 87,10112,Tallinn,+372 5833 3911,https://mangalgrill.ee/,Mon 12:00-21:00; Tue 12:00-21:00; Wed 12:00-21:00; Thu 12:00-21:00; Fri 12:00-21:00; Sat 12:00-21:00; Sun 12:00-21:00,,59.426130,24.782551,https://maps.google.com/?cid=16473893663321811664,ChIJr38Gu6uVkkYR0OraHQEHn-Q
Kägu Restoran-Garden,Restaurant,,3.9,176,$$,Open,Pikk tn 9,10146,Tallinn,+372 5621 8007,,Mon 09:00-22:00; Tue 09:00-22:00; Wed 11:00-22:00; Thu 11:00-22:00; Fri 11:00-23:00; Sat 11:00-23:00; Sun 11:00-21:00,,59.436222,24.740672,https://maps.google.com/?cid=11543538772873250472,ChIJ0XSfFNyTkkYRqAYPiFrjMqA
Shaurma Kebab,Middle Eastern Restaurant,Middle Eastern,3.9,176,$,Open,Suur-Karja tn 18a,10146,Tallinn,+372 5552 5529,https://shaurmakebab.ee/et,Mon 11:00-23:00; Tue 11:00-23:00; Wed 11:00-23:00; Thu 11:00-23:00; Fri 11:00-06:00; Sat 11:00-06:00; Sun 11:00-23:00,Fast Food Restaurant; Middle Eastern Restaurant; Turkish Restaurant; Eastern European Restaurant; European Restaurant,59.434469,24.746526,https://maps.google.com/?cid=4650898713326422780,ChIJz0Hy8f-VkkYR_Iok_rxPi0A
Royal Asian Restoran,Asian Restaurant,Asian,3.9,152,$$,Open,Kaarli pst 9,10119,Tallinn,+372 5636 3463,http://www.royalasianrestoran.com/,Mon 12:00-00:00; Tue 12:00-00:00; Wed 12:00-00:00; Thu 12:00-00:00; Fri 12:00-00:00; Sat 12:00-00:00; Sun 12:00-00:00,Asian Restaurant,59.431988,24.741183,https://maps.google.com/?cid=16340700550474014697,ChIJqZBZLCSVkkYR6Z8I7JLUxeI
Restoran Mangal Grill Tähesaju,Family Restaurant,,3.9,129,$$,Open,Tähesaju tee 1,13917,Tallinn,+372 5888 8911,https://mangalgrill.ee/,Mon 12:00-21:00; Tue 12:00-21:00; Wed 12:00-21:00; Thu 12:00-21:00; Fri 12:00-21:00; Sat 12:00-21:00; Sun 12:00-21:00,Family Restaurant,59.441645,24.849572,https://maps.google.com/?cid=6579609947170727520,ChIJGyiHkHXtkkYRYOa8_WJ4T1s
Virbi Peetri Pizza,Restaurant,,3.9,104,$,Open,Virbi tn 8,13629,Tallinn,+372 5302 2278,http://peetripizza.ee/,Mon 11:00-22:00; Tue 11:00-22:00; Wed 11:00-22:00; Thu 11:00-22:00; Fri 11:00-23:00; Sat 11:00-23:00; Sun 11:00-23:00,,59.441094,24.843066,https://maps.google.com/?cid=4231729948651385656,ChIJbWVHVMfskkYROHO_tvcfujo
Sushi House Kristiine,Takeout Restaurant,,3.9,96,$$,Open,Endla tn 53,10615,Tallinn,+372 5831 1412,http://sushihouse.ee/,Mon 10:30-21:30; Tue 10:30-21:30; Wed 10:30-21:30; Thu 10:30-21:30; Fri 10:30-21:30; Sat 10:30-21:30; Sun 10:30-21:31,Meal Takeaway,59.427488,24.715696,https://maps.google.com/?cid=14743378001016724399,ChIJpbBmdg-VkkYRrxvpmy0Am8w
MEZE Viru Keskus Food Hall,Restaurant,,3.9,77,$$,Open,Viru väljak 4,10111,Tallinn,+372 5611 1650,http://www.meze.ee/,Mon 11:00-21:00; Tue 11:00-21:00; Wed 11:00-21:00; Thu 11:00-21:00; Fri 11:00-23:00; Sat 11:00-23:00; Sun 11:00-21:00,,59.436485,24.754911,https://maps.google.com/?cid=335106005565953491,ChIJX_5Cg_GTkkYR09Xb9yKJpgQ
Sushiro Kesklinn,Japanese Restaurant,Japanese,3.9,49,$,Open,Viru 13-15,10111,Tallinn,+372 5629 3777,https://wolt.com/et/est/tallinn/restaurant/sushiro-vanalinn,Mon 12:00-00:00; Tue 12:00-00:00; Wed 12:00-00:00; Thu 12:00-00:00; Fri 12:00-00:00; Sat 12:00-00:00; Sun 12:00-00:00,Japanese Restaurant,59.436783,24.749206,https://maps.google.com/?cid=17607179778037207498,ChIJJc1jRZOVkkYRylFZprhEWfQ
Plus Kohvik Ülemiste Tervisemaja 1,Restaurant,,3.9,45,$,Open,"Ülemiste City, Valukoja tn 7",11415,Tallinn,+372 5885 9505,http://pluskohvikud.ee/,Mon 10:00-16:00; Tue 10:00-16:00; Wed 10:00-16:00; Thu 10:00-16:00; Fri 10:00-16:00; Sat closed; Sun closed,,59.420663,24.806556,https://maps.google.com/?cid=8561827812931921949,ChIJa_Oh5xXrkkYRHejdiQi50XY
MySushi Pirita Keskus,Restaurant,,3.9,30,$$,Open,Merivälja tee 24,12112,Tallinn,+372 5777 7720,https://takeaway-pirita.mysushi.menu/,Mon 11:00-21:00; Tue 11:00-21:00; Wed 11:00-21:00; Thu 11:00-21:00; Fri 11:00-22:00; Sat 11:00-22:00; Sun 11:00-21:00,,59.468688,24.835210,https://maps.google.com/?cid=17913200185837469820,ChIJhe_E2A-TkkYRfMBNK6l4mPg
Padellino,Italian Restaurant,Italian,3.9,29,$$,Temporarily closed,Suur-Karja tn 11,10140,Tallinn,,,,Italian Restaurant; European Restaurant,59.435669,24.746479,https://maps.google.com/?cid=16242702949350269802,ChIJ86EdXACVkkYRamM2YEasaeE
Foodstop OÜ,Restaurant,,3.9,28,$,Open,Lastekodu tn 46,10112,Tallinn,+372 514 0554,,Mon 07:30-20:00; Tue 07:30-20:00; Wed 07:30-20:00; Thu 07:30-20:00; Fri 07:30-20:00; Sat 07:30-20:00; Sun 07:30-20:00,,59.427408,24.774014,https://maps.google.com/?cid=2326696805693464809,ChIJbQHyZ6iUkkYR6SBl22oWSiA
McDonald's Viru,Fast Food Restaurant,American,3.8,10388,$,Open,Viru 24,10140,Tallinn,+372 5561 7011,https://www.mcdonalds.ee/,Mon 07:00-01:00; Tue 07:00-01:00; Wed 07:00-01:00; Thu 07:00-04:00; Fri 07:00-05:00; Sat 07:00-05:00; Sun 07:00-01:00,Fast Food Restaurant; Hamburger Restaurant; American Restaurant,59.436475,24.749878,https://maps.google.com/?cid=17321614607265636669,ChIJ8QEOwGGTkkYRPSFJIra8YvA
KFC,Chicken Restaurant,,3.8,1843,$$,Open,Endla tn 45,10615,Tallinn,+372 5345 9609,https://kfc.ee/,Mon 09:00-00:00; Tue 09:00-00:00; Wed 09:00-00:00; Thu 09:00-00:00; Fri 09:00-04:00; Sat 09:00-04:00; Sun 09:00-00:00,Chicken Restaurant,59.427325,24.723099,https://maps.google.com/?cid=10242591019047393748,ChIJr4ICHpuVkkYR1BntpUP-JI4
KFC Ülemiste Centre,Chicken Restaurant,,3.8,1698,$$,Open,Suur-Sõjamäe tn 4,11415,Tallinn,+372 5303 3362,https://kfc.ee/,Mon 09:00-22:00; Tue 09:00-22:00; Wed 09:00-22:00; Thu 09:00-22:00; Fri 09:00-22:00; Sat 09:00-22:00; Sun 09:00-22:00,Chicken Restaurant,59.422498,24.793846,https://maps.google.com/?cid=6542904617675286663,ChIJ6U8vlt3rkkYRh2jMfxURzVo
Hesburger Tallinn Sõle,Hamburger Restaurant,American,3.8,1009,,Open,Sõle tn 25a-1,10614,Tallinn,+372 5553 7735,https://www.hesburger.ee/restoranid?tid=1290,Mon 08:00-23:00; Tue 08:00-23:00; Wed 08:00-23:00; Thu 08:00-23:00; Fri 08:00-23:00; Sat 08:00-23:00; Sun 08:00-23:00,Hamburger Restaurant; Fast Food Restaurant; Meal Takeaway; American Restaurant,59.437802,24.708578,https://maps.google.com/?cid=6285676588134630542,ChIJnVKjfH6UkkYRjgTB0I01O1c
Domino's Pizza Mustamäe Keskus,Pizza Restaurant,Pizza,3.8,809,$$,Open,A. H. Tammsaare tee 104a,12918,Tallinn,+372 633 3303,https://dominospizza.ee/et/tallinn/,Mon 10:00-22:00; Tue 10:00-22:00; Wed 10:00-22:00; Thu 10:00-22:00; Fri 10:00-23:00; Sat 10:00-23:00; Sun 10:00-22:00,Pizza Restaurant; Fast Food Restaurant,59.408273,24.689706,https://maps.google.com/?cid=16327794566733054257,ChIJ0z6sQaaVkkYRMUGta6b6l-I
McDonald's,Fast Food Restaurant,,3.8,785,$,Open,J. Smuuli tee 43-1,11415,Tallinn,+372 5394 3802,https://mcdonalds.ee/,Mon 07:00-00:00; Tue 07:00-00:00; Wed 07:00-00:00; Thu 07:00-00:00; Fri 07:00-00:00; Sat 07:00-00:00; Sun 07:00-00:00,Fast Food Restaurant,59.428882,24.838464,https://maps.google.com/?cid=6006799600646548052,ChIJV8jphKftkkYRVOp-UWlwXFM
KFC Tondi,Fast Food Restaurant,,3.8,670,$$,Open,A. H. Tammsaare tee 62,11316,Tallinn,+372 5323 9972,https://www.kfc.ee/,Mon 09:00-23:00; Tue 09:00-23:00; Wed 09:00-23:00; Thu 09:00-23:00; Fri 09:00-23:00; Sat 09:00-23:00; Sun 09:00-23:00,Fast Food Restaurant; Chicken Restaurant,59.402868,24.713620,https://maps.google.com/?cid=11982857096460826400,ChIJV9fAIrCVkkYRIPfQlAqpS6Y
Viru Kebab baar,Turkish Restaurant,Turkish,3.8,549,$,Open,Viru 17,10140,Tallinn,,,Mon 10:00-06:00; Tue 10:00-06:00; Wed 10:00-06:00; Thu 10:00-06:00; Fri 10:00-06:00; Sat 10:00-06:00; Sun 10:00-06:00,Fast Food Restaurant; Turkish Restaurant,59.436626,24.749635,https://maps.google.com/?cid=12604187826891792217,ChIJh_Wkd4eTkkYRWR8weAwS664
MySushi Stockmann,Sushi Restaurant,Japanese,3.8,489,$$,Open,Liivalaia tn 53,10145,Tallinn,+372 788 8887,https://stockmann.mysushi.ee/,Mon 11:30-20:00; Tue 11:30-21:00; Wed 11:30-21:00; Thu 11:30-21:00; Fri 11:30-21:00; Sat 12:00-21:00; Sun 12:00-19:00,Sushi Restaurant; Cafe; Japanese Restaurant; Meal Takeaway,59.432655,24.762085,https://maps.google.com/?cid=14779060550721962739,ChIJx4rzYV-TkkYR84LFn0TFGc0
Chi Nautica,Asian Restaurant,Asian,3.8,469,$$,Open,Lootsi tn 12a,10151,Tallinn,+372 631 1909,https://www.chirestoran.ee/,Mon 10:00-21:00; Tue 10:00-21:00; Wed 10:00-21:00; Thu 10:00-21:00; Fri 10:00-21:00; Sat 10:00-21:00; Sun 10:00-21:00,Asian Restaurant,59.441109,24.761423,https://maps.google.com/?cid=11187460731744618185,ChIJGyq-eWeTkkYRyQZFBkPYQZs
F.Burger,Hamburger Restaurant,American,3.8,351,$$,Open,Viru väljak 4-6,10111,Tallinn,+372 5345 5542,http://fburger.ee/,Mon 11:00-21:00; Tue 11:00-21:00; Wed 11:00-21:00; Thu 11:00-21:00; Fri 11:00-22:00; Sat 11:00-22:00; Sun 11:00-20:00,Hamburger Restaurant; Fine Dining Restaurant; Coffee Shop; Cafe; American Restaurant; Food Store,59.436233,24.755768,https://maps.google.com/?cid=17437920684789092005,ChIJUfYMCRDtkkYRpU5KBnnw__E
"Laif Karaoke Club & Restoran ""Monroe""",Restaurant,,3.8,310,$$,Open,Lai 5,10133,Tallinn,+372 5341 1541,,Mon closed; Tue 12:00-21:00; Wed 12:00-21:00; Thu 12:00-23:00; Fri 12:00-05:00; Sat 12:00-05:00; Sun 09:00-21:00,Catering Service; Food Delivery; Night Club; Bar; Service,59.438588,24.743969,https://maps.google.com/?cid=11717864111285126074,ChIJxehxV2KTkkYRusNyR1M3nqI
Little India In Mustamäe Center,Indian Restaurant,Indian,3.8,246,$$,Open,A. H. Tammsaare tee 104a,12918,Tallinn,+372 602 3346,http://www.littleindia.ee/,Mon 10:00-21:00; Tue 10:00-21:00; Wed 10:00-21:00; Thu 10:00-21:00; Fri 10:00-21:00; Sat 10:00-21:00; Sun 10:00-21:00,Indian Restaurant,59.408477,24.688110,https://maps.google.com/?cid=16498145773843055155,ChIJG0FstPmUkkYRMwKHnisw9eQ
NuFace Balti Jaama turg,Chinese Restaurant,Chinese,3.8,173,$,Open,Kopli tn 1,10412,Tallinn,+372 5781 8540,http://www.nuface.ee/,Mon 09:00-20:00; Tue 09:00-20:00; Wed 09:00-20:00; Thu 09:00-20:00; Fri 09:00-20:00; Sat 09:00-20:00; Sun 09:00-18:00,Chinese Restaurant; Asian Restaurant,59.441214,24.734542,https://maps.google.com/?cid=13566943557711960002,ChIJj8wi57WTkkYRwhcy9Uh3R7w
MySushi Magistrali,Sushi Restaurant,Japanese,3.8,160,$$,Open,Sõpruse pst 201/203,13419,Tallinn,+372 711 8800,http://magistral.mysushi.ee/,Mon 11:30-21:00; Tue 11:30-21:00; Wed 11:30-21:00; Thu 11:30-21:00; Fri 11:30-22:00; Sat 12:00-22:00; Sun 12:00-21:00,Sushi Restaurant; Japanese Restaurant,59.401601,24.697653,https://maps.google.com/?cid=16968219148578888196,ChIJbb6eN-CVkkYRBJoGBmo5e-s
Nuudel Kesklinn,Asian Restaurant,Thai,3.8,94,$$,Open,Mardi tn 1,10145,Tallinn,+372 5676 4690,,Mon 11:00-22:00; Tue 11:00-22:00; Wed 11:00-22:00; Thu 11:00-22:00; Fri 11:00-23:00; Sat 11:00-23:00; Sun 11:00-20:00,Asian Restaurant; Thai Restaurant,59.430719,24.761913,https://maps.google.com/?cid=3108117300344202556,ChIJY4eHw7yVkkYRPCVDlzdAIis
MySushi Smuuli Maxima,Sushi Restaurant,Japanese,3.8,84,$$,Open,J. Smuuli tee 9,13628,Tallinn,+372 788 8877,https://smuuli.mysushi.ee/,Mon 12:00-21:00; Tue 12:00-21:00; Wed 12:00-21:00; Thu 12:00-21:00; Fri 11:00-21:00; Sat 11:00-21:00; Sun 12:00-21:00,Sushi Restaurant; Cafe; Meal Takeaway; Japanese Restaurant,59.443594,24.822901,https://maps.google.com/?cid=11907600742377519582,ChIJbZ2ALj3tkkYR3vmWOMlLQKU
BurX,Fast Food Restaurant,,3.8,68,$$,Open,Artelli tn 19,10621,Tallinn,,,Mon 11:00-03:00; Tue 11:00-03:00; Wed 11:00-03:00; Thu 11:00-03:00; Fri 11:00-03:00; Sat 11:00-03:00; Sun 11:00-03:00,Fast Food Restaurant,59.416339,24.686040,https://maps.google.com/?cid=8385708588449939076,ChIJ1ceHPYeVkkYRhD6AJIgFYHQ
Sikupilli Pizzakiosk,Takeout Restaurant,,3.8,60,$$,Open,Tartu mnt 87,10112,Tallinn,+372 600 2009,https://www.pizzakiosk.ee/,Mon 10:00-21:00; Tue 10:00-21:00; Wed 10:00-21:00; Thu 10:00-21:00; Fri 10:00-21:00; Sat 10:00-21:00; Sun 10:00-21:00,Fast Food Restaurant; Meal Takeaway,59.426343,24.783440,https://maps.google.com/?cid=9662801709220640416,ChIJ8cG1PKqUkkYRoDYidfUqGYY
Marii Bistroo,Bistro,,3.8,43,$,Open,Mustamäe tee 16,10621,Tallinn,+372 5385 5017,,Mon 09:30-16:30; Tue 09:30-16:30; Wed 09:30-16:30; Thu 09:30-16:30; Fri 09:30-16:30; Sat closed; Sun closed,Bistro,59.422484,24.697719,https://maps.google.com/?cid=4852261510451019935,ChIJdcDlH2CUkkYRn8C7pyKyVkM
Tantra restaurant,Indian Restaurant,Indian,3.8,40,$$,Open,Nunne tn 7,10133,Tallinn,+372 675 5590,https://www.tantrarestoran.com/?utm_source=google&utm_medium=wix_google_business_profile&utm_campaign=12083657740984807712,Mon 12:00-22:30; Tue 12:00-22:30; Wed 12:00-22:30; Thu 12:00-22:30; Fri 12:00-22:30; Sat 12:00-22:30; Sun 12:00-22:30,Indian Restaurant,59.438490,24.742619,https://maps.google.com/?cid=5883344475849813401,ChIJbyjJsO6TkkYRme1IJqHWpVE
Burger King,Fast Food Restaurant,,3.7,1397,$,Open,Toompuiestee 37,10149,Tallinn,+372 5366 5977,http://www.burgerking.ee/,Mon 11:00-22:00; Tue 11:00-22:00; Wed 11:00-22:00; Thu 11:00-22:00; Fri 11:00-01:00; Sat 11:00-01:00; Sun 11:00-22:00,Fast Food Restaurant,59.440594,24.738143,https://maps.google.com/?cid=5599585752807487535,ChIJwfhV4H6TkkYRL7htBZO5tU0
Subway,Sandwich Shop,,3.7,260,$$,Open,"Tartu Mtn 101, Gate 7",10112,Tallinn,+372 5304 5945,https://restaurants.subway.com/et/eesti/tallinn/tartu-mtn-101?utm_source=yxt-goog&utm_medium=local&utm_term=acq&utm_content=59862&utm_campaign=evergreen-2020&y_source=1_MTQ5MjM5NDYtNzE1LWxvY2F0aW9uLndlYnNpdGU%3D,Mon 06:00-20:00; Tue 06:00-20:00; Wed 06:00-20:00; Thu 06:00-20:00; Fri 06:00-21:00; Sat 06:00-21:00; Sun 06:00-21:00,Sandwich Shop; Fast Food Restaurant; Meal Takeaway,59.416348,24.801325,https://maps.google.com/?cid=8338951087144269836,ChIJ0SLd6FDrkkYRDHiXBNXnuXM
Vrapikohvik Wrap ́n ́Roll Balti Jaama Turul,Fast Food Restaurant,,3.7,127,$,Open,Kopli tn 1,10411,Tallinn,+372 5691 0050,https://www.vrapikohvik.ee/,Mon 09:00-20:00; Tue 09:00-20:00; Wed 09:00-20:00; Thu 09:00-20:00; Fri 09:00-20:00; Sat 09:00-20:00; Sun 09:00-18:00,Fast Food Restaurant,59.441067,24.735275,https://maps.google.com/?cid=9067602763364763775,ChIJORLH-XyTkkYRfwi1yquY1n0
LIT Magistrali,Takeout Restaurant,,3.7,98,$,Open,Sõpruse pst 201/203,13419,Tallinn,+372 755 5004,http://www.litwagon.ee/,Mon 12:00-22:00; Tue 12:00-22:00; Wed 12:00-22:00; Thu 12:00-22:00; Fri 12:00-01:00; Sat 12:00-01:00; Sun 12:00-22:00,Meal Takeaway,59.401202,24.697261,https://maps.google.com/?cid=6361151983498394930,ChIJwSZmCcmVkkYRMn2xsgZaR1g
Maama Pizza Kadaka,Pizza Restaurant,Pizza,3.7,75,$$,Open,Kadaka tee 177,12615,Tallinn,+372 677 5662,https://maamapizza.ee/,Mon 12:00-00:00; Tue 12:00-00:00; Wed 12:00-00:00; Thu 12:00-00:00; Fri 12:00-00:00; Sat 12:00-00:00; Sun 12:00-00:00,Pizza Restaurant,59.404615,24.657013,https://maps.google.com/?cid=16672222224284249126,ChIJPV-xsWaVkkYRJuzVnsehX-c
Tin Bhai Kebab And Curry,Restaurant,,3.7,63,$,Open,Akadeemia tee,12616,Tallinn,+372 5564 3944,,Mon 11:00-02:00; Tue 11:00-02:00; Wed 11:00-02:00; Thu closed; Fri closed; Sat 11:00-04:00; Sun 11:00-02:00,,59.396964,24.668578,https://maps.google.com/?cid=14821873867356129664,ChIJyRYVcdiVkkYRgEloscDfsc0
Hesburger Tallinn Viru tn.,Hamburger Restaurant,American,3.6,3418,,Open,Viru 27A,10148,Tallinn,+372 5850 1212,https://www.hesburger.ee/restoranid?tid=233,Mon 08:00-23:00; Tue 08:00-23:00; Wed 08:00-23:00; Thu 08:00-23:00; Fri 08:00-07:00; Sat 08:00-07:00; Sun 08:00-23:00,Hamburger Restaurant; Fast Food Restaurant; American Restaurant; Meal Takeaway,59.436741,24.751941,https://maps.google.com/?cid=15772995994784594705,ChIJIRAesmGTkkYREXvL0Enw5No
BabyBack Ribs & BBQ,American Restaurant,American,3.6,1038,$$,Open,Lootsi tn 7-10151,10151,Tallinn,+372 601 5544,https://babyback.ee/,Mon 11:00-20:00; Tue 11:00-20:00; Wed 11:00-20:00; Thu 11:00-20:00; Fri 11:00-20:00; Sat 11:00-20:00; Sun 11:00-19:30,American Restaurant,59.441460,24.761834,https://maps.google.com/?cid=17595169379422550089,ChIJrQ5hiF2TkkYRSbhPz1OZLvQ
Hesburger Tallinn Nurmenuku,Hamburger Restaurant,American,3.6,677,,Open,Järveotsa tee 71,13511,Tallinn,+372 5551 2809,https://www.hesburger.ee/restoranid?tid=1242,Mon 08:00-21:00; Tue 08:00-21:00; Wed 08:00-21:00; Thu 08:00-21:00; Fri 08:00-21:00; Sat 08:00-21:00; Sun 08:00-21:00,Hamburger Restaurant; Fast Food Restaurant; Meal Takeaway; American Restaurant,59.413987,24.654385,https://maps.google.com/?cid=4900280010451832743,ChIJM5QrK0mUkkYRp8_t6rRKAUQ
Chopsticks Mustamäe Keskus,Asian Restaurant,Asian,3.6,205,$$,Open,A. H. Tammsaare tee 104a,12918,Tallinn,+372 602 3347,http://www.chopsticks.ee/,Mon 10:00-21:00; Tue 10:00-21:00; Wed 10:00-21:00; Thu 10:00-21:00; Fri 10:00-21:00; Sat 10:00-21:00; Sun 10:00-21:00,Asian Restaurant,59.408507,24.689055,https://maps.google.com/?cid=10886720105119978187,ChIJ5RNgtPmUkkYRy5LHWkFmFZc
MySushi Apollo Plaza,Restaurant,,3.6,82,$$,Open,Hobujaama tn 5,10151,Tallinn,+372 5831 1711,https://takeaway-plaza.mysushi.menu/,Mon 11:00-21:00; Tue 11:00-21:00; Wed 11:00-21:00; Thu 11:00-21:00; Fri 11:00-22:00; Sat 11:00-22:00; Sun 11:00-21:00,,59.438267,24.755964,https://maps.google.com/?cid=17194791094832217926,ChIJ0bY9jXqTkkYRRj-GGmYroO4
JETI's Tallinn,Restaurant,,3.6,63,,Open,Kuninga tn 8,10146,Tallinn,+372 655 7500,,Mon 11:00-21:00; Tue 11:00-21:00; Wed 11:00-21:00; Thu 11:00-21:00; Fri 11:00-21:00; Sat 11:00-21:00; Sun 11:00-21:00,,59.436508,24.744895,https://maps.google.com/?cid=10428393391217566786,ChIJiY3l-YeTkkYRQuSNjYkYuZA
Mama Shaurma,Shawarma Restaurant,Middle Eastern,3.6,57,$,Open,Kadaka tee 7,12611,Tallinn,+372 518 0852,,Mon 10:00-22:00; Tue 10:00-22:00; Wed 10:00-22:00; Thu 10:00-22:00; Fri 09:00-23:30; Sat 11:00-23:30; Sun 11:00-23:00,Shawarma Restaurant; Middle Eastern Restaurant,59.415949,24.678472,https://maps.google.com/?cid=14141057259881457454,ChIJJ7yn9_GVkkYRLmexw6cgP8Q
Sushi Vibes Kadaka,Takeout Restaurant,,3.6,29,$$,Open,Kadaka tee 7,12915,Tallinn,+372 518 0852,https://sushivibes.ee/,Mon 10:00-21:00; Tue 10:00-21:00; Wed 10:00-21:00; Thu 10:00-21:00; Fri 10:00-22:00; Sat 11:00-22:00; Sun 11:00-22:00,Meal Takeaway,59.415737,24.678141,https://maps.google.com/?cid=8886340621939301817,ChIJX6FObNiVkkYRud3Qu7afUns
Vihmametsa restoran,Restaurant,,3.6,25,$$,Open,Tallinn,13517,Tallinn,,,Mon 10:00-19:00; Tue 10:00-19:00; Wed 10:00-19:00; Thu 10:00-19:00; Fri 10:00-19:00; Sat 10:00-19:00; Sun 10:00-19:00,,59.420135,24.660767,https://maps.google.com/?cid=13489297634006805100,ChIJi7AUVQCVkkYRbCp-kLqcM7s
"Amarillo Viru, Tallinn",Restaurant,,3.5,1723,$$,Open,Viru väljak 4,10111,Tallinn,+372 5680 9340,https://www.raflaamo.fi/fi/ravintola/tallinna/amarillo-viru-tallinna,Mon 11:30-22:00; Tue 11:30-22:00; Wed 11:30-22:00; Thu 11:30-22:00; Fri 11:30-23:00; Sat 11:00-23:00; Sun 11:00-21:00,,59.436489,24.754791,https://maps.google.com/?cid=17957650700128512635,ChIJv2Y4XGCTkkYRe2q0BStkNvk
Burger King,Fast Food Restaurant,,3.5,839,$,Open,Viru 23,10111,Tallinn,+372 5308 0125,https://burgerking.ee/,Mon 11:30-22:00; Tue 11:30-22:00; Wed 11:30-22:00; Thu 11:30-22:00; Fri 11:30-02:00; Sat 11:30-02:00; Sun 11:30-22:00,Fast Food Restaurant,59.436718,24.751227,https://maps.google.com/?cid=6656616973533568113,ChIJ1Qj3tkOTkkYRcdxNgd4NYVw
Maharaja Restaurant,Indian Restaurant,Indian,3.5,608,$$,Open,Harju 7,10146,Tallinn,+372 5699 0624,http://www.maharaja.ee/,Mon 11:00-22:30; Tue 11:00-22:30; Wed 11:00-22:30; Thu 11:00-22:30; Fri 11:00-22:30; Sat 11:00-22:30; Sun 11:00-22:30,Indian Restaurant; Family Restaurant; Vegetarian Restaurant,59.435431,24.744020,https://maps.google.com/?cid=12057731189217280453,ChIJtXKKPGKTkkYRxcFxyqGqVac
Cafe Velvet,Restaurant,,3.5,538,$$,Open,Supluse pst 1,11911,Tallinn,+372 5334 0200,http://cafevelvet.ee/,Mon 12:00-23:00; Tue 12:00-23:00; Wed 12:00-23:00; Thu 12:00-00:00; Fri 12:00-00:00; Sat 12:00-00:00; Sun 12:00-23:00,,59.471741,24.831129,https://maps.google.com/?cid=14648664397419102240,ChIJzSTvJNSSkkYRIMATUqiCSss
KFC Artius,Chicken Restaurant,,3.5,283,$$,Open,Narva mnt 5,10117,Tallinn,+372 5887 6162,https://kfc.ee/,Mon 09:00-00:00; Tue 09:00-00:00; Wed 09:00-00:00; Thu 09:00-00:00; Fri 09:00-04:00; Sat 09:00-04:00; Sun 09:00-00:00,Chicken Restaurant; Fast Food Restaurant,59.437610,24.757917,https://maps.google.com/?cid=11443713498215444347,ChIJ-feLEgCTkkYRe295lMs80J4
UusAasia Pirita,Restaurant,Japanese,3.5,200,$$,Open,"Pirita Keskus 2nd floor, Merivälja tee 24",11911,Tallinn,+372 5674 7153,http://www.uusaasia.ee/,Mon 10:30-22:00; Tue 10:30-22:00; Wed 10:30-22:00; Thu 10:30-22:00; Fri 10:30-22:00; Sat 10:30-22:00; Sun 10:30-22:00,Asian Restaurant; Sushi Restaurant; Japanese Restaurant; Indian Restaurant,59.468660,24.835084,https://maps.google.com/?cid=7670560848088118109,ChIJlRzPbh2TkkYRXbNPcnNOc2o
Kolm Tilli Tallinn,Pizza Restaurant,Pizza,3.5,184,$$,Open,Viru väljak 4,10111,Tallinn,+372 550 1333,https://sevensons.ee/kohad/kolm-tilli-tallinn/,Mon 11:00-21:00; Tue 11:00-21:00; Wed 11:00-21:00; Thu 11:00-21:00; Fri 11:00-22:00; Sat 11:00-22:00; Sun 11:00-21:00,Pizza Restaurant,59.436008,24.754697,https://maps.google.com/?cid=10586115910045013527,ChIJb23Lm26TkkYRFxZYIVVw6ZI
Nuudel Mustamäe,Thai Restaurant,Thai,3.5,60,$,Open,Akadeemia tee 21b,12618,Tallinn,+372 5461 6940,,Mon 11:00-22:00; Tue 11:00-22:00; Wed 11:00-22:00; Thu 11:00-22:00; Fri 11:00-22:00; Sat 11:00-22:00; Sun 12:00-20:00,Thai Restaurant,59.397825,24.660050,https://maps.google.com/?cid=17060442706200330595,ChIJ2ZfJrueVkkYRY4H5TUDewuw
Wall Street Burger Kadaka,Hamburger Restaurant,American,3.5,49,$$,Open,Kadaka tee 70c,12618,Tallinn,+372 5600 3719,https://wallst.ee/,Mon 12:00-01:00; Tue 12:00-01:00; Wed 12:00-01:00; Thu 12:00-01:00; Fri 12:00-01:00; Sat 12:00-01:00; Sun 12:00-01:00,Hamburger Restaurant; American Restaurant,59.406895,24.658817,https://maps.google.com/?cid=7616121521167538152,ChIJcaWzSF6VkkYR6Bdm6yvmsWk
Mad House,Restaurant,,3.5,35,$$,Temporarily closed,Viru 23,10148,Tallinn,+372 5807 9209,https://www.instagram.com/madhouse.lounge/,,Bar,59.436708,24.750768,https://maps.google.com/?cid=119969464639620723,ChIJv7vr9HmTkkYRcwa9q5c3qgE
Chi Restaurant,Asian Restaurant,Asian,3.4,327,$$,Open,Suur-Sõjamäe tn 4,11415,Tallinn,+372 630 2363,https://www.chirestoran.ee/,Mon 10:00-21:00; Tue 10:00-21:00; Wed 10:00-21:00; Thu 10:00-21:00; Fri 10:00-21:00; Sat 10:00-21:00; Sun 10:00-20:00,Asian Restaurant,59.421679,24.794488,https://maps.google.com/?cid=17725484408582409681,ChIJT2xIklTrkkYR0Y1H7SeS_fU
Restoran Italini,Italian Restaurant,Italian,3.4,150,$$,Open,Paldiski mnt 4,10149,Tallinn,+372 505 6497,https://italini.ee/,Mon 16:00-23:00; Tue 16:00-23:00; Wed 16:00-23:00; Thu 16:00-23:00; Fri 16:00-23:00; Sat 16:00-23:00; Sun 16:00-23:00,Italian Restaurant; European Restaurant,59.435463,24.731375,https://maps.google.com/?cid=11246175818508824581,ChIJPVKufQCVkkYRBXDOd1JxEpw
Mi Casa Burritos,Mexican Restaurant,Mexican,3.4,48,$,Open,Passenger Terminal,10112,Tallinn,,,Mon 10:00-20:00; Tue 10:00-20:00; Wed 10:00-20:00; Thu 10:00-20:00; Fri 10:00-20:00; Sat 10:00-20:00; Sun 10:00-20:00,Mexican Restaurant,59.416578,24.799533,https://maps.google.com/?cid=3583577915227845671,ChIJyYUm42zrkkYRJzQXliBtuzE
Meat & Bun Burger Peetri,Fast Food Restaurant,,3.4,47,$$,Open,Vägeva tee 3a,75312,Tallinn,+372 5555 8036,,Mon 10:30-23:00; Tue 10:30-23:00; Wed 10:30-23:00; Thu 10:30-23:00; Fri 10:30-00:00; Sat 11:30-00:00; Sun 11:30-23:00,Fast Food Restaurant,59.393265,24.819061,https://maps.google.com/?cid=12264538951705301440,ChIJLaxL6EuVkkYRwBFWPjJlNKo
Chef Lawash Mustamäe,Fast Food Restaurant,,3.4,39,$,Open,Artelli tn 19,10621,Tallinn,+372 5604 5645,https://cheflawash.ee/chef-lawash-mustamae,Mon 11:00-03:00; Tue 11:00-03:00; Wed 11:00-03:00; Thu 11:00-03:00; Fri 11:00-03:00; Sat 11:00-03:00; Sun 11:00-03:00,Fast Food Restaurant,59.416944,24.685751,https://maps.google.com/?cid=15982612512995813185,ChIJI8eyJgCVkkYRQSfUq2alzd0
Hesburger Tallinn Nautica Keskus,Hamburger Restaurant,American,3.3,726,,Open,Ahtri 9,10151,Tallinn,+372 5850 1218,https://www.hesburger.ee/restoranid?tid=238,Mon 08:00-22:00; Tue 08:00-22:00; Wed 08:00-22:00; Thu 08:00-22:00; Fri 08:00-22:00; Sat 08:00-22:00; Sun 08:00-22:00,Hamburger Restaurant; Fast Food Restaurant; Meal Takeaway; American Restaurant,59.440338,24.763103,https://maps.google.com/?cid=2625608768048724014,ChIJ03WADZ2TkkYRLvixckMJcCQ
Peetri Pizza Narva mnt,Pizza Restaurant,Pizza,3.3,117,$$,Open,Narva mnt 36a,10120,Tallinn,+372 5622 2288,https://peetripizza.ee/pizzeria/narva-mnt,Mon 12:00-01:00; Tue 12:00-01:00; Wed 12:00-01:00; Thu 12:00-01:00; Fri 12:00-01:00; Sat 12:00-01:00; Sun 12:00-01:00,Pizza Restaurant,59.438395,24.771759,https://maps.google.com/?cid=13503666577254396219,ChIJ26ijaZOTkkYROzGQ3jSpZrs
Peetri Pizza,Pizza Restaurant,Pizza,3.3,46,$,Open,Veesaare tee 2,75312,Peetri,+372 601 8011,https://peetripizza.ee/pizzeria/peetri-selver,Mon 11:00-20:00; Tue 11:00-20:00; Wed 11:00-20:00; Thu 11:00-20:00; Fri 11:00-21:00; Sat 11:00-21:00; Sun 11:00-20:00,Pizza Restaurant,59.402403,24.811292,https://maps.google.com/?cid=4911429284247340201,ChIJCcGOv0HrkkYRqYQDg-nmKEQ
Sushi Velvet,Sushi Restaurant,Japanese,3.3,41,$$$,Open,Supluse pst 1,11911,Tallinn,+372 5334 0200,http://sushivelvet.ee/,Mon 11:00-22:30; Tue 11:00-22:30; Wed 11:00-22:30; Thu 11:00-23:30; Fri 11:00-23:30; Sat 11:00-23:30; Sun 11:00-22:30,Sushi Restaurant; Japanese Restaurant,59.471926,24.831570,https://maps.google.com/?cid=7339096671706489906,ChIJk0-oO9SSkkYRMiRR6Ym12WU
Tule Estonia Restaurant,Restaurant,,3.2,1567,$$,Open,Raekoja plats 5,10146,Tallinn,+372 5669 7840,https://tuleestonia.ee/,Mon 11:00-23:00; Tue 11:00-23:00; Wed 11:00-23:00; Thu 11:00-23:00; Fri 11:00-01:00; Sat 10:00-01:00; Sun 11:00-23:00,,59.437193,24.744270,https://maps.google.com/?cid=14020712687559678038,ChIJm0GCa2KTkkYRVpjOh-eTk8I
Bella Ciao Restoran,Italian Restaurant,Italian,3.2,578,$$,Open,Kinga tn 1,10146,Tallinn,+372 673 0011,,Mon 11:30-00:00; Tue 11:30-00:00; Wed 11:30-00:00; Thu 11:30-00:00; Fri 10:30-00:00; Sat 11:30-00:00; Sun 11:30-00:00,Italian Restaurant; European Restaurant,59.437498,24.744463,https://maps.google.com/?cid=1172100710260257238,ChIJPdkBTeqTkkYR1rELzGIjRBA
MySushi Ülemiste,Sushi Restaurant,Japanese,3.2,152,$$,Open,Suur-Sõjamäe tn 4,11415,Tallinn,+372 715 5551,https://ulemiste.mysushi.ee/,Mon 11:00-22:00; Tue 11:00-22:00; Wed 11:00-22:00; Thu 11:00-22:00; Fri 11:00-22:00; Sat 11:00-22:00; Sun 11:00-22:00,Sushi Restaurant; Cafe; Meal Takeaway; Japanese Restaurant,59.421907,24.794422,https://maps.google.com/?cid=12663616375421200535,ChIJP-xF5HjrkkYRl-jMrP8zvq8
Hesburger Peetri Selver,Hamburger Restaurant,American,3.2,149,,Open,Veesaare tee 2,75312,Peetri,+372 5553 7881,https://www.hesburger.ee/restoranid?tid=665,Mon 08:00-22:00; Tue 08:00-22:00; Wed 08:00-22:00; Thu 08:00-22:00; Fri 08:00-22:00; Sat 08:00-22:00; Sun 08:00-22:00,Hamburger Restaurant; Fast Food Restaurant; Meal Takeaway; American Restaurant,59.402068,24.811756,https://maps.google.com/?cid=18318428149359434886,ChIJQU6YxkHrkkYRhtwVvlghOP4
MySushi Järve,Sushi Restaurant,Japanese,3.2,93,$$,Open,Pärnu mnt. 238,11624,Tallinn,+372 5777 7743,https://jarve.mysushi.ee/,Mon 10:00-21:00; Tue 10:00-21:00; Wed 10:00-21:00; Thu 10:00-21:00; Fri 10:00-22:00; Sat 10:00-22:00; Sun 10:00-21:00,Sushi Restaurant; Cafe; Japanese Restaurant; Meal Takeaway,59.392163,24.720950,https://maps.google.com/?cid=8933091230301023097,ChIJ4aj43saVkkYRees_-CS3-Hs
Hesburger Tallinn Solaris Keskus,Hamburger Restaurant,American,3.1,222,,Open,Estonia pst 9,10143,Tallinn,+372 5551 1237,https://www.hesburger.ee/restoranid?tid=436,Mon 10:00-21:00; Tue 10:00-21:00; Wed 10:00-21:00; Thu 10:00-21:00; Fri 10:00-21:00; Sat 10:00-21:00; Sun 10:00-21:00,Hamburger Restaurant; Fast Food Restaurant; Meal Takeaway; American Restaurant,59.433714,24.751047,https://maps.google.com/?cid=9785569740914822966,ChIJQ_pWwZ-UkkYRNg8KTNVTzYc
Hesburger Kristiine keskus,Hamburger Restaurant,American,3.1,120,,Open,Endla tn 45,10615,Tallinn,+372 520 9674,https://www.hesburger.ee/restoranid?tid=1397,Mon 08:00-22:00; Tue 08:00-22:00; Wed 08:00-22:00; Thu 08:00-22:00; Fri 08:00-22:00; Sat 08:00-22:00; Sun 08:00-22:00,Hamburger Restaurant; Fast Food Restaurant; Meal Takeaway; American Restaurant,59.426973,24.722789,https://maps.google.com/?cid=14856971707990152783,ChIJxdnzV6GVkkYRTxbIhA2RLs4
Lautanen Grill-Baar,Restaurant,,3.1,103,,Temporarily closed,"Sadama 6, Kai tn 5",10111,Tallinn,+372 5906 8800,,,Bar,59.443232,24.755402,https://maps.google.com/?cid=14633749815851296782,ChIJgZamh2aTkkYRDijBseyFFcs
Spice&Grill,Restaurant,,3.1,92,$$,Open,Mustamäe tee 39,10619,Tallinn,+372 5665 1819,,Mon 11:00-23:00; Tue 11:00-23:00; Wed 11:00-23:00; Thu 11:00-23:00; Fri 11:00-23:00; Sat 11:00-23:00; Sun 11:00-23:00,,59.422743,24.699309,https://maps.google.com/?cid=3764616424961360595,ChIJD-PWI_yVkkYR00JsVbGaPjQ
Chi & MySushi Viru,Sushi Restaurant,Japanese,3.0,376,$$,Open,Viru väljak 4-6,10111,Tallinn,+372 799 9977,https://viru.mysushi.ee/,Mon 11:00-21:00; Tue 11:00-21:00; Wed 11:00-21:00; Thu 11:00-21:00; Fri 11:00-23:00; Sat 11:00-23:00; Sun 11:00-21:00,Sushi Restaurant; Cafe; Japanese Restaurant; Meal Takeaway,59.435998,24.754664,https://maps.google.com/?cid=2574266329887422512,ChIJ6d8PK_-TkkYRMDgwhpahuSM
Estburger,Restaurant,,3.0,74,$,Temporarily closed,Harju tn 40a,10130,Tallinn,+372 5556 2032,,,,59.435008,24.742845,https://maps.google.com/?cid=7379740513361479191,ChIJbyfv652UkkYRF0Z4ueUaamY
Hesburger Tallinn Õismäe Maxima,Hamburger Restaurant,American,3.0,67,,Open,Ehitajate tee 148,13517,Tallinn,+372 5196 8400,https://www.hesburger.ee/restoranid?tid=1309,Mon 08:00-22:00; Tue 08:00-22:00; Wed 08:00-22:00; Thu 08:00-22:00; Fri 08:00-22:00; Sat 08:00-22:00; Sun 08:00-22:00,Hamburger Restaurant; Fast Food Restaurant; Meal Takeaway; American Restaurant,59.421087,24.650617,https://maps.google.com/?cid=15117023397168276095,ChIJk0YHQqWVkkYRf-J7sa90ytE
Restoran Grill 250°,Buffet Restaurant,,3.0,62,$$,Temporarily closed,Paldiski mnt 4,10149,Tallinn,+372 628 8153,http://www.facebook.com/restoranGrill250/?ref=page_internal,,Buffet Restaurant,59.435238,24.731198,https://maps.google.com/?cid=10915461947266638005,ChIJlcYoIIOUkkYRtSAf9s6Ce5c
Ülemiste Da Vinci Pasta & Pizza,Italian Restaurant,Italian,2.9,149,$$,Open,Suur-Sõjamäe tn 4,11415,Tallinn,+372 5770 3807,https://davinci.ee/restoran/en/da-vinci-restoranid/#ylemiste,Mon 10:00-21:00; Tue 10:00-21:00; Wed 10:00-21:00; Thu 10:00-21:00; Fri 10:00-21:00; Sat 10:00-21:00; Sun 10:00-19:00,Italian Restaurant; European Restaurant,59.421907,24.794422,https://maps.google.com/?cid=10385433387132115346,ChIJc9njYvjrkkYRktl9JqR4IJA
Makai,Sushi Restaurant,Japanese,2.9,41,$$,Open,Mere pst,10111,Tallinn,,http://www.makai.ee/,Mon 12:00-22:00; Tue 12:00-22:00; Wed 12:00-22:00; Thu 12:00-22:00; Fri 12:00-22:00; Sat 12:00-22:00; Sun 12:00-22:00,Sushi Restaurant; Japanese Restaurant,59.438195,24.754326,https://maps.google.com/?cid=7306926295129551810,ChIJq_LXYwCTkkYRwnMobcBqZ2U
K-Town Telliskivi,Korean Restaurant,Korean,2.3,74,$$,Open,Telliskivi tn 62a,10412,Tallinn,,,Mon 11:00-23:00; Tue 11:00-23:00; Wed 11:00-23:00; Thu 11:00-23:00; Fri 12:00-03:00; Sat 12:00-03:00; Sun 11:00-23:00,Korean Restaurant,59.440544,24.730324,https://maps.google.com/?cid=14591939696558538374,ChIJN_ETXACTkkYRhv5Ktdf7gMo
ChopSticks Järve keskus,Restaurant,,2.2,101,$$,Open,Pärnu mnt. 238,11624,Tallinn,+372 622 9161,http://www.chopsticks.ee/,Mon 10:00-21:00; Tue 10:00-21:00; Wed 10:00-21:00; Thu 10:00-21:00; Fri 10:00-21:00; Sat 10:00-21:00; Sun 10:00-19:00,,59.392163,24.720950,https://maps.google.com/?cid=2680661637318777277,ChIJD8GGW9-UkkYRvRlnb46fMyU
